SOF_Num,Logger_Num,Current_Date,Download_Time,Set_Temp,Process_Temp,Set_Humidity,Process_Humidity,UserID,Current_Time,LoggerID
85,2,30:00.0,30:00.0,40,40.1,75,74.6,12,22:40.0,99345
85,2,30:00.0,30:00.0,40,40,75,74.8,12,22:40.0,99361
85,2,30:00.0,30:00.0,40,40,75,74.8,12,22:40.0,99377
85,2,00:00.0,00:00.0,40,40,75,74.7,12,22:40.0,99393
85,2,00:00.0,00:00.0,40,40,75,74.6,12,22:40.0,99403
85,2,30:00.0,30:00.0,40,40,75,75.2,12,22:40.0,99412
85,2,00:00.0,00:00.0,40,40,75,74.9,12,22:40.0,99417
85,2,00:00.0,00:00.0,40,40,75,75.2,12,22:40.0,99429
85,2,30:00.0,30:00.0,40,39.9,75,75.2,12,22:40.0,99432
85,2,18:00.0,18:00.0,40,40,75,75.5,12,22:40.0,99438
85,2,24:00.0,24:00.0,40,40.1,75,75.5,12,22:40.0,99441
85,2,06:00.0,06:00.0,40,39.9,75,74.9,14,13:15.0,99463
85,1,08:00.0,08:00.0,42,888.8,0,0,12,05:21.0,99493
85,1,30:00.0,30:00.0,25,25.1,60,60.2,14,14:25.0,99516
85,1,00:00.0,00:00.0,25,25.1,60,60.8,14,14:25.0,99529
85,1,00:00.0,00:00.0,25,25,60,59.6,14,14:25.0,99543
85,2,00:00.0,00:00.0,40,39.9,75,75.1,14,27:47.0,99558
85,2,00:00.0,00:00.0,40,40,75,75.2,14,27:47.0,99579
85,2,30:00.0,30:00.0,40,40.1,75,75,14,27:47.0,99600
85,2,30:00.0,30:00.0,40,40,75,75.3,14,27:47.0,99618
85,2,00:00.0,00:00.0,40,39.9,75,75.4,14,27:47.0,99637
85,1,00:00.0,00:00.0,25,24.9,60,59.9,12,09:26.0,99660
85,2,30:00.0,30:00.0,40,40,75,75.4,12,10:05.0,99676
85,2,00:00.0,00:00.0,40,40,75,75.2,12,10:05.0,99683
85,2,00:00.0,00:00.0,40,39.9,75,75.1,12,13:13.0,99689
85,2,30:00.0,30:00.0,40,39.8,75,75.4,12,13:13.0,99694
85,2,00:00.0,00:00.0,40,39.9,75,74.8,12,13:13.0,99701
85,2,00:00.0,00:00.0,40,39.9,75,75.1,14,52:11.0,99750
85,1,00:00.0,00:00.0,25,24.9,60,61.5,14,44:10.0,99728
85,2,00:00.0,00:00.0,40,40,75,75,14,52:11.0,99774
85,1,00:00.0,00:00.0,25,25,60,59.4,14,42:33.0,99790
85,1,00:00.0,00:00.0,25,25.1,60,60.3,14,42:33.0,99806
85,1,00:00.0,00:00.0,25,25.1,60,60.2,14,42:33.0,99819
85,1,00:00.0,00:00.0,25,25.1,60,60.7,14,42:33.0,99831
85,1,30:00.0,30:00.0,25,25.1,60,60.4,14,42:33.0,99844
85,1,00:00.0,00:00.0,25,25.1,60,59.8,14,42:33.0,99855
85,2,30:00.0,30:00.0,40,39.9,75,75.1,14,51:22.0,99886
85,2,30:00.0,30:00.0,40,40,75,75.1,14,51:22.0,99896
85,2,00:00.0,00:00.0,40,40,75,75,14,51:22.0,99912
85,2,30:00.0,30:00.0,40,40,75,74.6,14,51:22.0,99923
85,2,30:00.0,30:00.0,40,40,75,75,14,51:22.0,99933
85,1,30:00.0,30:00.0,25,25,60,58.8,14,50:40.0,99956
85,1,30:00.0,30:00.0,25,24.9,60,59.3,14,50:40.0,99972
85,1,30:00.0,30:00.0,25,24.9,60,59.8,14,50:40.0,99988
85,1,00:00.0,00:00.0,25,24.9,60,60,14,50:40.0,100001
85,1,30:00.0,30:00.0,25,25,60,60,14,50:40.0,100004
85,1,30:00.0,30:00.0,25,25,60,59.8,14,50:40.0,100017
85,1,00:00.0,00:00.0,25,25.1,60,59.4,14,50:40.0,100038
85,1,30:00.0,30:00.0,25,25.1,60,59.6,14,50:40.0,100053
85,1,30:00.0,30:00.0,25,25.1,60,58.6,14,50:40.0,100065
85,2,30:00.0,30:00.0,40,40,75,75.2,14,55:22.0,100076
85,1,00:00.0,00:00.0,25,25,60,60,14,01:24.0,100092
85,2,00:00.0,00:00.0,40,37.9,75,75.6,14,05:26.0,100124
85,1,00:00.0,00:00.0,25,24.9,60,60.6,14,21:53.0,100641
85,2,00:00.0,00:00.0,40,40,75,74.8,14,05:26.0,100155
85,2,00:00.0,00:00.0,40,39.9,75,75.6,14,05:26.0,100181
85,2,30:00.0,30:00.0,40,40.1,75,74.5,14,05:26.0,100210
85,2,30:00.0,30:00.0,40,40.1,75,75.3,14,05:26.0,100238
85,2,30:00.0,30:00.0,40,40,75,74.6,14,05:26.0,100254
85,2,30:00.0,30:00.0,40,39.8,75,75.2,14,05:26.0,100273
85,1,00:00.0,00:00.0,25,24.9,60,59.3,14,15:19.0,102009
85,1,30:00.0,30:00.0,25,25.1,60,60.4,14,01:00.0,103894
85,1,00:00.0,00:00.0,25,25,60,60.4,14,01:00.0,103903
85,1,00:00.0,00:00.0,25,25.1,60,59.9,14,01:00.0,104021
85,1,30:00.0,30:00.0,25,25.1,60,59.3,14,01:00.0,104022
85,1,30:00.0,30:00.0,25,27.5,60,63.3,14,34:05.0,105091
85,1,00:00.0,00:00.0,25,27.1,60,60.8,14,34:05.0,105098
85,1,00:00.0,00:00.0,25,26.8,60,61.4,14,34:05.0,105102
85,1,30:00.0,30:00.0,25,31.2,60,88.8,14,34:05.0,105112
85,1,00:00.0,00:00.0,25,27,60,60.5,14,34:05.0,105119
85,1,30:00.0,30:00.0,25,28.6,60,55.2,14,34:05.0,105121
85,1,00:00.0,00:00.0,25,23.5,60,62,14,34:05.0,105122
85,1,00:00.0,00:00.0,25,28.3,60,67.6,14,34:05.0,105130
85,1,30:00.0,30:00.0,25,27,60,64.2,14,34:05.0,105135
85,1,30:00.0,30:00.0,25,27.4,60,68,14,34:05.0,105144
85,1,30:00.0,30:00.0,25,29,60,85.5,14,34:05.0,105148
85,1,30:00.0,30:00.0,25,25.5,60,59.8,14,34:05.0,105162
85,1,00:00.0,00:00.0,25,25.1,60,59.6,14,34:05.0,105163
85,1,30:00.0,30:00.0,25,25.3,60,77.5,14,34:05.0,105181
85,1,00:00.0,00:00.0,25,24.9,60,58.1,14,34:05.0,105184
85,1,00:00.0,00:00.0,25,27.7,60,66.8,14,34:05.0,105190
85,1,00:00.0,00:00.0,25,23.5,60,61.3,14,34:05.0,105198
85,1,00:00.0,00:00.0,25,27.3,60,73.6,14,34:05.0,105200
85,1,00:00.0,00:00.0,25,30.1,60,83.7,14,34:05.0,105222
85,2,00:00.0,00:00.0,40,40,75,79.4,14,57:13.0,105333
85,2,00:00.0,00:00.0,40,40,75,77,14,57:13.0,105345
85,2,00:00.0,00:00.0,40,40,75,78.3,14,57:13.0,105347
85,2,00:00.0,00:00.0,40,40,75,80,14,57:13.0,105356
85,2,00:00.0,00:00.0,40,40,75,79.9,14,57:13.0,105360
85,2,30:00.0,30:00.0,40,39.9,75,74.4,14,57:13.0,105380
85,2,00:00.0,00:00.0,40,40,75,74.6,14,57:13.0,105390
85,2,00:00.0,00:00.0,40,40,75,78.7,14,57:13.0,105392
85,2,00:00.0,00:00.0,40,40,75,78.7,14,57:13.0,105400
85,1,30:00.0,30:00.0,25,24.9,60,59.7,14,15:19.0,102010
85,1,00:00.0,00:00.0,25,24.9,60,59.4,14,15:19.0,102011
85,1,30:00.0,30:00.0,25,24.8,60,60.5,14,15:19.0,102012
85,1,00:00.0,00:00.0,25,24.9,60,60,14,15:19.0,102013
85,1,30:00.0,30:00.0,25,24.9,60,60.3,14,15:19.0,102014
85,1,00:00.0,00:00.0,25,24.9,60,59.5,14,15:19.0,102015
85,1,30:00.0,30:00.0,25,24.8,60,60,14,15:19.0,102016
85,1,00:00.0,00:00.0,25,24.8,60,60,14,15:19.0,102017
85,1,30:00.0,30:00.0,25,24.9,60,59.6,14,15:19.0,102018
85,1,00:00.0,00:00.0,25,24.9,60,60.3,14,15:19.0,102019
85,1,30:00.0,30:00.0,25,24.9,60,59.7,14,15:19.0,102020
85,1,00:00.0,00:00.0,25,24.9,60,60.2,14,15:19.0,102021
85,1,30:00.0,30:00.0,25,24.9,60,60.1,14,15:19.0,102022
85,1,00:00.0,00:00.0,25,24.9,60,59.6,14,15:19.0,102023
85,1,30:00.0,30:00.0,25,24.9,60,59.3,14,15:19.0,102024
85,1,00:00.0,00:00.0,25,24.9,60,59.8,14,15:19.0,102025
85,1,30:00.0,30:00.0,25,24.9,60,59.9,14,15:19.0,102026
85,1,00:00.0,00:00.0,25,24.9,60,59.8,14,15:19.0,102027
85,1,30:00.0,30:00.0,25,24.9,60,60,14,15:19.0,102028
85,1,00:00.0,00:00.0,25,24.9,60,59.9,14,15:19.0,102029
85,1,30:00.0,30:00.0,25,24.9,60,59.7,14,15:19.0,102030
85,1,00:00.0,00:00.0,25,25,60,59.3,14,15:19.0,102031
85,1,30:00.0,30:00.0,25,24.9,60,59.3,14,15:19.0,102032
85,1,00:00.0,00:00.0,25,24.9,60,59.8,14,15:19.0,102033
85,1,30:00.0,30:00.0,25,25,60,60.2,14,15:19.0,102034
85,1,00:00.0,00:00.0,25,25,60,60.3,14,15:19.0,102035
85,1,30:00.0,30:00.0,25,25,60,60.2,14,15:19.0,102036
85,1,00:00.0,00:00.0,25,25,60,59.6,14,15:19.0,102037
85,1,30:00.0,30:00.0,25,25,60,60,14,15:19.0,102038
85,1,00:00.0,00:00.0,25,25,60,60.5,14,15:19.0,102039
85,1,30:00.0,30:00.0,25,24.9,60,60.6,14,15:19.0,102040
85,1,00:00.0,00:00.0,25,25,60,60.7,14,15:19.0,102041
85,1,30:00.0,30:00.0,25,25,60,60.4,14,15:19.0,102042
85,1,00:00.0,00:00.0,25,25,60,59.6,14,15:19.0,102043
85,1,30:00.0,30:00.0,25,25,60,60.3,14,15:19.0,102044
85,1,00:00.0,00:00.0,25,25,60,60.9,14,15:19.0,102045
85,1,30:00.0,30:00.0,25,25,60,59.5,14,15:19.0,102046
85,1,00:00.0,00:00.0,25,25,60,59.8,14,15:19.0,102047
85,1,30:00.0,30:00.0,25,25,60,60.2,14,15:19.0,102048
85,1,00:00.0,00:00.0,25,25,60,59.5,14,15:19.0,102049
85,1,30:00.0,30:00.0,25,25,60,60,14,15:19.0,102050
85,1,00:00.0,00:00.0,25,25.1,60,59.4,14,15:19.0,102051
85,1,30:00.0,30:00.0,25,25.1,60,60.6,14,15:19.0,102052
85,1,00:00.0,00:00.0,25,25.1,60,59,14,15:19.0,102053
85,1,30:00.0,30:00.0,25,25,60,60.2,14,15:19.0,102054
85,1,00:00.0,00:00.0,25,25.1,60,59.9,14,15:19.0,102055
85,1,30:00.0,30:00.0,25,25.1,60,59.8,14,15:19.0,102056
85,1,00:00.0,00:00.0,25,25.1,60,59.9,14,15:19.0,102057
85,1,30:00.0,30:00.0,25,25.1,60,59.8,14,15:19.0,102058
85,1,00:00.0,00:00.0,25,25.1,60,60.6,14,15:19.0,102059
85,1,30:00.0,30:00.0,25,25.1,60,59.9,14,15:19.0,102060
85,1,00:00.0,00:00.0,25,25.1,60,60.5,14,15:19.0,102061
85,1,30:00.0,30:00.0,25,25.1,60,60.5,14,15:19.0,102062
85,1,00:00.0,00:00.0,25,25,60,60.4,14,15:19.0,102063
85,1,30:00.0,30:00.0,25,25.1,60,60.1,14,15:19.0,102064
85,1,00:00.0,00:00.0,25,25,60,60,14,15:19.0,102065
85,2,30:00.0,30:00.0,40,40,75,74.7,14,20:05.0,102066
85,2,00:00.0,00:00.0,40,40,75,74.5,14,20:05.0,102067
85,2,30:00.0,30:00.0,40,40.2,75,74.9,14,20:05.0,102068
85,2,00:00.0,00:00.0,40,40,75,74.7,14,20:05.0,102069
85,2,30:00.0,30:00.0,40,39.8,75,75,14,20:05.0,102070
85,2,00:00.0,00:00.0,40,39.9,75,75.4,14,20:05.0,102071
85,2,30:00.0,30:00.0,40,40.2,75,74.7,14,20:05.0,102072
85,2,00:00.0,00:00.0,40,40,75,75.4,14,20:05.0,102073
85,2,30:00.0,30:00.0,40,39.8,75,75.6,14,20:05.0,102074
85,2,00:00.0,00:00.0,40,39.9,75,75.2,14,20:05.0,102075
85,2,30:00.0,30:00.0,40,40,75,74.9,14,20:05.0,102076
85,2,00:00.0,00:00.0,40,40,75,75.2,14,20:05.0,102077
85,2,30:00.0,30:00.0,40,40,75,74.8,14,20:05.0,102078
85,2,00:00.0,00:00.0,40,39.9,75,75,14,20:05.0,102079
85,2,30:00.0,30:00.0,40,40,75,75.1,14,20:05.0,102080
85,2,00:00.0,00:00.0,40,40,75,74.6,14,20:05.0,102081
85,2,30:00.0,30:00.0,40,40,75,74.7,14,20:05.0,102082
85,2,00:00.0,00:00.0,40,40,75,75,14,20:05.0,102083
85,2,30:00.0,30:00.0,40,39.9,75,74.9,14,20:05.0,102084
85,2,00:00.0,00:00.0,40,39.8,75,75.1,14,20:05.0,102085
85,2,30:00.0,30:00.0,40,39.9,75,74.8,14,20:05.0,102086
85,2,00:00.0,00:00.0,40,40,75,74.9,14,20:05.0,102087
85,2,30:00.0,30:00.0,40,39.9,75,74.9,14,20:05.0,102088
85,2,00:00.0,00:00.0,40,39.8,75,74.9,14,20:05.0,102089
85,2,30:00.0,30:00.0,40,39.9,75,74.8,14,20:05.0,102090
85,2,00:00.0,00:00.0,40,40,75,75,14,20:05.0,102091
85,2,30:00.0,30:00.0,40,40,75,75.6,14,20:05.0,102092
85,2,00:00.0,00:00.0,40,39.9,75,74.8,14,20:05.0,102093
85,2,30:00.0,30:00.0,40,40,75,75.2,14,20:05.0,102094
85,2,00:00.0,00:00.0,40,40,75,75.2,14,20:05.0,102095
85,2,30:00.0,30:00.0,40,39.9,75,75.1,14,20:05.0,102096
85,2,00:00.0,00:00.0,40,39.9,75,74.4,14,20:05.0,102097
85,2,30:00.0,30:00.0,40,40,75,74.9,14,20:05.0,102098
85,2,00:00.0,00:00.0,40,39.9,75,75.5,14,20:05.0,102099
85,2,30:00.0,30:00.0,40,40,75,75,14,20:05.0,102100
85,2,00:00.0,00:00.0,40,40,75,74.9,14,20:05.0,102101
85,2,30:00.0,30:00.0,40,40,75,75,14,20:05.0,102102
85,2,00:00.0,00:00.0,40,40.1,75,75.3,14,57:42.0,102196
85,2,00:00.0,00:00.0,40,39.8,75,74.9,14,57:42.0,102203
85,1,30:00.0,30:00.0,25,25.1,60,59.7,14,59:08.0,102219
85,1,30:00.0,30:00.0,25,25.1,60,60.2,12,44:14.0,102244
85,1,30:00.0,30:00.0,25,25.1,60,60.5,12,44:14.0,102260
85,1,30:00.0,30:00.0,25,25,60,59.5,12,44:14.0,102276
85,1,30:00.0,30:00.0,25,24.9,60,59.6,12,48:43.0,102300
85,1,00:00.0,00:00.0,25,25,60,59.6,12,48:43.0,102320
85,1,00:00.0,00:00.0,25,25.1,60,61.2,12,48:43.0,102340
85,1,00:00.0,00:00.0,25,25.1,60,60.6,12,48:43.0,102358
85,1,00:00.0,00:00.0,25,25.1,60,61,14,16:37.0,102729
85,1,00:00.0,00:00.0,25,24.9,60,60,14,16:37.0,102745
85,2,00:00.0,00:00.0,40,40,75,78.5,14,19:06.0,102760
85,1,30:00.0,30:00.0,25,24.9,60,60.2,14,23:21.0,102797
85,1,30:00.0,30:00.0,25,25,60,58.5,14,23:21.0,102813
85,1,00:00.0,00:00.0,25,24.9,60,60.1,12,49:16.0,102824
85,2,30:00.0,30:00.0,40,40.5,75,77.4,12,51:05.0,102840
85,2,00:00.0,00:00.0,40,40,75,73.8,12,51:05.0,102862
85,2,30:00.0,30:00.0,40,40,75,75.4,12,55:32.0,102877
85,1,30:00.0,30:00.0,25,25,60,59.8,12,08:15.0,102901
85,2,30:00.0,30:00.0,40,39.9,75,75,12,43:59.0,103225
85,1,00:00.0,00:00.0,25,25.1,60,60,12,08:15.0,102933
85,2,00:00.0,00:00.0,40,40,75,78.9,12,11:59.0,102947
85,2,30:00.0,30:00.0,40,40,75,79,12,11:59.0,102970
85,2,00:00.0,00:00.0,40,40,75,77.2,12,11:59.0,102983
85,2,30:00.0,30:00.0,40,40,75,76.4,12,11:59.0,102993
85,1,30:00.0,30:00.0,25,25.1,60,59.9,12,19:44.0,103101
85,1,30:00.0,30:00.0,25,25,60,60.4,12,19:44.0,103113
85,1,00:00.0,00:00.0,25,25,60,59.6,12,19:44.0,103126
85,1,30:00.0,30:00.0,25,24.9,60,59.6,14,19:31.0,103244
85,1,00:00.0,00:00.0,25,24.9,60,60.1,12,19:44.0,103150
85,1,00:00.0,00:00.0,25,24.9,60,59.6,12,19:44.0,103162
85,1,00:00.0,00:00.0,25,24.9,60,59.6,12,19:44.0,103178
85,1,00:00.0,00:00.0,25,24.9,60,59.8,14,19:31.0,103245
85,1,00:00.0,00:00.0,25,25,60,60.6,14,19:31.0,103251
85,1,30:00.0,30:00.0,25,25,60,60.3,14,19:31.0,103252
85,1,00:00.0,00:00.0,25,25,60,60,14,19:31.0,103253
85,1,30:00.0,30:00.0,25,25,60,60.6,14,19:31.0,103254
85,1,00:00.0,00:00.0,25,25,60,59.5,14,19:31.0,103255
85,1,30:00.0,30:00.0,25,24.9,60,59.8,14,19:31.0,103256
85,1,00:00.0,00:00.0,25,25,60,60.1,14,19:31.0,103257
85,1,30:00.0,30:00.0,25,25,60,59.4,14,19:31.0,103258
85,1,00:00.0,00:00.0,25,25,60,58.4,14,19:31.0,103259
85,1,00:00.0,00:00.0,25,25,60,60.4,14,19:31.0,103269
85,1,30:00.0,30:00.0,25,25,60,58.9,14,19:31.0,103270
85,1,00:00.0,00:00.0,25,25.1,60,60,14,19:31.0,103271
85,1,30:00.0,30:00.0,25,25.1,60,60.7,14,19:31.0,103272
85,1,00:00.0,00:00.0,25,25,60,60.3,14,19:31.0,103273
85,1,30:00.0,30:00.0,25,25.1,60,60,14,19:31.0,103274
85,1,00:00.0,00:00.0,25,25,60,60.4,14,19:31.0,103275
85,1,30:00.0,30:00.0,25,25.1,60,60.2,14,19:31.0,103276
85,1,00:00.0,00:00.0,25,25.1,60,60,14,19:31.0,103277
85,1,00:00.0,00:00.0,25,25.1,60,59.3,14,19:31.0,103287
85,1,30:00.0,30:00.0,25,25.1,60,59.3,14,19:31.0,103288
85,1,00:00.0,00:00.0,25,25.1,60,59.3,14,19:31.0,103289
85,1,30:00.0,30:00.0,25,25.1,60,60.7,14,19:31.0,103290
85,1,00:00.0,00:00.0,25,25.1,60,60.2,14,19:31.0,103291
85,1,30:00.0,30:00.0,25,25.1,60,60.5,14,19:31.0,103292
85,1,00:00.0,00:00.0,25,25.1,60,60,14,19:31.0,103293
85,1,30:00.0,30:00.0,25,25.1,60,60.2,14,19:31.0,103294
85,1,00:00.0,00:00.0,25,25.1,60,60,14,19:31.0,103295
85,1,00:00.0,00:00.0,25,25.1,60,59.8,14,19:31.0,103305
85,1,30:00.0,30:00.0,25,25.1,60,58.8,14,19:31.0,103306
85,1,00:00.0,00:00.0,25,25.1,60,59.8,14,19:31.0,103307
85,1,30:00.0,30:00.0,25,25.1,60,59.6,14,19:31.0,103308
85,1,00:00.0,00:00.0,25,25.1,60,60.2,14,19:31.0,103309
85,1,30:00.0,30:00.0,25,25.1,60,59.6,14,19:31.0,103310
85,1,00:00.0,00:00.0,25,25.1,60,60.2,14,19:31.0,103311
85,1,30:00.0,30:00.0,25,25.1,60,60.5,14,19:31.0,103312
85,1,00:00.0,00:00.0,25,25.1,60,60,14,19:31.0,103313
85,1,30:00.0,30:00.0,25,25.1,60,59.6,14,46:25.0,103413
85,1,00:00.0,00:00.0,25,25,60,60.3,14,46:25.0,103429
85,1,00:00.0,00:00.0,25,24.9,60,59.5,14,52:48.0,103446
85,1,30:00.0,30:00.0,25,24.8,60,60,14,52:48.0,103455
85,2,00:00.0,00:00.0,40,40,75,78.3,14,54:35.0,103470
85,1,00:00.0,00:00.0,25,24.9,60,58.6,14,14:47.0,103533
85,1,00:00.0,00:00.0,25,25,60,59.6,14,20:28.0,103552
85,2,30:00.0,30:00.0,40,39.9,75,73.9,14,22:04.0,103566
85,2,30:00.0,30:00.0,40,40,75,74.1,12,27:39.0,103583
85,2,00:00.0,00:00.0,40,40,75,74.9,12,27:39.0,103599
85,1,00:00.0,00:00.0,25,25.1,60,59.8,12,23:43.0,103623
85,1,00:00.0,00:00.0,25,25.1,60,59.6,12,23:43.0,103639
85,2,00:00.0,00:00.0,40,40,75,74.9,12,27:01.0,103669
85,1,30:00.0,30:00.0,25,25.5,60,57.7,12,08:20.0,105415
85,1,30:00.0,30:00.0,25,27.7,60,62.6,12,08:47.0,105459
85,1,00:00.0,00:00.0,25,28.4,60,65.6,12,08:47.0,105472
85,1,30:00.0,30:00.0,25,26.4,60,55,12,08:47.0,105477
85,1,30:00.0,30:00.0,25,31.9,60,79.2,12,08:47.0,105479
85,1,00:00.0,00:00.0,25,23.5,60,65.5,12,08:47.0,105487
85,1,00:00.0,00:00.0,25,24.7,60,58.8,12,08:47.0,105505
85,1,30:00.0,30:00.0,25,24.5,60,58.4,12,08:47.0,105508
85,1,00:00.0,00:00.0,25,25.4,60,57.6,12,08:47.0,105513
85,2,30:00.0,30:00.0,40,40,75,78.9,14,57:42.0,102188
85,2,30:00.0,30:00.0,40,39.9,75,74.4,14,57:42.0,102208
85,1,00:00.0,00:00.0,25,25.1,60,60.1,14,59:08.0,102214
85,2,00:00.0,00:00.0,40,40,75,75.5,12,34:20.0,102226
85,1,00:00.0,00:00.0,25,25.1,60,59.9,12,37:15.0,102233
85,2,00:00.0,00:00.0,40,38.5,75,74.8,12,02:37.0,102586
85,1,30:00.0,30:00.0,25,25.1,60,60.7,12,44:14.0,102252
85,1,30:00.0,30:00.0,25,25,60,60.1,12,44:14.0,102268
85,1,30:00.0,30:00.0,25,24.9,60,60.7,12,48:43.0,102292
85,2,30:00.0,30:00.0,40,38.7,75,74.6,12,02:37.0,102587
85,2,00:00.0,00:00.0,40,39.9,75,74.6,12,02:37.0,102588
85,2,30:00.0,30:00.0,40,38.8,75,74.7,12,02:37.0,102589
85,2,00:00.0,00:00.0,40,38.7,75,75.2,12,02:37.0,102590
85,2,30:00.0,30:00.0,40,39.4,75,75.2,12,02:37.0,102591
85,2,30:00.0,30:00.0,40,40,75,75.6,12,35:45.0,102627
85,1,00:00.0,00:00.0,25,25.1,60,59.9,14,16:37.0,102721
85,1,00:00.0,00:00.0,25,25.1,60,60.1,14,16:37.0,102737
85,2,30:00.0,30:00.0,40,39.9,75,73.3,14,19:06.0,102753
85,2,00:00.0,00:00.0,40,39.9,75,74.3,12,51:13.0,102689
85,2,30:00.0,30:00.0,40,39.9,75,74.5,12,51:13.0,102690
85,1,00:00.0,00:00.0,25,25.1,60,59.8,12,09:00.0,102694
85,1,30:00.0,30:00.0,25,25.1,60,59.1,12,51:59.0,102713
85,2,00:00.0,00:00.0,40,39.9,75,72.9,14,19:06.0,102766
85,2,30:00.0,30:00.0,40,40,75,73.2,14,19:06.0,102779
85,2,00:00.0,00:00.0,40,40.1,75,79,14,19:06.0,102780
85,1,30:00.0,30:00.0,25,25,60,59.5,14,23:21.0,102789
85,1,30:00.0,30:00.0,25,24.9,60,60.3,14,23:21.0,102805
85,1,00:00.0,00:00.0,25,24.9,60,60.2,12,49:16.0,102816
85,1,00:00.0,00:00.0,25,24.9,60,59.4,12,49:16.0,102832
85,2,30:00.0,30:00.0,40,40,75,75.5,12,51:05.0,102848
85,2,00:00.0,00:00.0,40,40,75,75.4,12,51:05.0,102858
85,2,30:00.0,30:00.0,40,40,75,75.6,12,55:32.0,102869
85,2,30:00.0,30:00.0,40,40,75,73.6,12,55:32.0,102885
85,1,00:00.0,00:00.0,25,24.9,60,60.1,12,08:15.0,102891
85,1,30:00.0,30:00.0,25,24.9,60,60.2,12,08:15.0,102909
85,1,00:00.0,00:00.0,25,25.1,60,60.2,12,08:15.0,102925
85,1,00:00.0,00:00.0,25,25.1,60,59.3,12,19:20.0,103089
85,1,30:00.0,30:00.0,25,25.1,60,59.3,12,19:44.0,103105
85,1,30:00.0,30:00.0,25,25.1,60,59.9,12,19:44.0,103115
85,1,00:00.0,00:00.0,25,25,60,59.3,12,19:44.0,103132
85,1,00:00.0,00:00.0,25,24.9,60,59.4,12,19:44.0,103152
85,1,00:00.0,00:00.0,25,24.9,60,59.9,12,19:44.0,103170
85,1,30:00.0,30:00.0,25,24.9,60,59.7,12,48:30.0,103179
85,2,03:00.0,03:00.0,1.6,0,0,0,12,04:25.0,103185
85,2,30:00.0,30:00.0,40,39.9,75,76.5,12,31:55.0,103187
85,1,30:00.0,30:00.0,25,24.9,60,60.3,12,43:29.0,103217
85,1,30:00.0,30:00.0,25,24.9,60,60,12,31:23.0,103208
85,1,30:00.0,30:00.0,25,24.9,60,59.4,14,15:14.0,103230
85,1,00:00.0,00:00.0,25,24.9,60,59.8,14,19:31.0,103237
85,1,30:00.0,30:00.0,25,24.9,60,60.8,14,19:31.0,103238
85,1,00:00.0,00:00.0,25,24.9,60,59.5,14,19:31.0,103239
85,1,30:00.0,30:00.0,25,25,60,59.8,14,19:31.0,103240
85,1,00:00.0,00:00.0,25,24.9,60,60.5,14,19:31.0,103241
85,1,30:00.0,30:00.0,25,25,60,60.1,14,19:31.0,103242
85,1,30:00.0,30:00.0,25,25,60,59.4,14,19:31.0,103260
85,1,00:00.0,00:00.0,25,25,60,59.3,14,19:31.0,103261
85,1,30:00.0,30:00.0,25,25,60,59.5,14,19:31.0,103262
85,1,00:00.0,00:00.0,25,25,60,59.5,14,19:31.0,103263
85,1,30:00.0,30:00.0,25,25,60,60.6,14,19:31.0,103264
85,1,00:00.0,00:00.0,25,25.1,60,59.3,14,19:31.0,103265
85,1,30:00.0,30:00.0,25,25,60,60,14,19:31.0,103266
85,1,00:00.0,00:00.0,25,25,60,59.6,14,19:31.0,103267
85,1,30:00.0,30:00.0,25,25,60,59.8,14,19:31.0,103268
85,1,30:00.0,30:00.0,25,25.1,60,60.3,14,19:31.0,103278
85,1,00:00.0,00:00.0,25,25,60,58.8,14,19:31.0,103279
85,1,30:00.0,30:00.0,25,25.1,60,60.3,14,19:31.0,103280
85,1,00:00.0,00:00.0,25,25.1,60,60,14,19:31.0,103281
85,1,30:00.0,30:00.0,25,25.1,60,59.3,14,19:31.0,103282
85,1,00:00.0,00:00.0,25,25.1,60,60,14,19:31.0,103283
85,1,30:00.0,30:00.0,25,25.1,60,59.9,14,19:31.0,103284
85,1,00:00.0,00:00.0,25,25.1,60,59.4,14,19:31.0,103285
85,1,30:00.0,30:00.0,25,25.1,60,60,14,19:31.0,103286
85,1,30:00.0,30:00.0,25,25.1,60,60.9,14,19:31.0,103296
85,1,00:00.0,00:00.0,25,25.1,60,60.1,14,19:31.0,103297
85,1,30:00.0,30:00.0,25,25.1,60,58.7,14,19:31.0,103298
85,1,00:00.0,00:00.0,25,25.1,60,59.5,14,19:31.0,103299
85,1,30:00.0,30:00.0,25,25.1,60,59.6,14,19:31.0,103300
85,1,00:00.0,00:00.0,25,25.1,60,60.7,14,19:31.0,103301
85,1,30:00.0,30:00.0,25,25.1,60,60,14,19:31.0,103302
85,2,00:00.0,00:00.0,40,40,75,75.2,14,23:15.0,103324
85,2,00:00.0,00:00.0,40,38.3,75,74.2,14,23:15.0,103344
85,1,30:00.0,30:00.0,25,27.9,60,88.5,12,08:47.0,105522
85,2,30:00.0,30:00.0,40,39.7,75,76.3,14,23:15.0,103346
85,2,00:00.0,00:00.0,40,40.2,75,73.7,14,23:15.0,103347
85,2,30:00.0,30:00.0,40,40,75,73.6,14,23:15.0,103348
85,2,00:00.0,00:00.0,40,39.6,75,76.1,14,23:15.0,103349
85,2,30:00.0,30:00.0,40,38.8,75,73.4,14,23:15.0,103350
85,2,00:00.0,00:00.0,40,40,75,74.8,14,23:15.0,103351
85,2,30:00.0,30:00.0,40,38.7,75,74.9,14,23:15.0,103352
85,2,00:00.0,00:00.0,40,39.9,75,75,14,23:15.0,103369
85,2,30:00.0,30:00.0,40,40,75,75,14,23:15.0,103370
85,2,00:00.0,00:00.0,40,40,75,75.4,14,23:15.0,103380
85,2,30:00.0,30:00.0,40,40,75,75,14,23:15.0,103381
85,2,30:00.0,30:00.0,40,40,75,74.7,14,57:42.0,102190
85,2,30:00.0,30:00.0,40,40,75,75.7,14,57:42.0,102204
85,1,30:00.0,30:00.0,25,25.1,60,60.3,14,59:08.0,102221
85,2,00:00.0,00:00.0,40,39.8,75,75,12,34:20.0,102228
85,1,30:00.0,30:00.0,25,25.1,60,60.2,12,44:14.0,102238
85,1,30:00.0,30:00.0,25,25.1,60,60,12,44:14.0,102254
85,1,30:00.0,30:00.0,25,25,60,60.1,12,44:14.0,102270
85,1,30:00.0,30:00.0,25,24.9,60,60.7,12,48:43.0,102294
85,1,30:00.0,30:00.0,25,24.9,60,60.4,12,48:43.0,102304
85,1,00:00.0,00:00.0,25,25.1,60,59.9,12,45:45.0,102669
85,1,30:00.0,30:00.0,25,25,60,60.4,12,48:43.0,102327
85,1,30:00.0,30:00.0,25,25,60,59.7,12,48:43.0,102339
85,1,00:00.0,00:00.0,25,25.1,60,60.2,12,48:43.0,102354
85,2,30:00.0,30:00.0,40,40.4,75,73.8,12,59:56.0,102551
85,2,00:00.0,00:00.0,40,39.7,75,74.6,12,59:56.0,102552
85,2,30:00.0,30:00.0,40,40.4,75,76.1,12,59:56.0,102553
85,2,00:00.0,00:00.0,40,38.2,75,76.7,12,59:56.0,102554
85,2,30:00.0,30:00.0,40,39,75,75.2,12,59:56.0,102555
85,2,00:00.0,00:00.0,40,40,75,75.3,12,59:56.0,102556
85,2,30:00.0,30:00.0,40,38.4,75,74,12,59:56.0,102557
85,2,00:00.0,00:00.0,40,39.8,75,72.8,12,59:56.0,102558
85,1,00:00.0,00:00.0,25,25.1,60,59.6,12,09:00.0,102696
85,2,30:00.0,30:00.0,40,40.3,75,73.3,12,59:56.0,102560
85,2,00:00.0,00:00.0,40,39.4,75,74.9,12,59:56.0,102561
85,2,30:00.0,30:00.0,40,40.5,75,74.5,12,59:56.0,102562
85,2,00:00.0,00:00.0,40,38.3,75,75.1,12,59:56.0,102563
85,2,30:00.0,30:00.0,40,40.2,75,72.8,12,59:56.0,102564
85,1,00:00.0,00:00.0,25,25.1,60,60.8,14,16:37.0,102723
85,1,00:00.0,00:00.0,25,25,60,60.2,14,16:37.0,102739
85,2,30:00.0,30:00.0,40,39.9,75,74.7,14,19:06.0,102755
85,2,30:00.0,30:00.0,40,40,75,75.9,14,19:06.0,102767
85,2,00:00.0,00:00.0,40,40,75,73.3,14,19:06.0,102772
85,2,30:00.0,30:00.0,40,38.2,75,73.8,14,19:06.0,102783
85,1,30:00.0,30:00.0,25,25,60,60.1,14,23:21.0,102791
85,1,30:00.0,30:00.0,25,24.9,60,59.4,14,23:21.0,102807
85,1,00:00.0,00:00.0,25,24.9,60,60.4,12,49:16.0,102818
85,1,00:00.0,00:00.0,25,24.9,60,59.7,12,49:16.0,102834
85,2,30:00.0,30:00.0,40,40,75,74.1,12,51:05.0,102850
85,2,30:00.0,30:00.0,40,40,75,75.9,12,55:32.0,102871
85,1,00:00.0,00:00.0,25,25.1,60,60.4,14,46:25.0,103407
85,1,00:00.0,00:00.0,25,25,60,59.5,12,08:15.0,102895
85,1,30:00.0,30:00.0,25,25,60,60.3,12,08:15.0,102911
85,1,00:00.0,00:00.0,25,25.1,60,59.4,12,08:15.0,102927
85,2,00:00.0,00:00.0,40,40.1,75,77.1,12,11:59.0,102943
85,2,30:00.0,30:00.0,40,40,75,78.9,12,11:59.0,102958
85,2,00:00.0,00:00.0,40,40,75,74.6,12,11:59.0,102975
85,2,30:00.0,30:00.0,40,40,75,73.4,12,11:59.0,102984
85,2,00:00.0,00:00.0,40,39.9,75,74.4,12,11:59.0,102996
85,2,30:00.0,30:00.0,40,40,75,73.7,12,11:59.0,103029
85,2,30:00.0,30:00.0,40,40,75,74.4,12,11:59.0,103047
85,2,00:00.0,00:00.0,40,40.1,75,76.7,12,11:59.0,103060
85,2,30:00.0,30:00.0,40,40,75,76.9,12,11:59.0,103077
85,1,00:00.0,00:00.0,25,25.1,60,60.3,12,19:44.0,103095
85,1,30:00.0,30:00.0,25,25.1,60,60.4,12,19:44.0,103103
85,1,00:00.0,00:00.0,25,25,60,59.6,12,19:44.0,103118
85,1,00:00.0,00:00.0,25,25,60,59.6,12,19:44.0,103130
85,1,30:00.0,30:00.0,25,24.9,60,60.5,12,19:44.0,103146
85,1,30:00.0,30:00.0,25,24.9,60,60.9,12,19:44.0,103161
85,1,30:00.0,30:00.0,25,24.9,60,60.1,12,19:44.0,103175
85,2,06:00.0,06:00.0,40,40.1,75,77.1,12,06:05.0,103194
85,2,18:00.0,18:00.0,40,40,75,74.2,12,31:41.0,103210
85,1,40:00.0,40:00.0,25,24.9,60,60.1,12,40:14.0,103214
85,1,00:00.0,00:00.0,25,24.9,60,59.9,14,15:14.0,103231
85,1,00:00.0,00:00.0,25,25.1,60,60.1,14,46:25.0,103423
85,1,30:00.0,30:00.0,25,25,60,59.7,14,52:48.0,103439
85,1,00:00.0,00:00.0,25,24.9,60,59.5,14,52:48.0,103458
85,2,30:00.0,30:00.0,40,40,75,75.1,14,54:35.0,103469
85,2,30:00.0,30:00.0,40,40.1,75,74.7,14,54:35.0,103489
85,1,00:00.0,00:00.0,25,27.6,60,72.2,12,08:47.0,105533
85,1,30:00.0,30:00.0,25,24.8,60,58.5,12,08:47.0,105536
85,1,30:00.0,30:00.0,25,24.9,60,59.6,14,14:47.0,103528
85,1,30:00.0,30:00.0,25,25,60,60.3,14,20:28.0,103541
85,1,00:00.0,00:00.0,25,25,60,59.5,14,20:28.0,103557
85,2,00:00.0,00:00.0,40,40,75,76.4,14,22:04.0,103571
85,2,30:00.0,30:00.0,40,40,75,73.9,12,27:39.0,103577
85,2,00:00.0,00:00.0,40,40,75,74.7,12,27:39.0,103593
85,1,30:00.0,30:00.0,25,26,60,54.4,12,08:47.0,105542
85,1,00:00.0,00:00.0,25,25,60,60.6,12,23:43.0,103617
85,1,00:00.0,00:00.0,25,25.1,60,59.4,12,23:43.0,103633
85,1,30:00.0,30:00.0,25,25.1,60,59.8,12,23:43.0,103649
85,2,30:00.0,30:00.0,40,40,75,75.3,12,27:01.0,103664
85,2,30:00.0,30:00.0,40,40,75,74.3,12,27:01.0,103674
85,2,30:00.0,30:00.0,40,40.1,75,76,14,21:37.0,105566
85,2,00:00.0,00:00.0,40,40.1,75,78.6,14,21:37.0,105577
85,2,30:00.0,30:00.0,40,39.9,75,77,14,21:37.0,105634
85,2,00:00.0,00:00.0,40,40,75,76,14,21:37.0,105651
85,2,30:00.0,30:00.0,40,40,75,76.7,14,21:37.0,105654
85,2,30:00.0,30:00.0,40,40,75,73.8,14,21:37.0,105658
85,2,30:00.0,30:00.0,40,40,75,76.6,14,21:37.0,105662
85,2,00:00.0,00:00.0,40,40,75,73.6,14,21:37.0,105667
85,2,00:00.0,00:00.0,40,40,75,76.2,14,21:37.0,105671
85,2,30:00.0,30:00.0,40,40,75,74.9,14,21:37.0,105674
85,2,30:00.0,30:00.0,40,40,75,74.3,14,57:42.0,102197
85,1,00:00.0,00:00.0,25,25.1,60,60,14,59:08.0,102220
85,1,00:00.0,00:00.0,25,25.1,60,59.5,12,44:14.0,102245
85,1,00:00.0,00:00.0,25,25.1,60,59.9,12,44:14.0,102261
85,1,00:00.0,00:00.0,25,25,60,60,12,44:14.0,102277
85,1,30:00.0,30:00.0,25,25.1,60,60,14,16:37.0,102730
85,1,30:00.0,30:00.0,25,25,60,59.7,12,48:43.0,102284
85,1,00:00.0,00:00.0,25,24.9,60,59.6,12,48:43.0,102299
85,1,00:00.0,00:00.0,25,24.9,60,60.4,12,48:43.0,102307
85,1,30:00.0,30:00.0,25,24.9,60,59.9,12,48:43.0,102317
85,1,30:00.0,30:00.0,25,24.9,60,60.3,12,48:43.0,102321
85,1,30:00.0,30:00.0,25,25,60,60.3,12,48:43.0,102329
85,1,30:00.0,30:00.0,25,25,60,59.8,12,48:43.0,102343
85,1,00:00.0,00:00.0,25,25.1,60,60.4,12,48:43.0,102356
85,1,00:00.0,00:00.0,25,25.1,60,60.2,12,48:43.0,102362
85,1,00:00.0,00:00.0,25,25.1,60,60.6,12,48:43.0,102364
85,2,00:00.0,00:00.0,40,40,75,75,12,54:49.0,102467
85,1,30:00.0,30:00.0,25,25,60,60.7,14,16:37.0,102746
85,1,00:00.0,00:00.0,25,25,60,60.1,14,23:21.0,102798
85,1,30:00.0,30:00.0,25,24.9,60,60.2,12,49:16.0,102825
85,2,00:00.0,00:00.0,40,40,75,75.5,12,51:05.0,102841
85,2,30:00.0,30:00.0,40,40,75,73.8,12,51:05.0,102859
85,2,30:00.0,30:00.0,40,40,75,76,12,55:32.0,102865
85,2,00:00.0,00:00.0,40,40,75,75.6,12,55:32.0,102878
85,1,00:00.0,00:00.0,25,25,60,60.1,12,08:15.0,102902
85,1,30:00.0,30:00.0,25,25.1,60,59.8,12,08:15.0,102918
85,1,30:00.0,30:00.0,25,25.1,60,59.9,12,08:15.0,102934
85,2,30:00.0,30:00.0,40,40.1,75,74.2,12,11:59.0,102952
85,2,00:00.0,00:00.0,40,40,75,76.5,12,11:59.0,102969
85,2,00:00.0,00:00.0,40,40,75,74.3,12,11:59.0,102981
85,2,00:00.0,00:00.0,40,39.9,75,78.3,12,11:59.0,102994
85,2,00:00.0,00:00.0,40,40.3,75,75.4,12,11:59.0,103002
85,2,00:00.0,00:00.0,40,39.9,75,76.1,12,11:59.0,103010
85,2,30:00.0,30:00.0,40,39.9,75,73,12,11:59.0,103019
85,2,00:00.0,00:00.0,40,40,75,75.8,12,11:59.0,103036
85,2,00:00.0,00:00.0,40,40,75,74.2,12,11:59.0,103046
85,2,30:00.0,30:00.0,40,40,75,75.5,12,11:59.0,103057
85,2,30:00.0,30:00.0,40,40,75,77.9,12,11:59.0,103069
85,2,30:00.0,30:00.0,40,40.1,75,77,12,11:59.0,103079
85,1,30:00.0,30:00.0,25,25.1,60,59.2,12,19:44.0,103109
85,1,30:00.0,30:00.0,25,25,60,60.2,12,19:44.0,103125
85,1,30:00.0,30:00.0,25,25,60,60.2,12,19:44.0,103140
85,1,00:00.0,00:00.0,25,24.9,60,60.1,12,19:44.0,103154
85,1,00:00.0,00:00.0,25,25.1,60,59.8,14,19:31.0,103303
85,1,00:00.0,00:00.0,25,25.1,60,59.8,12,00:41.0,103715
85,1,30:00.0,30:00.0,25,25,60,60.4,14,46:25.0,103430
85,1,30:00.0,30:00.0,25,24.9,60,59.4,14,52:48.0,103447
85,1,30:00.0,30:00.0,25,24.9,60,60,14,52:48.0,103459
85,2,00:00.0,00:00.0,40,40,75,76.9,14,54:35.0,103472
85,2,00:00.0,00:00.0,40,40.1,75,78.4,14,54:35.0,103484
85,2,00:00.0,00:00.0,40,40.2,75,75.7,14,54:35.0,103494
85,2,30:00.0,30:00.0,40,38.3,75,75.1,14,54:35.0,103503
85,1,30:00.0,30:00.0,25,24.9,60,59.6,14,14:47.0,103534
85,1,30:00.0,30:00.0,25,25,60,58.6,14,20:28.0,103551
85,1,00:00.0,00:00.0,25,25,60,59.4,14,20:28.0,103563
85,2,00:00.0,00:00.0,40,40,75,74.7,12,27:39.0,103584
85,2,30:00.0,30:00.0,40,40,75,73.3,12,27:39.0,103600
85,1,30:00.0,30:00.0,25,25.1,60,60.2,12,23:43.0,103624
85,1,30:00.0,30:00.0,25,25.1,60,60.4,12,23:43.0,103640
85,2,00:00.0,00:00.0,40,40,75,76.4,12,27:01.0,103663
85,1,00:00.0,00:00.0,25,24.9,60,60,12,00:41.0,103731
85,1,30:00.0,30:00.0,25,24.9,60,59.6,12,00:41.0,103748
85,2,30:00.0,30:00.0,40,40,75,74.5,12,04:15.0,103764
85,2,00:00.0,00:00.0,40,39,75,75.2,12,04:15.0,103775
85,2,00:00.0,00:00.0,40,39.4,75,75.5,12,04:15.0,103785
85,2,00:00.0,00:00.0,40,40,75,75.6,12,04:15.0,103793
85,1,30:00.0,30:00.0,25,24.9,60,59.8,14,01:00.0,103816
85,1,00:00.0,00:00.0,25,24.9,60,59.2,14,01:00.0,103817
85,1,00:00.0,00:00.0,25,24.9,60,59.6,14,01:00.0,103821
85,1,30:00.0,30:00.0,25,24.9,60,60.5,14,01:00.0,103822
85,1,00:00.0,00:00.0,25,24.9,60,60.2,14,01:00.0,103823
85,1,30:00.0,30:00.0,25,24.9,60,59.8,14,01:00.0,103824
85,1,00:00.0,00:00.0,25,24.9,60,60.9,14,01:00.0,103825
85,1,30:00.0,30:00.0,25,25,60,60.6,14,01:00.0,103826
85,1,00:00.0,00:00.0,25,25,60,60.4,14,01:00.0,103827
85,1,30:00.0,30:00.0,25,25,60,60.6,14,01:00.0,103828
85,1,00:00.0,00:00.0,25,25,60,60.5,14,01:00.0,103829
85,1,00:00.0,00:00.0,25,25,60,59.6,14,01:00.0,103841
85,1,30:00.0,30:00.0,25,25,60,59.2,14,01:00.0,103842
85,1,30:00.0,30:00.0,25,25,60,59.7,14,40:09.0,101417
85,1,00:00.0,00:00.0,25,24.9,60,60.1,14,40:09.0,101433
85,1,30:00.0,30:00.0,25,24.9,60,60.1,14,24:43.0,101448
85,1,30:00.0,30:00.0,25,25,60,61.2,14,24:43.0,101464
85,1,00:00.0,00:00.0,25,25.1,60,60.9,14,03:00.0,101789
85,1,30:00.0,30:00.0,25,25.1,60,60.4,14,03:00.0,101805
85,1,30:00.0,30:00.0,25,25,60,61.3,14,01:00.0,103914
85,1,00:00.0,00:00.0,25,25,60,60.5,14,01:00.0,103915
85,1,30:00.0,30:00.0,25,24.9,60,60.8,14,01:00.0,103916
85,1,00:00.0,00:00.0,25,25,60,60.4,14,01:00.0,103917
85,1,30:00.0,30:00.0,25,25,60,60.8,14,01:00.0,103918
85,1,00:00.0,00:00.0,25,25,60,60.2,14,01:00.0,103919
85,1,30:00.0,30:00.0,25,25,60,59.6,14,01:00.0,103928
85,1,30:00.0,30:00.0,25,24.8,60,60.1,14,01:00.0,103946
85,1,00:00.0,00:00.0,25,24.9,60,60.1,14,01:00.0,103947
85,1,30:00.0,30:00.0,25,24.9,60,60,14,01:00.0,103948
85,1,00:00.0,00:00.0,25,24.9,60,60.7,14,01:00.0,103949
85,1,30:00.0,30:00.0,25,24.9,60,59.4,14,01:00.0,103950
85,1,00:00.0,00:00.0,25,24.9,60,59.6,14,01:00.0,103951
85,1,30:00.0,30:00.0,25,24.9,60,60.1,14,01:00.0,103952
85,1,00:00.0,00:00.0,25,24.9,60,60.2,14,01:00.0,103953
85,1,30:00.0,30:00.0,25,24.9,60,59.4,14,01:00.0,103954
85,1,00:00.0,00:00.0,25,24.9,60,61,14,01:00.0,103955
85,1,00:00.0,00:00.0,25,24.9,60,60,14,01:00.0,103965
85,1,30:00.0,30:00.0,25,24.9,60,59.8,14,01:00.0,103966
85,1,00:00.0,00:00.0,25,25,60,59.2,14,01:00.0,103967
85,1,30:00.0,30:00.0,25,24.9,60,59.4,14,01:00.0,103968
85,1,00:00.0,00:00.0,25,24.9,60,59.2,14,01:00.0,103969
85,1,30:00.0,30:00.0,25,25,60,60.2,14,01:00.0,103978
85,1,00:00.0,00:00.0,25,25,60,60.7,14,01:00.0,103979
85,1,30:00.0,30:00.0,25,25,60,60.4,14,01:00.0,103980
85,1,00:00.0,00:00.0,25,25,60,61,14,01:00.0,103981
85,1,30:00.0,30:00.0,25,25,60,60.5,14,01:00.0,103982
85,1,00:00.0,00:00.0,25,25,60,60.3,14,01:00.0,103983
85,1,30:00.0,30:00.0,25,25,60,59.7,14,01:00.0,103984
85,1,00:00.0,00:00.0,25,25,60,59,14,01:00.0,103985
85,1,30:00.0,30:00.0,25,25,60,60.5,14,01:00.0,103994
85,1,00:00.0,00:00.0,25,25,60,60,14,01:00.0,103995
85,1,30:00.0,30:00.0,25,25,60,60.3,14,01:00.0,103996
85,1,00:00.0,00:00.0,25,25,60,59.6,14,01:00.0,103997
85,1,30:00.0,30:00.0,25,25.1,60,59.7,14,01:00.0,103998
85,1,00:00.0,00:00.0,25,25.1,60,59.8,14,01:00.0,103999
85,1,30:00.0,30:00.0,25,25.1,60,60.9,14,01:00.0,104000
85,1,00:00.0,00:00.0,25,25.1,60,60.4,14,01:00.0,104001
85,1,30:00.0,30:00.0,25,25.1,60,59.6,14,01:00.0,104002
85,1,00:00.0,00:00.0,25,25.1,60,60,14,01:00.0,104003
85,1,30:00.0,30:00.0,25,25.1,60,59.8,14,01:00.0,104004
85,1,00:00.0,00:00.0,25,25.1,60,59.3,14,01:00.0,104005
85,1,30:00.0,30:00.0,25,25.1,60,59.7,14,01:00.0,104006
85,1,00:00.0,00:00.0,25,25.1,60,59.1,14,01:00.0,104019
85,1,30:00.0,30:00.0,25,25.1,60,60.2,14,01:00.0,104020
85,1,30:00.0,30:00.0,25,26.4,60,62.2,14,34:05.0,105103
85,1,30:00.0,30:00.0,25,27.1,60,63.3,14,34:05.0,105114
85,1,30:00.0,30:00.0,25,28.8,60,58.5,14,34:05.0,105127
85,1,00:00.0,00:00.0,25,26.7,60,62.9,14,34:05.0,105149
85,1,30:00.0,30:00.0,25,26,60,75.5,14,34:05.0,105167
85,1,30:00.0,30:00.0,25,25.5,60,59,14,34:05.0,105183
85,1,30:00.0,30:00.0,25,27.6,60,69.4,14,34:05.0,105195
85,2,30:00.0,30:00.0,40,40,75,77.9,14,45:58.0,105233
85,2,30:00.0,30:00.0,40,40,75,75.2,14,45:58.0,105254
85,2,30:00.0,30:00.0,40,40,75,75.7,14,45:58.0,105272
85,1,30:00.0,30:00.0,25,28.6,60,66.6,12,07:26.0,105412
85,1,00:00.0,00:00.0,25,30.4,60,88.1,12,08:47.0,105424
85,1,30:00.0,30:00.0,25,27.9,60,71.8,12,08:47.0,105425
85,1,00:00.0,00:00.0,25,27,60,64,12,08:47.0,105426
85,1,30:00.0,30:00.0,25,26.4,60,61.7,12,08:47.0,105427
85,1,00:00.0,00:00.0,25,25.5,60,59.6,12,08:47.0,105428
85,1,30:00.0,30:00.0,25,24.6,60,59.1,12,08:47.0,105429
85,1,00:00.0,00:00.0,25,23.4,60,61.2,12,08:47.0,105430
85,1,30:00.0,30:00.0,25,24.2,60,72.9,12,08:47.0,105432
85,1,00:00.0,00:00.0,25,26.2,60,76.9,12,08:47.0,105433
85,1,30:00.0,30:00.0,25,27.4,60,66.3,12,08:47.0,105434
85,1,00:00.0,00:00.0,25,27.7,60,58.6,12,08:47.0,105435
85,1,30:00.0,30:00.0,25,27.6,60,56.9,12,08:47.0,105436
85,1,00:00.0,00:00.0,25,27.4,60,56,12,08:47.0,105437
85,1,30:00.0,30:00.0,25,26.9,60,53.9,12,08:47.0,105438
85,1,00:00.0,00:00.0,25,32,60,80,12,08:47.0,105439
85,1,30:00.0,30:00.0,25,28.5,60,77.8,12,08:47.0,105440
85,1,00:00.0,00:00.0,25,26.9,60,63.8,12,08:47.0,105441
85,1,30:00.0,30:00.0,25,26.3,60,61.2,12,08:47.0,105442
85,1,00:00.0,00:00.0,25,25.4,60,59.3,12,08:47.0,105443
85,1,30:00.0,30:00.0,25,23.9,60,58.8,12,08:47.0,105444
85,1,00:00.0,00:00.0,25,24,60,74,12,08:47.0,105445
85,1,30:00.0,30:00.0,25,25.3,60,80.5,12,08:47.0,105446
85,2,00:00.0,00:00.0,40,40,75,79.8,14,21:37.0,105635
85,2,30:00.0,30:00.0,40,40,75,78.9,14,21:37.0,105638
85,2,30:00.0,30:00.0,40,39.9,75,74.9,14,21:37.0,105642
85,2,00:00.0,00:00.0,40,39.9,75,79.6,14,21:37.0,105647
85,2,30:00.0,30:00.0,40,40,75,77.7,14,21:37.0,105652
85,1,00:00.0,00:00.0,25,25,60,60.2,14,40:09.0,101408
85,1,00:00.0,00:00.0,25,24.9,60,60.6,14,40:09.0,101424
85,1,00:00.0,00:00.0,25,24.9,60,60.5,14,24:43.0,101439
85,1,00:00.0,00:00.0,25,24.9,60,59.6,14,24:43.0,101455
85,1,00:00.0,00:00.0,25,25,60,59.1,14,24:43.0,101474
85,1,00:00.0,00:00.0,25,25,60,60.1,14,24:43.0,101478
85,2,00:00.0,00:00.0,40,39.9,75,74.9,14,56:20.0,101488
85,2,00:00.0,00:00.0,40,39.9,75,75.6,14,56:35.0,101503
85,2,30:00.0,30:00.0,40,39.9,75,74.1,14,56:35.0,101504
85,2,00:00.0,00:00.0,40,39.9,75,75.3,14,56:35.0,101505
85,2,30:00.0,30:00.0,40,39.9,75,75,14,56:35.0,101506
85,2,00:00.0,00:00.0,40,39.9,75,74.9,14,56:35.0,101507
85,2,30:00.0,30:00.0,40,40,75,74.6,14,56:35.0,101508
85,2,30:00.0,30:00.0,40,40,75,74.9,14,56:35.0,101510
85,2,00:00.0,00:00.0,40,40,75,74.9,14,56:35.0,101511
85,2,30:00.0,30:00.0,40,40,75,75.7,14,56:35.0,101512
85,2,00:00.0,00:00.0,40,39.9,75,75.1,14,56:35.0,101513
85,2,30:00.0,30:00.0,40,39.9,75,75.1,14,56:35.0,101514
85,2,00:00.0,00:00.0,40,39.9,75,74.9,14,56:35.0,101515
85,2,30:00.0,30:00.0,40,40,75,74.9,14,56:35.0,101516
85,2,00:00.0,00:00.0,40,40,75,73.9,14,56:35.0,101517
85,2,30:00.0,30:00.0,40,40,75,75,14,56:35.0,101518
85,2,00:00.0,00:00.0,40,40.1,75,75.1,14,56:35.0,101519
85,2,30:00.0,30:00.0,40,39.9,75,75.3,14,56:35.0,101520
85,2,00:00.0,00:00.0,40,40,75,74.6,14,56:35.0,101521
85,2,30:00.0,30:00.0,40,39.9,75,75.2,14,56:35.0,101522
85,2,00:00.0,00:00.0,40,40,75,75.1,14,56:35.0,101523
85,2,30:00.0,30:00.0,40,40,75,74.2,14,56:35.0,101524
85,2,00:00.0,00:00.0,40,39.9,75,74.9,14,56:35.0,101525
85,2,30:00.0,30:00.0,40,39.9,75,74.4,14,56:35.0,101526
85,2,00:00.0,00:00.0,40,39.9,75,75.4,14,56:35.0,101527
85,2,30:00.0,30:00.0,40,40,75,74.8,14,56:35.0,101528
85,2,00:00.0,00:00.0,40,40,75,75.1,14,56:35.0,101529
85,2,30:00.0,30:00.0,40,40,75,75.3,14,56:35.0,101530
85,2,00:00.0,00:00.0,40,40.1,75,74,14,56:35.0,101531
85,2,30:00.0,30:00.0,40,40,75,74.6,14,56:35.0,101532
85,2,00:00.0,00:00.0,40,40,75,74.6,14,56:35.0,101533
85,2,30:00.0,30:00.0,40,40,75,74.9,14,56:35.0,101534
85,2,00:00.0,00:00.0,40,40,75,75.7,14,56:35.0,101535
85,2,30:00.0,30:00.0,40,40,75,74.9,14,56:35.0,101536
85,2,00:00.0,00:00.0,40,40.1,75,74.8,14,56:35.0,101537
85,2,30:00.0,30:00.0,40,40,75,74.9,14,56:35.0,101538
85,2,00:00.0,00:00.0,40,40,75,74.7,14,56:35.0,101539
85,2,30:00.0,30:00.0,40,40,75,75.5,14,56:35.0,101540
85,2,00:00.0,00:00.0,40,40,75,75.4,14,56:35.0,101541
85,1,00:00.0,00:00.0,25,25.1,60,60.7,14,03:00.0,101780
85,1,30:00.0,30:00.0,25,25.1,60,60,14,03:00.0,101796
85,1,00:00.0,00:00.0,25,25.1,60,60.9,14,01:00.0,103895
85,1,30:00.0,30:00.0,25,25.1,60,60,14,01:00.0,103896
85,1,00:00.0,00:00.0,25,25,60,59.5,14,01:00.0,103897
85,1,30:00.0,30:00.0,25,25,60,61.4,14,01:00.0,103898
85,1,00:00.0,00:00.0,25,25,60,60.3,14,01:00.0,103899
85,1,30:00.0,30:00.0,25,25.1,60,60.9,14,01:00.0,103900
85,1,00:00.0,00:00.0,25,25.1,60,60.7,14,01:00.0,103901
85,1,30:00.0,30:00.0,25,25.1,60,60.5,14,01:00.0,103902
85,1,00:00.0,00:00.0,25,24.9,60,60.3,14,01:00.0,103929
85,1,30:00.0,30:00.0,25,24.9,60,59.4,14,01:00.0,103930
85,1,00:00.0,00:00.0,25,24.9,60,59.8,14,01:00.0,103931
85,1,30:00.0,30:00.0,25,24.9,60,60.3,14,01:00.0,103932
85,1,00:00.0,00:00.0,25,24.9,60,59.6,14,01:00.0,103933
85,1,30:00.0,30:00.0,25,24.9,60,60,14,01:00.0,103934
85,1,00:00.0,00:00.0,25,24.9,60,60.2,14,01:00.0,103935
85,1,30:00.0,30:00.0,25,24.9,60,59,14,01:00.0,103936
85,1,00:00.0,00:00.0,25,24.9,60,60.2,14,01:00.0,103937
85,1,30:00.0,30:00.0,25,25,60,59.9,14,01:00.0,104013
85,1,00:00.0,00:00.0,25,25.1,60,59.8,14,01:00.0,104014
85,1,30:00.0,30:00.0,25,25.1,60,60.5,14,01:00.0,104015
85,1,00:00.0,00:00.0,25,25.1,60,60.2,14,01:00.0,104016
85,1,00:00.0,00:00.0,25,23.9,60,65.5,14,34:05.0,105117
85,1,30:00.0,30:00.0,25,28.6,60,59.2,14,34:05.0,105131
85,1,00:00.0,00:00.0,25,26.8,60,54.5,14,34:05.0,105147
85,1,30:00.0,30:00.0,25,28.5,60,79.2,14,34:05.0,105160
85,1,00:00.0,00:00.0,25,26.7,60,67.3,14,34:05.0,105175
85,1,30:00.0,30:00.0,25,28.7,60,83.2,14,34:05.0,105205
85,1,30:00.0,30:00.0,25,27.6,60,56.3,14,34:05.0,105217
85,2,00:00.0,00:00.0,40,40,75,76.2,14,45:58.0,105234
85,2,30:00.0,30:00.0,40,40,75,76.2,14,45:58.0,105256
85,2,00:00.0,00:00.0,40,40.1,75,73.7,14,45:58.0,105280
85,2,30:00.0,30:00.0,40,40,75,74.8,14,45:58.0,105289
85,2,30:00.0,30:00.0,40,40,75,73.8,14,21:37.0,105601
85,2,30:00.0,30:00.0,40,39.9,75,73.2,14,21:37.0,105605
85,2,00:00.0,00:00.0,40,39.9,75,75.2,14,21:37.0,105609
85,2,00:00.0,00:00.0,40,40,75,80.5,14,21:37.0,105613
85,2,00:00.0,00:00.0,40,39.9,75,80.7,14,21:37.0,105617
85,2,30:00.0,30:00.0,40,40,75,79.8,14,21:37.0,105630
85,2,00:00.0,00:00.0,40,40,75,79.3,14,21:37.0,105641
85,2,30:00.0,30:00.0,40,40,75,76.6,14,21:37.0,105646
85,2,30:00.0,30:00.0,40,40,75,75.8,14,21:37.0,105650
85,2,00:00.0,00:00.0,40,40,75,75.8,14,21:37.0,105653
85,2,00:00.0,00:00.0,40,40,75,80.1,14,21:37.0,105657
85,2,00:00.0,00:00.0,40,40,75,77.9,14,21:37.0,105659
85,2,00:00.0,00:00.0,40,40,75,74.2,14,21:37.0,105663
85,2,00:00.0,00:00.0,40,40,75,75.3,14,21:37.0,105665
85,1,30:00.0,30:00.0,25,24.9,60,60.5,14,40:09.0,101415
85,1,00:00.0,00:00.0,25,24.9,60,60.4,14,40:09.0,101431
85,1,30:00.0,30:00.0,25,25,60,59.9,14,24:43.0,101446
85,1,30:00.0,30:00.0,25,24.9,60,61.1,14,24:43.0,101462
85,1,00:00.0,00:00.0,25,25.1,60,60.5,14,03:00.0,101787
85,1,00:00.0,00:00.0,25,25,60,59.2,14,24:43.0,101476
85,1,00:00.0,00:00.0,25,25.1,60,60,14,24:43.0,101486
85,1,30:00.0,30:00.0,25,25.1,60,59.5,14,01:00.0,103904
85,1,30:00.0,30:00.0,25,25.1,60,59.7,14,03:00.0,101813
85,1,00:00.0,00:00.0,25,25.1,60,59.7,14,03:00.0,101816
85,1,30:00.0,30:00.0,25,25,60,59.5,14,03:00.0,101827
85,1,30:00.0,30:00.0,25,25,60,60.2,14,03:00.0,101831
85,1,30:00.0,30:00.0,25,24.9,60,58.9,14,03:00.0,101841
85,1,00:00.0,00:00.0,25,24.9,60,59,14,03:00.0,101850
85,1,00:00.0,00:00.0,25,24.9,60,60.4,14,03:00.0,101856
85,1,30:00.0,30:00.0,25,24.9,60,60.4,14,03:00.0,101861
85,1,00:00.0,00:00.0,25,24.9,60,60.2,14,03:00.0,101872
85,1,00:00.0,00:00.0,25,24.9,60,59.9,14,03:00.0,101874
85,1,30:00.0,30:00.0,25,24.9,60,59.2,14,03:00.0,101883
85,1,00:00.0,00:00.0,25,25,60,60,14,03:00.0,101888
85,1,30:00.0,30:00.0,25,24.9,60,59.8,14,03:00.0,101893
85,1,00:00.0,00:00.0,25,25,60,59.5,14,03:00.0,101904
85,1,00:00.0,00:00.0,25,25.1,60,61.1,14,03:00.0,101906
85,1,30:00.0,30:00.0,25,25.1,60,60.1,14,03:00.0,101914
85,1,00:00.0,00:00.0,25,25.1,60,59.7,14,01:00.0,103905
85,1,30:00.0,30:00.0,25,25,60,59.8,14,01:00.0,103906
85,1,00:00.0,00:00.0,25,25.1,60,59.6,14,01:00.0,103907
85,1,30:00.0,30:00.0,25,25,60,60,14,01:00.0,103908
85,1,00:00.0,00:00.0,25,25,60,59.9,14,01:00.0,103909
85,1,30:00.0,30:00.0,25,25,60,59.7,14,01:00.0,103910
85,1,00:00.0,00:00.0,25,25,60,60.1,14,01:00.0,103911
85,1,30:00.0,30:00.0,25,25,60,59.3,14,01:00.0,103912
85,1,00:00.0,00:00.0,25,25,60,59.3,14,01:00.0,103913
85,1,30:00.0,30:00.0,25,25,60,60.4,14,01:00.0,103920
85,1,00:00.0,00:00.0,25,24.9,60,60.3,14,01:00.0,103921
85,1,30:00.0,30:00.0,25,25,60,59.4,14,01:00.0,103922
85,1,00:00.0,00:00.0,25,25,60,60.6,14,01:00.0,103923
85,1,30:00.0,30:00.0,25,24.9,60,60.2,14,01:00.0,103924
85,1,00:00.0,00:00.0,25,25,60,60.6,14,01:00.0,103925
85,1,30:00.0,30:00.0,25,24.9,60,59.8,14,01:00.0,103926
85,1,00:00.0,00:00.0,25,24.9,60,59.8,14,01:00.0,103927
85,1,30:00.0,30:00.0,25,24.9,60,60.5,14,01:00.0,103938
85,1,00:00.0,00:00.0,25,24.9,60,60,14,01:00.0,103939
85,1,30:00.0,30:00.0,25,25,60,60.4,14,01:00.0,103940
85,1,00:00.0,00:00.0,25,24.9,60,60.3,14,01:00.0,103941
85,1,30:00.0,30:00.0,25,24.9,60,60,14,01:00.0,103942
85,1,00:00.0,00:00.0,25,24.9,60,60,14,01:00.0,103943
85,1,30:00.0,30:00.0,25,24.9,60,60.9,14,01:00.0,103944
85,1,00:00.0,00:00.0,25,24.9,60,60.3,14,01:00.0,103945
85,1,30:00.0,30:00.0,25,25,60,60,14,01:00.0,103956
85,1,00:00.0,00:00.0,25,24.9,60,58.7,14,01:00.0,103957
85,1,30:00.0,30:00.0,25,24.9,60,61.1,14,01:00.0,103958
85,1,00:00.0,00:00.0,25,24.9,60,60.1,14,01:00.0,103959
85,1,30:00.0,30:00.0,25,24.9,60,60.7,14,01:00.0,103960
85,1,00:00.0,00:00.0,25,24.9,60,59.1,14,01:00.0,103961
85,1,30:00.0,30:00.0,25,24.9,60,59.8,14,01:00.0,103962
85,1,00:00.0,00:00.0,25,25,60,59.7,14,01:00.0,103963
85,1,30:00.0,30:00.0,25,25,60,61.2,14,01:00.0,103964
85,1,30:00.0,30:00.0,25,24.9,60,59.9,14,01:00.0,103970
85,1,00:00.0,00:00.0,25,25,60,59.4,14,01:00.0,103971
85,1,30:00.0,30:00.0,25,25,60,59.8,14,01:00.0,103972
85,1,00:00.0,00:00.0,25,25,60,59.7,14,01:00.0,103973
85,1,30:00.0,30:00.0,25,25,60,59.7,14,01:00.0,103974
85,1,00:00.0,00:00.0,25,25,60,60.7,14,01:00.0,103975
85,1,30:00.0,30:00.0,25,25,60,59.4,14,01:00.0,103976
85,1,00:00.0,00:00.0,25,25,60,58.3,14,01:00.0,103977
85,1,30:00.0,30:00.0,25,25,60,60.3,14,01:00.0,103986
85,1,00:00.0,00:00.0,25,25,60,58.2,14,01:00.0,103987
85,1,30:00.0,30:00.0,25,25,60,60.4,14,01:00.0,103988
85,1,00:00.0,00:00.0,25,25,60,60.1,14,01:00.0,103989
85,1,30:00.0,30:00.0,25,25,60,59.7,14,01:00.0,103990
85,1,00:00.0,00:00.0,25,25,60,60.3,14,01:00.0,103991
85,1,30:00.0,30:00.0,25,25,60,59.4,14,01:00.0,103992
85,1,00:00.0,00:00.0,25,25.1,60,60,14,01:00.0,103993
85,1,30:00.0,30:00.0,25,26.1,60,62.7,14,34:05.0,105106
85,1,30:00.0,30:00.0,25,25.1,60,59.4,14,01:00.0,104018
85,2,00:00.0,00:00.0,40,40,75,76.7,14,45:58.0,105236
85,2,30:00.0,30:00.0,40,40,75,73.8,14,45:58.0,105248
85,2,30:00.0,30:00.0,40,40.1,75,75.6,14,45:58.0,105268
85,2,30:00.0,30:00.0,40,40,75,74.6,14,45:58.0,105285
85,2,30:00.0,30:00.0,40,40,75,77.8,14,21:37.0,105599
85,2,30:00.0,30:00.0,40,39.9,75,75.1,14,21:37.0,105603
85,2,00:00.0,00:00.0,40,40,75,77,14,21:37.0,105606
85,2,30:00.0,30:00.0,40,40,75,78.2,14,21:37.0,105610
85,2,30:00.0,30:00.0,40,39.9,75,75.1,14,21:37.0,105614
85,2,00:00.0,00:00.0,40,39.9,75,74.3,14,21:37.0,105619
85,2,30:00.0,30:00.0,40,40,75,81.4,14,21:37.0,105624
85,2,00:00.0,00:00.0,40,39.9,75,78.1,14,21:37.0,105627
85,2,00:00.0,00:00.0,40,39.9,75,73.3,14,21:37.0,105631
85,1,30:00.0,30:00.0,25,24.9,60,60.2,12,56:08.0,101056
85,1,00:00.0,00:00.0,25,25,60,60.2,12,13:41.0,101012
85,1,30:00.0,30:00.0,25,25,60,60.5,12,13:43.0,101013
85,1,00:00.0,00:00.0,25,25,60,60.1,12,13:45.0,101014
85,1,30:00.0,30:00.0,25,24.9,60,59.8,12,13:47.0,101015
85,1,00:00.0,00:00.0,25,25,60,59.5,12,13:49.0,101016
85,1,30:00.0,30:00.0,25,24.9,60,60.1,12,13:51.0,101017
85,1,00:00.0,00:00.0,25,24.9,60,59.5,12,13:52.0,101018
85,1,30:00.0,30:00.0,25,25,60,59.9,12,13:54.0,101019
85,1,00:00.0,00:00.0,25,25,60,60.1,12,13:56.0,101020
85,1,00:00.0,00:00.0,25,25.1,60,60.1,14,01:00.0,104023
85,1,30:00.0,30:00.0,25,25.1,60,60.1,12,07:57.0,101113
85,1,00:00.0,00:00.0,25,25.2,60,61,12,15:36.0,101122
85,1,30:00.0,30:00.0,25,25.1,60,60.1,14,01:00.0,104024
85,1,30:00.0,30:00.0,25,24.9,60,59.6,12,10:34.0,104201
85,1,00:00.0,00:00.0,25,24.9,60,60,12,10:34.0,104217
85,1,30:00.0,30:00.0,25,25,60,60.4,14,04:49.0,104778
85,1,30:00.0,30:00.0,25,24.9,60,59.9,14,04:49.0,104806
85,1,00:00.0,00:00.0,25,24.9,60,60.3,14,04:49.0,104824
85,1,00:00.0,00:00.0,25,24.9,60,60.3,14,04:49.0,104836
85,1,00:00.0,00:00.0,25,24.9,60,59.9,14,04:49.0,104848
85,1,00:00.0,00:00.0,25,25,60,59.7,14,04:49.0,104870
85,1,00:00.0,00:00.0,25,25.1,60,60.4,14,04:49.0,104881
85,1,00:00.0,00:00.0,25,25.1,60,59.1,14,04:49.0,104893
85,1,30:00.0,30:00.0,25,25,60,59.9,14,29:14.0,104913
85,1,00:00.0,00:00.0,25,24.9,60,60.1,14,34:05.0,104948
85,1,30:00.0,30:00.0,25,25,60,60.1,14,34:05.0,104965
85,1,30:00.0,30:00.0,25,27.5,60,57.1,14,34:05.0,105004
85,1,00:00.0,00:00.0,25,27.2,60,73.4,14,34:05.0,105019
85,1,00:00.0,00:00.0,25,26.4,60,73,14,34:05.0,105028
85,1,00:00.0,00:00.0,25,27.6,60,56.8,14,34:05.0,105044
85,1,00:00.0,00:00.0,25,28.1,60,61.1,14,34:05.0,105055
85,1,30:00.0,30:00.0,25,27.3,60,63.6,14,34:05.0,105085
85,1,30:00.0,30:00.0,25,28.1,60,54.9,14,34:05.0,105116
85,1,30:00.0,30:00.0,25,28.5,60,84.3,14,34:05.0,105129
85,1,00:00.0,00:00.0,25,27.6,60,59.2,14,34:05.0,105157
85,1,30:00.0,30:00.0,25,27.1,60,74.6,14,34:05.0,105189
85,1,00:00.0,00:00.0,25,25.5,60,60,14,34:05.0,105196
85,1,30:00.0,30:00.0,25,26.4,60,61.8,14,34:05.0,105207
85,1,30:00.0,30:00.0,25,28.1,60,65.6,14,34:05.0,105215
85,2,00:00.0,00:00.0,40,40,75,76,14,43:03.0,105224
85,2,00:00.0,00:00.0,40,40,75,74.7,14,45:58.0,105242
85,2,00:00.0,00:00.0,40,39.9,75,74.9,14,45:58.0,105273
85,2,30:00.0,30:00.0,40,40,75,75,14,54:42.0,105297
85,2,00:00.0,00:00.0,40,39.9,75,75,14,54:42.0,105298
85,2,30:00.0,30:00.0,40,40,75,75.3,14,54:42.0,105299
85,2,00:00.0,00:00.0,40,40,75,76,14,54:42.0,105300
85,2,30:00.0,30:00.0,40,40.1,75,75.5,14,54:42.0,105302
85,2,00:00.0,00:00.0,40,39.9,75,75.1,14,54:42.0,105303
85,2,30:00.0,30:00.0,40,40,75,75.1,14,54:42.0,105304
85,2,00:00.0,00:00.0,40,39.9,75,75.4,14,54:42.0,105305
85,2,30:00.0,30:00.0,40,39.9,75,75.9,14,54:42.0,105306
85,2,00:00.0,00:00.0,40,40,75,74.6,14,54:42.0,105307
85,2,30:00.0,30:00.0,40,39.9,75,75.3,14,54:42.0,105308
85,2,00:00.0,00:00.0,40,40,75,74.8,14,54:42.0,105309
85,2,30:00.0,30:00.0,40,40,75,75.2,14,57:13.0,105310
85,2,00:00.0,00:00.0,40,39.8,75,75.3,14,57:13.0,105311
85,2,30:00.0,30:00.0,40,40.1,75,74.2,14,57:13.0,105312
85,2,00:00.0,00:00.0,40,40,75,74.5,14,57:13.0,105313
85,2,30:00.0,30:00.0,40,39.9,75,75.5,14,57:13.0,105314
85,2,00:00.0,00:00.0,40,40,75,75.4,14,57:13.0,105315
85,2,30:00.0,30:00.0,40,39.9,75,75.4,14,57:13.0,105316
85,2,00:00.0,00:00.0,40,40,75,74.5,14,57:13.0,105317
85,2,30:00.0,30:00.0,40,40,75,74.7,14,57:13.0,105318
85,2,00:00.0,00:00.0,40,40,75,74.5,14,57:13.0,105319
85,2,30:00.0,30:00.0,40,40,75,74.1,14,57:13.0,105320
85,2,00:00.0,00:00.0,40,40,75,75.1,14,57:13.0,105321
85,2,30:00.0,30:00.0,40,40,75,75.3,14,57:13.0,105322
85,2,00:00.0,00:00.0,40,40,75,76,14,57:13.0,105323
85,2,30:00.0,30:00.0,40,39.9,75,76,14,57:13.0,105324
85,2,00:00.0,00:00.0,40,40,75,76.3,14,57:13.0,105325
85,2,30:00.0,30:00.0,40,40,75,74.4,14,57:13.0,105326
85,2,00:00.0,00:00.0,40,40,75,75.4,14,57:13.0,105327
85,2,30:00.0,30:00.0,40,40.1,75,77.1,14,57:13.0,105328
85,2,00:00.0,00:00.0,40,40,75,73.9,14,57:13.0,105329
85,2,30:00.0,30:00.0,40,40,75,76.5,14,57:13.0,105330
85,2,00:00.0,00:00.0,40,40,75,78.3,14,57:13.0,105331
85,2,30:00.0,30:00.0,40,40.1,75,79.3,14,57:13.0,105332
85,2,00:00.0,00:00.0,40,40,75,78.8,14,21:37.0,105579
85,2,00:00.0,00:00.0,40,40.1,75,75.7,14,21:37.0,105583
85,2,00:00.0,00:00.0,40,40.1,75,77,14,21:37.0,105587
85,2,00:00.0,00:00.0,40,40,75,73.8,14,21:37.0,105593
85,2,00:00.0,00:00.0,40,40,75,77.2,14,21:37.0,105597
85,2,30:00.0,30:00.0,40,40,75,75.9,14,21:37.0,105697
85,2,00:00.0,00:00.0,40,40,75,76.7,14,21:37.0,105702
85,2,00:00.0,00:00.0,40,40.1,75,76.9,14,21:37.0,105708
85,2,30:00.0,30:00.0,40,40,75,74.7,14,21:37.0,105711
85,2,30:00.0,30:00.0,40,40,75,75.4,12,18:22.0,101206
85,1,30:00.0,30:00.0,25,25,60,59.7,14,40:09.0,101413
85,1,00:00.0,00:00.0,25,24.9,60,59.3,14,40:09.0,101429
85,1,30:00.0,30:00.0,25,24.9,60,59.9,14,24:43.0,101444
85,1,30:00.0,30:00.0,25,24.9,60,60.7,14,24:43.0,101460
85,1,00:00.0,00:00.0,25,24.9,60,59.1,14,58:20.0,101710
85,1,30:00.0,30:00.0,25,24.9,60,60.4,14,58:20.0,101711
85,1,00:00.0,00:00.0,25,24.9,60,60.4,14,58:20.0,101712
85,1,30:00.0,30:00.0,25,24.9,60,60.4,14,58:20.0,101713
85,1,30:00.0,30:00.0,25,25.1,60,60.4,14,03:00.0,101785
85,1,00:00.0,00:00.0,25,25.1,60,59.2,14,03:00.0,101801
85,1,00:00.0,00:00.0,25,25.1,60,60.9,14,03:00.0,101810
85,1,30:00.0,30:00.0,25,25,60,59,14,03:00.0,101823
85,1,00:00.0,00:00.0,25,25,60,60.2,14,03:00.0,101832
85,1,00:00.0,00:00.0,25,24.9,60,60.1,14,03:00.0,101840
85,1,00:00.0,00:00.0,25,24.9,60,59.6,14,03:00.0,101848
85,1,30:00.0,30:00.0,25,24.9,60,60.5,14,03:00.0,101857
85,1,30:00.0,30:00.0,25,24.9,60,60.1,14,03:00.0,101865
85,1,30:00.0,30:00.0,25,24.9,60,60.3,14,03:00.0,101873
85,1,30:00.0,30:00.0,25,24.9,60,59.8,14,03:00.0,101881
85,1,30:00.0,30:00.0,25,25,60,59.5,14,03:00.0,101889
85,1,30:00.0,30:00.0,25,25,60,60.2,14,03:00.0,101897
85,1,30:00.0,30:00.0,25,25,60,60.1,14,03:00.0,101905
85,1,00:00.0,00:00.0,25,25.1,60,60.7,14,03:00.0,101912
85,1,00:00.0,00:00.0,25,24.9,60,60.1,12,10:34.0,104195
85,1,30:00.0,30:00.0,25,24.9,60,60.1,12,10:34.0,104211
85,1,00:00.0,00:00.0,25,25,60,60.2,12,10:34.0,104227
85,2,30:00.0,30:00.0,40,40,75,75,12,55:26.0,104454
85,2,30:00.0,30:00.0,40,40.1,75,78.6,12,15:36.0,104354
85,2,00:00.0,00:00.0,40,40.1,75,74.1,12,15:36.0,104369
85,2,30:00.0,30:00.0,40,38.5,75,75,12,15:36.0,104376
85,2,30:00.0,30:00.0,40,40,75,75.1,12,55:26.0,104458
85,2,30:00.0,30:00.0,40,40.2,75,75.6,12,15:36.0,104399
85,2,00:00.0,00:00.0,40,40.3,75,74.1,12,15:36.0,104408
85,2,30:00.0,30:00.0,40,40.1,75,73.7,12,15:36.0,104418
85,2,30:00.0,30:00.0,40,39.9,75,75.3,12,49:27.0,104434
85,2,00:00.0,00:00.0,40,40,75,75,12,55:26.0,104461
85,2,00:00.0,00:00.0,40,39.8,75,75,12,50:24.0,104436
85,2,30:00.0,30:00.0,40,40,75,75.7,12,50:25.0,104437
85,2,00:00.0,00:00.0,40,39.9,75,74.9,12,50:27.0,104438
85,2,30:00.0,30:00.0,40,39.9,75,74.6,12,50:29.0,104439
85,2,00:00.0,00:00.0,40,39.9,75,75.2,12,50:31.0,104440
85,2,30:00.0,30:00.0,40,39.9,75,75.1,12,50:33.0,104441
85,2,00:00.0,00:00.0,40,40,75,75.8,12,50:35.0,104442
85,2,30:00.0,30:00.0,40,40,75,74.5,12,50:37.0,104443
85,2,00:00.0,00:00.0,40,39.9,75,74.8,12,50:39.0,104444
85,2,30:00.0,30:00.0,40,40,75,75,12,50:41.0,104445
85,2,00:00.0,00:00.0,40,40,75,74.5,12,50:43.0,104446
85,2,30:00.0,30:00.0,40,40,75,75.3,12,50:45.0,104447
85,2,00:00.0,00:00.0,40,40,75,74.7,12,50:47.0,104448
85,2,30:00.0,30:00.0,40,40,75,74.7,12,50:48.0,104449
85,2,00:00.0,00:00.0,40,40,75,74.3,12,50:50.0,104450
85,2,00:00.0,00:00.0,40,40,75,75.8,12,55:26.0,104466
85,2,30:00.0,30:00.0,40,40,75,74.8,12,50:56.0,104452
85,2,00:00.0,00:00.0,40,40,75,74.9,12,50:58.0,104453
85,2,30:00.0,30:00.0,40,39.3,75,74.8,12,55:26.0,104467
85,2,30:00.0,30:00.0,40,39.9,75,74.8,12,55:26.0,104469
85,2,30:00.0,30:00.0,40,40,75,75.4,12,55:26.0,104475
85,2,30:00.0,30:00.0,40,40,75,75.6,12,55:26.0,104479
85,2,00:00.0,00:00.0,40,40,75,73.9,12,55:26.0,104484
85,1,30:00.0,30:00.0,25,25.1,60,59.8,14,04:49.0,104765
85,2,00:00.0,00:00.0,40,40,75,74.3,12,55:26.0,104494
85,2,00:00.0,00:00.0,40,40,75,79.4,12,55:26.0,104500
85,2,00:00.0,00:00.0,40,40,75,73,12,55:26.0,104504
85,2,00:00.0,00:00.0,40,40,75,77.4,12,55:26.0,104508
85,2,00:00.0,00:00.0,40,40,75,75.2,12,55:26.0,104510
85,2,30:00.0,30:00.0,40,40,75,79.4,12,55:26.0,104515
85,1,00:00.0,00:00.0,25,25,60,60.4,14,04:49.0,104785
85,2,00:00.0,00:00.0,40,40,75,74.7,12,55:26.0,104522
85,2,00:00.0,00:00.0,40,40,75,73.4,12,55:26.0,104526
85,2,30:00.0,30:00.0,40,40,75,76.1,12,55:26.0,104529
85,2,00:00.0,00:00.0,40,40,75,79.1,12,58:58.0,104532
85,2,00:00.0,00:00.0,40,40,75,79.4,12,58:58.0,104538
85,2,00:00.0,00:00.0,40,40,75,73.7,12,58:58.0,104542
85,2,30:00.0,30:00.0,40,39.9,75,75.3,12,58:58.0,104547
85,1,00:00.0,00:00.0,25,24.9,60,59.9,14,04:49.0,104797
85,1,30:00.0,30:00.0,25,29,60,81.4,14,34:05.0,105095
85,2,00:00.0,00:00.0,40,40,75,77.6,14,45:58.0,105230
85,2,30:00.0,30:00.0,40,40,75,76.3,14,45:58.0,105266
85,1,30:00.0,30:00.0,25,25.3,60,79,14,20:50.0,105550
85,1,00:00.0,00:00.0,25,27.2,60,71.4,14,20:50.0,105551
85,1,30:00.0,30:00.0,25,27.9,60,63.4,14,20:50.0,105552
85,1,00:00.0,00:00.0,25,27.3,60,65.1,14,20:50.0,105553
85,1,30:00.0,30:00.0,25,26.8,60,55.5,14,20:50.0,105554
85,1,00:00.0,00:00.0,25,29.5,60,86.6,14,20:50.0,105555
85,1,30:00.0,30:00.0,25,29,60,87.9,14,20:50.0,105556
85,2,00:00.0,00:00.0,40,40,75,76.3,14,21:37.0,105563
85,2,30:00.0,30:00.0,40,40,75,75,14,21:37.0,105580
85,2,30:00.0,30:00.0,40,40,75,77.3,14,21:37.0,105582
85,2,30:00.0,30:00.0,40,40.1,75,76.9,14,21:37.0,105586
85,1,00:00.0,00:00.0,25,25,60,59.6,12,56:52.0,101071
85,1,30:00.0,30:00.0,25,24.9,60,60.2,12,56:54.0,101072
85,1,00:00.0,00:00.0,25,25,60,60,12,56:56.0,101073
85,1,30:00.0,30:00.0,25,25,60,59.8,12,56:58.0,101074
85,1,00:00.0,00:00.0,25,25,60,59.8,12,57:00.0,101075
85,1,30:00.0,30:00.0,25,25,60,59.8,12,57:02.0,101076
85,1,00:00.0,00:00.0,25,25,60,60.4,12,57:04.0,101077
85,1,30:00.0,30:00.0,25,25,60,60.1,12,57:06.0,101078
85,1,00:00.0,00:00.0,25,24.9,60,59.7,12,10:34.0,104193
85,1,30:00.0,30:00.0,25,24.9,60,59.7,12,10:34.0,104209
85,1,00:00.0,00:00.0,25,25,60,60.1,12,10:34.0,104225
85,1,30:00.0,30:00.0,25,25.1,60,60.1,12,10:34.0,104249
85,1,30:00.0,30:00.0,25,25.1,60,60.1,12,10:34.0,104261
85,2,00:00.0,00:00.0,40,39.9,75,74.1,12,15:36.0,104279
85,2,30:00.0,30:00.0,40,40,75,74.9,12,15:36.0,104294
85,2,30:00.0,30:00.0,40,40.1,75,76.6,12,55:26.0,104499
85,2,30:00.0,30:00.0,40,38.9,75,75.1,12,15:36.0,104314
85,2,00:00.0,00:00.0,40,40,75,74.8,12,15:36.0,104323
85,2,30:00.0,30:00.0,40,40.1,75,79.8,12,15:36.0,104336
85,2,30:00.0,30:00.0,40,40.1,75,77.2,12,15:36.0,104352
85,2,30:00.0,30:00.0,40,40,75,75.4,12,15:36.0,104362
85,2,00:00.0,00:00.0,40,40,75,73.7,12,15:36.0,104363
85,2,00:00.0,00:00.0,40,39.7,75,76.8,12,15:36.0,104375
85,2,00:00.0,00:00.0,40,40.2,75,74.3,12,15:36.0,104377
85,2,30:00.0,30:00.0,40,40.3,75,74.6,12,15:36.0,104384
85,2,00:00.0,00:00.0,40,39,75,75,12,15:36.0,104385
85,2,00:00.0,00:00.0,40,40.2,75,74.9,12,15:36.0,104394
85,2,30:00.0,30:00.0,40,38.2,75,75.2,12,15:36.0,104397
85,2,00:00.0,00:00.0,40,39.8,75,74.9,12,15:36.0,104404
85,2,00:00.0,00:00.0,40,40.1,75,74.7,12,15:36.0,104412
85,2,00:00.0,00:00.0,40,39,75,75.2,12,15:36.0,104414
85,2,30:00.0,30:00.0,40,40.2,75,74.7,12,15:36.0,104422
85,2,00:00.0,00:00.0,40,40,75,74.3,12,49:27.0,104430
85,2,00:00.0,00:00.0,40,40,75,75.1,12,55:26.0,104502
85,2,00:00.0,00:00.0,40,40,75,74,12,55:26.0,104506
85,2,30:00.0,30:00.0,40,40,75,75.2,12,55:26.0,104511
85,2,30:00.0,30:00.0,40,40,75,75.6,12,55:26.0,104513
85,2,30:00.0,30:00.0,40,40,75,74.4,12,55:26.0,104517
85,1,30:00.0,30:00.0,25,25.1,60,60.3,14,04:49.0,104763
85,2,00:00.0,00:00.0,40,40,75,77.2,12,55:26.0,104524
85,2,30:00.0,30:00.0,40,40,75,77.9,12,58:58.0,104535
85,2,30:00.0,30:00.0,40,40,75,74.6,12,58:58.0,104537
85,2,30:00.0,30:00.0,40,40,75,73.6,12,58:58.0,104541
85,2,30:00.0,30:00.0,40,40,75,77.8,12,58:58.0,104545
85,2,30:00.0,30:00.0,40,40,75,73.7,12,58:58.0,104551
85,2,00:00.0,00:00.0,40,39.9,75,73,12,58:58.0,104557
85,2,30:00.0,30:00.0,40,40.2,75,74.9,12,58:58.0,104562
85,2,30:00.0,30:00.0,40,39.9,75,74.6,12,58:58.0,104566
85,2,00:00.0,00:00.0,40,40,75,78.7,12,58:58.0,104570
85,2,00:00.0,00:00.0,40,40,75,79.5,12,58:58.0,104574
85,2,30:00.0,30:00.0,40,40,75,77,12,58:58.0,104577
85,2,00:00.0,00:00.0,40,39.9,75,74.4,12,58:58.0,104582
85,2,00:00.0,00:00.0,40,40,75,78.5,12,58:58.0,104584
85,2,00:00.0,00:00.0,40,40,75,77,12,58:58.0,104594
85,2,30:00.0,30:00.0,40,40,75,74,12,58:58.0,104597
85,2,30:00.0,30:00.0,40,40,75,73.4,12,58:58.0,104599
85,2,00:00.0,00:00.0,40,40,75,77.3,12,58:58.0,104604
85,2,00:00.0,00:00.0,40,39.9,75,77.6,12,58:58.0,104608
85,2,00:00.0,00:00.0,40,40,75,77.1,12,58:58.0,104612
85,1,30:00.0,30:00.0,25,25.1,60,59.8,14,04:49.0,104769
85,1,30:00.0,30:00.0,25,25,60,60.3,14,04:49.0,104782
85,1,00:00.0,00:00.0,25,24.9,60,60.8,14,04:49.0,104805
85,1,30:00.0,30:00.0,25,24.9,60,60,14,04:49.0,104821
85,1,30:00.0,30:00.0,25,24.9,60,60.1,14,04:49.0,104835
85,1,30:00.0,30:00.0,25,25,60,60.5,14,04:49.0,104854
85,1,30:00.0,30:00.0,25,25,60,59.9,14,04:49.0,104866
85,1,00:00.0,00:00.0,25,25.1,60,59.6,14,04:49.0,104889
85,1,33:00.0,33:00.0,0.1,0,0,0,14,29:14.0,104905
85,1,30:00.0,30:00.0,25,24.9,60,59.9,14,34:05.0,104937
85,1,00:00.0,00:00.0,25,25,60,60.4,14,34:05.0,104962
85,1,00:00.0,00:00.0,25,25.1,60,60.4,14,34:05.0,104977
85,1,30:00.0,30:00.0,25,25.1,60,60,14,34:05.0,104991
85,1,00:00.0,00:00.0,25,27.2,60,52.9,14,34:05.0,105005
85,1,00:00.0,00:00.0,25,26,60,61.4,14,34:05.0,105034
85,1,00:00.0,00:00.0,25,25.3,60,60,14,34:05.0,105048
85,1,00:00.0,00:00.0,25,27.9,60,65.4,14,34:05.0,105070
85,1,00:00.0,00:00.0,25,24.1,60,58.5,14,34:05.0,105088
85,2,00:00.0,00:00.0,40,39.9,75,76.5,14,21:37.0,105565
85,2,30:00.0,30:00.0,40,40.1,75,76.4,14,21:37.0,105578
85,2,30:00.0,30:00.0,40,40.1,75,77.2,14,21:37.0,105584
85,2,30:00.0,30:00.0,40,40,75,77.5,14,21:37.0,105588
85,2,00:00.0,00:00.0,40,40,75,77.8,14,21:37.0,105591
85,2,00:00.0,00:00.0,40,40,75,78.6,14,21:37.0,105595
85,2,00:00.0,00:00.0,40,40,75,76.3,14,21:37.0,105600
85,2,00:00.0,00:00.0,40,39.9,75,73.7,14,21:37.0,105604
85,2,00:00.0,00:00.0,40,39.9,75,73.5,14,21:37.0,105611
85,2,00:00.0,00:00.0,40,39.9,75,74.9,14,21:37.0,105615
85,2,00:00.0,00:00.0,40,39.9,75,80.7,14,21:37.0,105621
85,2,00:00.0,00:00.0,40,40,75,73.5,14,21:37.0,105625
85,2,30:00.0,30:00.0,40,39.9,75,72.6,14,21:37.0,105628
85,2,30:00.0,30:00.0,40,39.9,75,74.4,14,21:37.0,105632
85,2,30:00.0,30:00.0,40,40.1,75,75.1,12,18:22.0,101204
85,2,30:00.0,30:00.0,40,40,75,75.5,12,18:22.0,101208
85,1,30:00.0,30:00.0,25,25,60,60,14,40:09.0,101411
85,2,00:00.0,00:00.0,40,39.9,75,75.1,12,19:57.0,101210
85,2,30:00.0,30:00.0,40,40.1,75,74.9,12,19:59.0,101211
85,2,00:00.0,00:00.0,40,40,75,74.9,12,20:00.0,101212
85,2,30:00.0,30:00.0,40,40,75,74.9,12,20:02.0,101213
85,2,00:00.0,00:00.0,40,40,75,75.2,12,20:04.0,101214
85,2,30:00.0,30:00.0,40,40,75,75.4,12,20:06.0,101215
85,2,00:00.0,00:00.0,40,40.1,75,74.6,12,20:08.0,101216
85,2,30:00.0,30:00.0,40,40.1,75,74.5,12,20:10.0,101217
85,2,00:00.0,00:00.0,40,40,75,75.2,12,20:12.0,101218
85,1,30:00.0,30:00.0,25,24.9,60,60.5,14,40:09.0,101427
85,1,30:00.0,30:00.0,25,24.9,60,60.6,14,24:43.0,101442
85,1,30:00.0,30:00.0,25,24.9,60,59.4,14,24:43.0,101458
85,2,30:00.0,30:00.0,40,39.9,75,74.2,14,56:20.0,101493
85,1,30:00.0,30:00.0,25,25.1,60,59.7,14,03:00.0,101783
85,1,00:00.0,00:00.0,25,25.1,60,61.5,14,03:00.0,101799
85,1,00:00.0,00:00.0,25,25.1,60,59.7,14,03:00.0,101820
85,1,30:00.0,30:00.0,25,25,60,59.6,14,03:00.0,101835
85,1,00:00.0,00:00.0,25,24.9,60,59.6,14,03:00.0,101846
85,1,00:00.0,00:00.0,25,24.9,60,59.9,14,03:00.0,101862
85,1,00:00.0,00:00.0,25,24.9,60,60.1,14,03:00.0,101876
85,1,30:00.0,30:00.0,25,24.9,60,60.1,14,03:00.0,101887
85,1,00:00.0,00:00.0,25,25,60,59,14,03:00.0,101902
85,1,00:00.0,00:00.0,25,25,60,59.6,14,03:00.0,101915
85,1,00:00.0,00:00.0,25,24.9,60,59.9,12,10:34.0,104197
85,1,30:00.0,30:00.0,25,24.9,60,60,12,10:34.0,104213
85,2,30:00.0,30:00.0,40,40.1,75,74.8,12,55:26.0,104473
85,2,30:00.0,30:00.0,40,40,75,75.4,12,55:26.0,104477
85,2,30:00.0,30:00.0,40,40,75,77.3,12,55:26.0,104481
85,1,30:00.0,30:00.0,25,25.1,60,59.6,14,04:49.0,104767
85,1,30:00.0,30:00.0,25,25,60,60.1,14,04:49.0,104790
85,1,30:00.0,30:00.0,25,24.9,60,60,14,04:49.0,104804
85,1,00:00.0,00:00.0,25,24.9,60,60.1,14,04:49.0,104818
85,1,30:00.0,30:00.0,25,24.9,60,59.9,14,04:49.0,104839
85,1,00:00.0,00:00.0,25,25,60,59.9,14,04:49.0,104853
85,1,30:00.0,30:00.0,25,25,60,59.8,14,04:49.0,104864
85,1,00:00.0,00:00.0,25,25.1,60,59.9,14,04:49.0,104876
85,1,30:00.0,30:00.0,25,25.1,60,60,14,04:49.0,104886
85,1,30:00.0,30:00.0,25,24.9,60,60.4,14,29:14.0,104909
85,1,00:00.0,00:00.0,25,24.9,60,59.8,14,34:05.0,104938
85,1,00:00.0,00:00.0,25,25.1,60,60.1,14,34:05.0,104990
85,1,30:00.0,30:00.0,25,24.7,60,71,14,34:05.0,105002
85,1,00:00.0,00:00.0,25,27,60,65.6,14,34:05.0,105015
85,1,00:00.0,00:00.0,25,27,60,54.2,14,34:05.0,105030
85,1,00:00.0,00:00.0,25,23.7,60,58.3,14,34:05.0,105050
85,1,30:00.0,30:00.0,25,26.8,60,54.5,14,34:05.0,105137
85,1,00:00.0,00:00.0,25,27,60,76.7,14,34:05.0,105155
85,1,30:00.0,30:00.0,25,27.8,60,70.6,14,34:05.0,105172
85,1,00:00.0,00:00.0,25,25.4,60,75.9,14,34:05.0,105188
85,1,30:00.0,30:00.0,25,27,60,54.9,14,34:05.0,105203
85,2,30:00.0,30:00.0,40,40,75,78.1,14,45:58.0,105237
85,2,30:00.0,30:00.0,40,40,75,76.1,14,45:58.0,105250
85,2,30:00.0,30:00.0,40,40,75,73.4,14,45:58.0,105262
85,2,30:00.0,30:00.0,40,40,75,75.3,14,45:58.0,105281
85,2,00:00.0,00:00.0,40,40,75,74.9,14,45:58.0,105292
85,2,00:00.0,00:00.0,40,40,75,80.1,14,21:37.0,105655
85,2,00:00.0,00:00.0,40,40.1,75,77,14,21:37.0,105678
85,2,00:00.0,00:00.0,40,40,75,73.8,14,21:37.0,105682
85,2,00:00.0,00:00.0,40,40,75,74.2,14,21:37.0,105686
85,2,30:00.0,30:00.0,40,40,75,73.7,14,21:37.0,105691
85,2,00:00.0,00:00.0,40,40,75,73.6,14,21:37.0,105694
85,2,30:00.0,30:00.0,40,40,75,76.2,14,21:37.0,105699
85,2,30:00.0,30:00.0,40,40.1,75,76.2,14,21:37.0,105701
85,2,00:00.0,00:00.0,40,40.1,75,79,14,21:37.0,105704
85,2,30:00.0,30:00.0,40,40,75,73.9,14,21:37.0,105707
85,1,00:00.0,00:00.0,25,24.9,60,59.8,14,40:09.0,101418
85,1,30:00.0,30:00.0,25,24.9,60,60.3,14,40:09.0,101434
85,1,00:00.0,00:00.0,25,24.9,60,59.1,14,24:43.0,101449
85,1,00:00.0,00:00.0,25,25,60,60.1,14,24:43.0,101465
85,1,30:00.0,30:00.0,25,25.1,60,60.1,14,03:00.0,101790
85,1,00:00.0,00:00.0,25,25.1,60,58.8,14,03:00.0,101806
85,1,30:00.0,30:00.0,25,25,60,60.1,14,03:00.0,101825
85,1,00:00.0,00:00.0,25,25,60,60.5,14,03:00.0,101836
85,1,30:00.0,30:00.0,25,24.9,60,60.4,14,03:00.0,101849
85,1,30:00.0,30:00.0,25,24.9,60,61.1,14,03:00.0,101859
85,1,30:00.0,30:00.0,25,24.9,60,60.6,14,03:00.0,101869
85,1,00:00.0,00:00.0,25,24.9,60,58.6,14,03:00.0,101882
85,1,30:00.0,30:00.0,25,25,60,60,14,03:00.0,101891
85,1,30:00.0,30:00.0,25,25,60,59.4,14,03:00.0,101901
85,1,30:00.0,30:00.0,25,25.1,60,59.6,14,01:00.0,104011
85,1,00:00.0,00:00.0,25,25.1,60,60.3,14,01:00.0,104012
85,1,30:00.0,30:00.0,25,24.9,60,59.7,12,10:34.0,104192
85,1,00:00.0,00:00.0,25,24.9,60,60.9,12,10:34.0,104208
85,1,30:00.0,30:00.0,25,24.9,60,60,12,10:34.0,104224
85,2,00:00.0,00:00.0,40,40,75,76.2,12,15:36.0,104351
85,2,30:00.0,30:00.0,40,39.8,75,75,12,49:27.0,104429
85,2,00:00.0,00:00.0,40,39.9,75,73.7,12,58:58.0,104550
85,2,30:00.0,30:00.0,40,40,75,77.6,12,58:58.0,104554
85,2,00:00.0,00:00.0,40,39.9,75,74.3,12,58:58.0,104559
85,2,00:00.0,00:00.0,40,40,75,78,12,58:58.0,104567
85,2,00:00.0,00:00.0,40,39.9,75,76,12,58:58.0,104572
85,2,30:00.0,30:00.0,40,40,75,75.3,12,58:58.0,104583
85,2,00:00.0,00:00.0,40,40,75,76.3,12,58:58.0,104590
85,2,00:00.0,00:00.0,40,40,75,77.2,12,58:58.0,104596
85,2,00:00.0,00:00.0,40,40,75,78.2,12,58:58.0,104600
85,2,30:00.0,30:00.0,40,40.1,75,77.4,12,58:58.0,104607
85,2,30:00.0,30:00.0,40,40,75,75.9,12,58:58.0,104611
85,2,30:00.0,30:00.0,40,40,75,76.7,12,58:58.0,104641
85,2,00:00.0,00:00.0,40,40,75,74.4,12,58:58.0,104644
85,2,30:00.0,30:00.0,40,40,75,75,12,58:58.0,104647
85,2,30:00.0,30:00.0,40,40,75,73.7,12,58:58.0,104651
85,2,30:00.0,30:00.0,40,40,75,76.1,12,58:58.0,104661
85,2,30:00.0,30:00.0,40,40,75,74.8,12,58:58.0,104665
85,2,00:00.0,00:00.0,40,40,75,76.3,12,58:58.0,104668
85,2,00:00.0,00:00.0,40,40,75,75.8,12,58:58.0,104670
85,2,30:00.0,30:00.0,40,40.1,75,76.3,12,58:58.0,104673
85,2,00:00.0,00:00.0,40,40,75,77.1,12,58:58.0,104677
85,2,30:00.0,30:00.0,40,40,75,78.4,12,58:58.0,104680
85,2,00:00.0,00:00.0,40,40,75,74.5,12,58:58.0,104685
85,2,00:00.0,00:00.0,40,40,75,75.9,12,58:58.0,104687
85,2,30:00.0,30:00.0,40,40,75,75.1,12,58:58.0,104690
85,2,30:00.0,30:00.0,40,40,75,77.3,12,58:58.0,104694
85,1,00:00.0,00:00.0,25,25.1,60,60.3,14,04:49.0,104762
85,2,00:00.0,00:00.0,40,40,75,74.6,12,58:58.0,104702
85,2,30:00.0,30:00.0,40,40,75,75.9,12,58:58.0,104707
85,2,30:00.0,30:00.0,40,40,75,73.3,12,58:58.0,104724
85,2,30:00.0,30:00.0,40,40,75,77.1,12,58:58.0,104734
85,2,30:00.0,30:00.0,40,40,75,76.9,12,58:58.0,104740
85,2,00:00.0,00:00.0,40,40,75,77.4,12,58:58.0,104745
85,2,30:00.0,30:00.0,40,40,75,77.7,12,58:58.0,104747
85,2,30:00.0,30:00.0,40,39.9,75,74.2,12,58:58.0,104751
85,2,00:00.0,00:00.0,40,39.9,75,76,12,58:58.0,104754
85,1,00:00.0,00:00.0,25,25,60,59.8,14,04:49.0,104770
85,1,30:00.0,30:00.0,25,25,60,59.3,14,04:49.0,104784
85,1,30:00.0,30:00.0,25,24.9,60,60.2,14,04:49.0,104794
85,1,30:00.0,30:00.0,25,25,60,59.9,14,04:49.0,104809
85,1,00:00.0,00:00.0,25,24.9,60,60.5,14,04:49.0,104822
85,1,00:00.0,00:00.0,25,24.9,60,59.8,14,04:49.0,104830
85,1,30:00.0,30:00.0,25,24.9,60,60.1,14,04:49.0,104843
85,1,30:00.0,30:00.0,25,25,60,59.8,14,04:49.0,104858
85,1,00:00.0,00:00.0,25,25,60,59.9,14,04:49.0,104865
85,1,00:00.0,00:00.0,25,25.1,60,59.8,14,04:49.0,104879
85,1,00:00.0,00:00.0,25,24.9,60,60,14,29:14.0,104906
85,1,30:00.0,30:00.0,25,24.9,60,60,14,29:14.0,104919
85,1,00:00.0,00:00.0,25,24.9,60,59.7,14,34:05.0,104934
85,1,30:00.0,30:00.0,25,24.9,60,59.7,14,34:05.0,104945
85,1,00:00.0,00:00.0,25,25,60,59.9,14,34:05.0,104956
85,1,30:00.0,30:00.0,25,25,60,60.1,14,34:05.0,104974
85,1,30:00.0,30:00.0,25,24.2,60,66,14,34:05.0,105018
85,1,00:00.0,00:00.0,25,24.5,60,59.3,14,34:05.0,105036
85,1,30:00.0,30:00.0,25,24.6,60,59.1,14,34:05.0,105063
85,1,30:00.0,30:00.0,25,28.4,60,63.3,14,34:05.0,105079
85,1,00:00.0,00:00.0,25,25.5,60,68.8,14,34:05.0,105090
85,2,00:00.0,00:00.0,40,39.9,75,73.8,14,21:37.0,105669
85,2,00:00.0,00:00.0,40,40,75,79,14,21:37.0,105675
85,2,00:00.0,00:00.0,40,40,75,73.6,14,21:37.0,105680
85,2,00:00.0,00:00.0,40,40,75,74.6,14,21:37.0,105684
85,2,30:00.0,30:00.0,40,40,75,76.6,14,21:37.0,105687
85,2,00:00.0,00:00.0,40,40,75,75.5,14,21:37.0,105692
85,2,00:00.0,00:00.0,40,40,75,76.7,14,21:37.0,105696
85,2,00:00.0,00:00.0,40,39.9,75,75.4,12,18:22.0,101203
85,1,30:00.0,30:00.0,25,25,60,59.7,14,40:09.0,101409
85,1,30:00.0,30:00.0,25,24.9,60,59.5,14,40:09.0,101425
85,1,30:00.0,30:00.0,25,24.8,60,60.1,14,24:43.0,101440
85,1,30:00.0,30:00.0,25,24.9,60,59.7,14,24:43.0,101456
85,1,30:00.0,30:00.0,25,25,60,59.9,14,24:43.0,101477
85,2,00:00.0,00:00.0,40,39.9,75,75.2,14,56:20.0,101490
85,1,00:00.0,00:00.0,25,24.9,60,61,14,58:20.0,101704
85,1,30:00.0,30:00.0,25,24.9,60,60.1,14,58:20.0,101705
85,1,00:00.0,00:00.0,25,24.9,60,60.8,14,58:20.0,101706
85,1,30:00.0,30:00.0,25,24.9,60,60.3,14,58:20.0,101707
85,1,00:00.0,00:00.0,25,24.9,60,59.7,14,58:20.0,101708
85,1,30:00.0,30:00.0,25,24.9,60,60.5,14,58:20.0,101709
85,1,00:00.0,00:00.0,25,24.9,60,60,14,58:20.0,101714
85,1,30:00.0,30:00.0,25,24.9,60,59.6,14,58:20.0,101715
85,1,00:00.0,00:00.0,25,24.9,60,60.3,14,58:20.0,101716
85,1,30:00.0,30:00.0,25,24.9,60,60.6,14,58:20.0,101717
85,1,00:00.0,00:00.0,25,24.9,60,60,14,58:20.0,101718
85,1,30:00.0,30:00.0,25,24.9,60,59.7,14,58:20.0,101719
85,1,00:00.0,00:00.0,25,24.8,60,59.4,14,58:20.0,101720
85,1,30:00.0,30:00.0,25,24.9,60,59.4,14,58:20.0,101721
85,1,00:00.0,00:00.0,25,24.9,60,59.7,14,58:20.0,101722
85,1,30:00.0,30:00.0,25,24.9,60,60.4,14,58:20.0,101723
85,1,00:00.0,00:00.0,25,24.8,60,59.7,14,58:20.0,101724
85,1,30:00.0,30:00.0,25,24.9,60,60.2,14,58:20.0,101725
85,1,00:00.0,00:00.0,25,24.9,60,60,14,58:20.0,101726
85,1,00:00.0,00:00.0,25,24.9,60,60.5,12,03:59.0,104085
85,1,30:00.0,30:00.0,25,24.9,60,60.3,14,58:20.0,101728
85,1,00:00.0,00:00.0,25,24.8,60,60,14,58:20.0,101729
85,1,30:00.0,30:00.0,25,24.9,60,60,14,58:20.0,101730
85,1,00:00.0,00:00.0,25,24.8,60,59.9,14,58:20.0,101731
85,1,30:00.0,30:00.0,25,24.9,60,60.2,14,58:20.0,101732
85,1,00:00.0,00:00.0,25,24.9,60,58.8,14,58:20.0,101733
85,1,30:00.0,30:00.0,25,24.9,60,59.6,14,58:20.0,101734
85,1,00:00.0,00:00.0,25,24.9,60,59.5,14,58:20.0,101735
85,1,30:00.0,30:00.0,25,24.9,60,59.6,14,58:20.0,101736
85,1,00:00.0,00:00.0,25,24.9,60,60.3,14,58:20.0,101737
85,1,30:00.0,30:00.0,25,24.9,60,59.8,14,58:20.0,101738
85,1,00:00.0,00:00.0,25,25,60,59.6,14,58:20.0,101739
85,1,30:00.0,30:00.0,25,25,60,60.1,14,58:20.0,101740
85,1,00:00.0,00:00.0,25,24.9,60,59.6,14,58:20.0,101741
85,1,30:00.0,30:00.0,25,25,60,60.4,14,58:20.0,101742
85,1,00:00.0,00:00.0,25,24.9,60,59,14,58:20.0,101743
85,1,30:00.0,30:00.0,25,24.9,60,59.9,14,58:20.0,101744
85,1,00:00.0,00:00.0,25,25,60,59.5,14,58:20.0,101745
85,1,30:00.0,30:00.0,25,25,60,60.6,14,58:20.0,101746
85,1,00:00.0,00:00.0,25,25,60,59.9,14,58:20.0,101747
85,1,30:00.0,30:00.0,25,24.9,60,60,14,58:20.0,101748
85,1,00:00.0,00:00.0,25,25,60,59.5,14,58:20.0,101749
85,1,30:00.0,30:00.0,25,25,60,59.9,14,58:20.0,101750
85,1,00:00.0,00:00.0,25,24.9,60,59.6,14,58:20.0,101751
85,1,30:00.0,30:00.0,25,25,60,60.1,14,58:20.0,101752
85,1,00:00.0,00:00.0,25,25,60,59.8,14,58:20.0,101753
85,1,30:00.0,30:00.0,25,25,60,59.9,14,58:20.0,101754
85,1,00:00.0,00:00.0,25,25,60,59.7,14,58:20.0,101755
85,1,30:00.0,30:00.0,25,25,60,59.6,14,58:20.0,101756
85,1,00:00.0,00:00.0,25,25,60,59.9,14,58:20.0,101757
85,1,30:00.0,30:00.0,25,25,60,60,14,58:20.0,101758
85,1,00:00.0,00:00.0,25,25,60,59.6,14,58:20.0,101759
85,1,30:00.0,30:00.0,25,25,60,60.4,14,58:20.0,101760
85,1,00:00.0,00:00.0,25,23.4,60,61.3,12,08:47.0,105523
85,1,00:00.0,00:00.0,25,25,60,60,14,58:20.0,101762
85,1,30:00.0,30:00.0,25,25.1,60,60.2,14,58:20.0,101763
85,1,00:00.0,00:00.0,25,25.1,60,60,14,58:20.0,101764
85,1,30:00.0,30:00.0,25,25,60,60.2,14,58:20.0,101765
85,1,00:00.0,00:00.0,25,25,60,59.6,14,58:20.0,101766
85,1,30:00.0,30:00.0,25,25.1,60,60,14,58:20.0,101767
85,1,00:00.0,00:00.0,25,25.1,60,60.2,14,58:20.0,101768
85,1,30:00.0,30:00.0,25,25.1,60,59.8,14,58:20.0,101769
85,1,00:00.0,00:00.0,25,25.1,60,60.5,14,58:20.0,101770
85,1,30:00.0,30:00.0,25,25.1,60,60.4,14,58:20.0,101771
85,1,30:00.0,30:00.0,25,25.1,60,60.4,14,03:00.0,101781
85,1,00:00.0,00:00.0,25,25.1,60,61,14,03:00.0,101797
85,1,30:00.0,30:00.0,25,25.1,60,60.6,14,03:00.0,101815
85,1,00:00.0,00:00.0,25,25,60,58.8,14,03:00.0,101824
85,1,00:00.0,00:00.0,25,25,60,60.7,14,03:00.0,101834
85,1,00:00.0,00:00.0,25,25,60,60,14,03:00.0,101844
85,1,00:00.0,00:00.0,25,24.9,60,60.7,14,03:00.0,101858
85,1,30:00.0,30:00.0,25,24.9,60,60.3,14,03:00.0,101867
85,1,30:00.0,30:00.0,25,24.9,60,58.5,14,03:00.0,101877
85,1,00:00.0,00:00.0,25,24.9,60,61.1,14,03:00.0,101890
85,1,30:00.0,30:00.0,25,25,60,59.7,14,03:00.0,101899
85,1,30:00.0,30:00.0,25,25,60,60.4,14,03:00.0,101909
85,2,00:00.0,00:00.0,40,39.9,75,75.3,14,20:05.0,102103
85,1,30:00.0,30:00.0,25,24.6,60,73.4,12,08:47.0,105524
85,1,00:00.0,00:00.0,25,26.6,60,78,12,08:47.0,105525
85,1,30:00.0,30:00.0,25,27.6,60,74,12,08:47.0,105526
85,1,00:00.0,00:00.0,25,27.7,60,68.5,12,08:47.0,105527
85,1,30:00.0,30:00.0,25,27.9,60,63.6,12,08:47.0,105528
85,1,00:00.0,00:00.0,25,27,60,56.1,12,08:47.0,105529
85,1,30:00.0,30:00.0,25,26.4,60,54.7,12,08:47.0,105530
85,1,00:00.0,00:00.0,25,30.6,60,86.8,12,08:47.0,105531
85,1,30:00.0,30:00.0,25,29.3,60,86,12,08:47.0,105532
85,1,00:00.0,00:00.0,25,24.9,60,59.6,14,40:09.0,101416
85,1,30:00.0,30:00.0,25,24.8,60,59.8,14,40:09.0,101432
85,1,00:00.0,00:00.0,25,24.9,60,60.3,14,24:43.0,101447
85,1,00:00.0,00:00.0,25,25,60,59.4,14,24:43.0,101463
85,1,30:00.0,30:00.0,25,25.1,60,60.1,14,24:43.0,101479
85,1,00:00.0,00:00.0,25,25,60,59.8,14,24:43.0,101482
85,1,30:00.0,30:00.0,25,25.1,60,60.1,14,03:00.0,101788
85,1,00:00.0,00:00.0,25,25.1,60,59.4,14,03:00.0,101804
85,1,30:00.0,30:00.0,25,25,60,60.1,14,03:00.0,101817
85,1,00:00.0,00:00.0,25,25.1,60,59.8,14,03:00.0,101822
85,1,00:00.0,00:00.0,25,25,60,60.6,14,03:00.0,101830
85,1,30:00.0,30:00.0,25,25,60,60.7,14,03:00.0,101839
85,1,30:00.0,30:00.0,25,25,60,59.9,14,03:00.0,101847
85,1,30:00.0,30:00.0,25,24.9,60,60,14,03:00.0,101855
85,1,00:00.0,00:00.0,25,24.9,60,59.3,14,03:00.0,101864
85,1,00:00.0,00:00.0,25,24.8,60,60,14,03:00.0,101870
85,1,00:00.0,00:00.0,25,24.9,60,60.3,14,03:00.0,101880
85,1,00:00.0,00:00.0,25,24.9,60,60.5,14,03:00.0,101884
85,1,30:00.0,30:00.0,25,25,60,60.5,14,03:00.0,101895
85,1,00:00.0,00:00.0,25,25,60,59.2,14,03:00.0,101896
85,1,00:00.0,00:00.0,25,25,60,60,14,03:00.0,101910
85,2,30:00.0,30:00.0,40,39.9,75,74.9,14,20:05.0,102104
85,2,00:00.0,00:00.0,40,39.9,75,74.9,14,20:05.0,102105
85,2,30:00.0,30:00.0,40,39.9,75,74.6,14,20:05.0,102106
85,2,00:00.0,00:00.0,40,39.9,75,75.2,14,20:05.0,102107
85,2,30:00.0,30:00.0,40,40,75,75,14,20:05.0,102108
85,2,00:00.0,00:00.0,40,40,75,74.8,14,20:05.0,102109
85,2,30:00.0,30:00.0,40,40.2,75,74.8,14,20:05.0,102110
85,2,00:00.0,00:00.0,40,40,75,75.3,14,20:05.0,102111
85,2,30:00.0,30:00.0,40,40,75,74.7,14,20:05.0,102112
85,2,00:00.0,00:00.0,40,39.8,75,75.2,14,20:05.0,102113
85,2,30:00.0,30:00.0,40,40.2,75,73.7,14,20:05.0,102114
85,2,00:00.0,00:00.0,40,39.9,75,75,14,20:05.0,102115
85,2,30:00.0,30:00.0,40,39.9,75,75.3,14,20:05.0,102116
85,2,00:00.0,00:00.0,40,40,75,74.7,14,20:05.0,102117
85,2,30:00.0,30:00.0,40,40,75,74.7,14,20:05.0,102118
85,2,00:00.0,00:00.0,40,40,75,74.9,14,20:05.0,102119
85,2,30:00.0,30:00.0,40,40.2,75,75.1,14,20:05.0,102120
85,2,00:00.0,00:00.0,40,39.9,75,75.2,14,20:05.0,102121
85,2,30:00.0,30:00.0,40,40.2,75,74.9,14,20:05.0,102122
85,2,30:00.0,30:00.0,40,40,75,72.8,14,21:37.0,105564
85,2,00:00.0,00:00.0,40,39.9,75,75.3,14,20:05.0,102124
85,2,30:00.0,30:00.0,40,40.1,75,74.3,14,20:05.0,102125
85,2,00:00.0,00:00.0,40,40,75,74.7,14,20:05.0,102126
85,2,30:00.0,30:00.0,40,39.9,75,75.1,14,20:05.0,102127
85,2,00:00.0,00:00.0,40,40.1,75,74.4,14,20:05.0,102128
85,2,30:00.0,30:00.0,40,39.9,75,75.1,14,20:05.0,102129
85,2,00:00.0,00:00.0,40,39.9,75,75.4,14,20:05.0,102130
85,2,30:00.0,30:00.0,40,40.1,75,75.3,14,20:05.0,102131
85,2,00:00.0,00:00.0,40,40.2,75,74.2,14,20:05.0,102132
85,2,30:00.0,30:00.0,40,40.1,75,74.5,14,20:05.0,102133
85,2,00:00.0,00:00.0,40,40.2,75,75.3,14,20:05.0,102134
85,2,30:00.0,30:00.0,40,40.1,75,75.3,14,20:05.0,102135
85,2,00:00.0,00:00.0,40,40.1,75,74.9,14,20:05.0,102136
85,2,30:00.0,30:00.0,40,40.2,75,74.5,14,20:05.0,102137
85,2,00:00.0,00:00.0,40,40,75,75.2,14,20:05.0,102138
85,2,30:00.0,30:00.0,40,40.1,75,74.9,14,20:05.0,102139
85,2,00:00.0,00:00.0,40,40.2,75,72.8,14,20:05.0,102140
85,2,00:00.0,00:00.0,40,40.3,75,74.7,14,21:37.0,105569
85,2,30:00.0,30:00.0,40,39.9,75,75.3,14,20:05.0,102142
85,2,00:00.0,00:00.0,40,40.2,75,75.2,14,20:05.0,102143
85,2,30:00.0,30:00.0,40,40.2,75,75,14,20:05.0,102144
85,2,00:00.0,00:00.0,40,40,75,75,14,20:05.0,102145
85,2,30:00.0,30:00.0,40,40,75,75.4,14,20:05.0,102146
85,2,00:00.0,00:00.0,40,40,75,74.5,14,20:05.0,102147
85,2,30:00.0,30:00.0,40,40,75,75.5,14,20:05.0,102148
85,2,00:00.0,00:00.0,40,40.6,75,79.9,14,21:37.0,105573
85,2,00:00.0,00:00.0,40,40.3,75,77.3,14,20:05.0,102150
85,2,30:00.0,30:00.0,40,40,75,74.7,14,20:05.0,102151
85,2,00:00.0,00:00.0,40,40.1,75,78.1,14,20:05.0,102152
85,2,30:00.0,30:00.0,40,40.1,75,74.5,14,20:05.0,102153
85,2,00:00.0,00:00.0,40,40,75,73.7,14,20:05.0,102154
85,2,30:00.0,30:00.0,40,40,75,75.2,14,20:05.0,102155
85,2,00:00.0,00:00.0,40,40.1,75,74.9,14,20:05.0,102156
85,2,30:00.0,30:00.0,40,40,75,74.6,14,20:05.0,102157
85,2,00:00.0,00:00.0,40,40,75,76.4,14,20:05.0,102158
85,2,30:00.0,30:00.0,40,40,75,78,14,20:05.0,102159
85,2,00:00.0,00:00.0,40,40,75,78.5,14,20:05.0,102160
85,2,30:00.0,30:00.0,40,40,75,76.8,14,20:05.0,102161
85,2,00:00.0,00:00.0,40,40,75,74.7,14,20:05.0,102162
85,2,30:00.0,30:00.0,40,40,75,76.3,14,20:05.0,102163
85,2,00:00.0,00:00.0,40,40,75,73.7,14,20:05.0,102164
85,2,30:00.0,30:00.0,40,40,75,75.5,14,20:05.0,102165
85,2,00:00.0,00:00.0,40,40.1,75,75.7,14,20:05.0,102166
85,2,30:00.0,30:00.0,40,40,75,74.5,14,20:05.0,102167
85,2,00:00.0,00:00.0,40,39.9,75,73.9,14,20:05.0,102168
85,2,30:00.0,30:00.0,40,40,75,74.5,14,20:05.0,102169
85,2,00:00.0,00:00.0,40,40.1,75,78.8,14,20:05.0,102170
85,2,30:00.0,30:00.0,40,39.9,75,73.8,14,20:05.0,102171
85,2,00:00.0,00:00.0,40,40,75,73.6,14,20:05.0,102172
85,2,30:00.0,30:00.0,40,40,75,77.6,14,20:05.0,102173
85,2,00:00.0,00:00.0,40,40,75,77.9,14,20:05.0,102174
85,2,00:00.0,00:00.0,40,40,75,74.2,14,20:05.0,102175
85,1,30:00.0,30:00.0,25,25.1,60,60,12,07:42.0,100986
85,1,00:00.0,00:00.0,25,25.1,60,59.7,12,07:42.0,100987
85,1,30:00.0,30:00.0,25,25.1,60,59.3,12,07:42.0,100988
85,1,00:00.0,00:00.0,25,25.1,60,60.7,12,07:42.0,100989
85,1,30:00.0,30:00.0,25,25.1,60,59.4,12,07:42.0,100990
85,1,00:00.0,00:00.0,25,25.1,60,60.4,12,07:42.0,100991
85,1,30:00.0,30:00.0,25,25.1,60,59.7,12,07:42.0,100992
85,1,00:00.0,00:00.0,25,25,60,60.2,12,07:42.0,100993
85,1,30:00.0,30:00.0,25,25.1,60,59.9,12,07:42.0,100994
85,1,00:00.0,00:00.0,25,25.1,60,60.1,12,07:42.0,100995
85,1,30:00.0,30:00.0,25,25.1,60,59.3,12,07:42.0,100996
85,1,00:00.0,00:00.0,25,25,60,60,12,07:42.0,100997
85,1,30:00.0,30:00.0,25,25,60,59.6,12,07:42.0,100998
85,1,00:00.0,00:00.0,25,25.1,60,60.2,12,07:42.0,100999
85,1,30:00.0,30:00.0,25,25,60,59.8,12,07:42.0,101000
85,1,00:00.0,00:00.0,25,25.1,60,59.8,12,07:42.0,101001
85,1,30:00.0,30:00.0,25,25,60,60,12,07:42.0,101002
85,1,00:00.0,00:00.0,25,25,60,60.8,12,07:42.0,101003
85,1,30:00.0,30:00.0,25,25,60,59.8,12,07:42.0,101004
85,1,00:00.0,00:00.0,25,25,60,59.2,12,07:42.0,101005
85,1,30:00.0,30:00.0,25,25,60,60.1,12,07:42.0,101006
85,1,00:00.0,00:00.0,25,25,60,60.6,12,07:42.0,101007
85,1,30:00.0,30:00.0,25,25,60,59.9,12,07:42.0,101008
85,1,00:00.0,00:00.0,25,25,60,60.1,12,07:42.0,101009
85,1,30:00.0,30:00.0,25,25,60,59.9,12,07:42.0,101010
85,1,00:00.0,00:00.0,25,24.9,60,59.2,12,56:08.0,101055
85,1,00:00.0,00:00.0,25,25.1,60,60.5,12,07:57.0,101112
85,1,30:00.0,30:00.0,25,24.9,60,60.2,12,03:59.0,104086
85,1,00:00.0,00:00.0,25,24.9,60,59.9,12,03:59.0,104087
85,1,30:00.0,30:00.0,25,24.9,60,59.7,12,03:59.0,104088
85,1,00:00.0,00:00.0,25,24.9,60,60,12,03:59.0,104089
85,1,30:00.0,30:00.0,25,24.9,60,59.5,12,03:59.0,104090
85,1,00:00.0,00:00.0,25,24.9,60,59.9,12,03:59.0,104091
85,1,30:00.0,30:00.0,25,24.9,60,60.8,12,03:59.0,104092
85,1,00:00.0,00:00.0,25,24.9,60,60,12,03:59.0,104093
85,1,30:00.0,30:00.0,25,24.9,60,59.7,12,03:59.0,104094
85,1,00:00.0,00:00.0,25,24.9,60,59.2,12,03:59.0,104095
85,1,30:00.0,30:00.0,25,24.9,60,60.2,12,03:59.0,104096
85,1,00:00.0,00:00.0,25,24.9,60,60.3,12,03:59.0,104097
85,1,30:00.0,30:00.0,25,24.9,60,61,12,03:59.0,104098
85,1,00:00.0,00:00.0,25,24.9,60,60.6,12,03:59.0,104099
85,1,30:00.0,30:00.0,25,24.9,60,60.5,12,03:59.0,104100
85,1,00:00.0,00:00.0,25,24.9,60,59.3,12,03:59.0,104101
85,1,30:00.0,30:00.0,25,24.9,60,60.4,12,03:59.0,104102
85,1,00:00.0,00:00.0,25,24.9,60,60.8,12,03:59.0,104103
85,1,30:00.0,30:00.0,25,24.9,60,60.9,12,03:59.0,104104
85,1,00:00.0,00:00.0,25,25,60,58.4,12,03:59.0,104105
85,1,30:00.0,30:00.0,25,24.9,60,60.5,12,03:59.0,104106
85,1,00:00.0,00:00.0,25,24.9,60,59.4,12,03:59.0,104107
85,1,30:00.0,30:00.0,25,24.9,60,59.7,12,03:59.0,104108
85,1,00:00.0,00:00.0,25,24.9,60,59.2,12,03:59.0,104109
85,1,30:00.0,30:00.0,25,24.9,60,59.2,12,03:59.0,104110
85,1,00:00.0,00:00.0,25,24.9,60,59.3,12,03:59.0,104111
85,1,30:00.0,30:00.0,25,24.9,60,59.3,12,03:59.0,104112
85,1,00:00.0,00:00.0,25,25,60,60.2,12,03:59.0,104113
85,1,30:00.0,30:00.0,25,24.9,60,59,12,03:59.0,104114
85,1,00:00.0,00:00.0,25,24.9,60,60.8,12,03:59.0,104115
85,1,30:00.0,30:00.0,25,25,60,59.1,12,03:59.0,104116
85,1,00:00.0,00:00.0,25,25,60,60.2,12,03:59.0,104117
85,1,30:00.0,30:00.0,25,24.9,60,61,12,03:59.0,104118
85,1,00:00.0,00:00.0,25,25,60,61.4,12,03:59.0,104119
85,1,30:00.0,30:00.0,25,25,60,61.3,12,03:59.0,104120
85,1,00:00.0,00:00.0,25,25,60,60.4,12,03:59.0,104121
85,1,30:00.0,30:00.0,25,25,60,60.1,12,03:59.0,104122
85,1,00:00.0,00:00.0,25,25,60,59.1,12,03:59.0,104123
85,1,30:00.0,30:00.0,25,25,60,60,12,03:59.0,104124
85,1,00:00.0,00:00.0,25,25,60,60,12,03:59.0,104125
85,1,30:00.0,30:00.0,25,25,60,59.8,12,03:59.0,104126
85,1,00:00.0,00:00.0,25,25,60,60.3,12,03:59.0,104127
85,1,30:00.0,30:00.0,25,25,60,59.6,12,03:59.0,104128
85,1,00:00.0,00:00.0,25,25,60,60.3,12,03:59.0,104129
85,1,30:00.0,30:00.0,25,25,60,59.5,12,03:59.0,104130
85,1,00:00.0,00:00.0,25,25.1,60,60.2,12,03:59.0,104131
85,1,30:00.0,30:00.0,25,25,60,59.7,12,03:59.0,104132
85,1,00:00.0,00:00.0,25,25.1,60,60.5,12,03:59.0,104133
85,1,30:00.0,30:00.0,25,26.6,60,62.4,12,08:47.0,105534
85,1,30:00.0,30:00.0,25,25.1,60,59.7,12,03:59.0,104135
85,1,00:00.0,00:00.0,25,25.1,60,60.1,12,03:59.0,104136
85,1,30:00.0,30:00.0,25,25.1,60,59.4,12,03:59.0,104137
85,1,00:00.0,00:00.0,25,25.6,60,60,12,08:47.0,105535
85,1,00:00.0,00:00.0,25,25,60,60,12,03:59.0,104139
85,1,30:00.0,30:00.0,25,25.1,60,59.7,12,03:59.0,104140
85,1,00:00.0,00:00.0,25,25,60,60.6,12,03:59.0,104141
85,1,30:00.0,30:00.0,25,25,60,60.6,12,03:59.0,104142
85,1,00:00.0,00:00.0,25,25,60,59.1,12,03:59.0,104143
85,1,30:00.0,30:00.0,25,25,60,59.2,12,03:59.0,104144
85,1,00:00.0,00:00.0,25,25.1,60,60.5,12,03:59.0,104145
85,1,30:00.0,30:00.0,25,25.1,60,59.8,12,03:59.0,104146
85,1,00:00.0,00:00.0,25,25,60,59.7,12,03:59.0,104147
85,1,30:00.0,30:00.0,25,25,60,61.1,12,03:59.0,104148
85,1,00:00.0,00:00.0,25,25.1,60,59.9,12,03:59.0,104149
85,1,30:00.0,30:00.0,25,25.1,60,60.2,12,03:59.0,104150
85,1,00:00.0,00:00.0,25,25,60,60.3,12,03:59.0,104151
85,2,00:00.0,00:00.0,40,40.1,75,75,12,18:22.0,101207
85,1,00:00.0,00:00.0,25,24.9,60,60.1,14,40:09.0,101414
85,1,30:00.0,30:00.0,25,24.9,60,59.5,14,40:09.0,101430
85,1,00:00.0,00:00.0,25,24.9,60,60.1,14,24:43.0,101445
85,1,00:00.0,00:00.0,25,25,60,60.2,14,24:43.0,101461
85,1,00:00.0,00:00.0,25,24.9,60,59.9,12,10:34.0,104200
85,1,30:00.0,30:00.0,25,25.2,60,59.6,14,03:00.0,101802
85,1,30:00.0,30:00.0,25,25.1,60,59.8,14,03:00.0,101811
85,1,00:00.0,00:00.0,25,25.1,60,59.2,14,03:00.0,101826
85,1,00:00.0,00:00.0,25,24.9,60,59.9,14,03:00.0,101838
85,1,30:00.0,30:00.0,25,24.9,60,60,14,03:00.0,101853
85,1,00:00.0,00:00.0,25,24.9,60,59.4,14,03:00.0,101866
85,1,30:00.0,30:00.0,25,24.9,60,59.9,14,03:00.0,101875
85,1,30:00.0,30:00.0,25,25,60,61,14,03:00.0,101885
85,1,00:00.0,00:00.0,25,24.9,60,59.6,14,03:00.0,101898
85,1,30:00.0,30:00.0,25,25,60,59.7,14,03:00.0,101907
85,1,30:00.0,30:00.0,25,25.1,60,60.1,14,03:00.0,101916
85,1,30:00.0,30:00.0,25,24.9,60,59.9,12,10:34.0,104216
85,1,30:00.0,30:00.0,25,25,60,59.7,12,10:34.0,104241
85,1,30:00.0,30:00.0,25,25.1,60,60.3,12,10:34.0,104259
85,1,00:00.0,00:00.0,25,25.1,60,59.8,14,04:49.0,104777
85,2,30:00.0,30:00.0,40,40,75,75.2,12,15:36.0,104296
85,2,00:00.0,00:00.0,40,38.3,75,75.9,12,15:36.0,104313
85,2,30:00.0,30:00.0,40,40,75,74.3,12,15:36.0,104328
85,2,30:00.0,30:00.0,40,40,75,73.7,12,15:36.0,104340
85,2,30:00.0,30:00.0,40,40.1,75,77.2,12,15:36.0,104358
85,2,00:00.0,00:00.0,40,40.1,75,73.8,12,15:36.0,104365
85,2,00:00.0,00:00.0,40,38.9,75,74.9,12,15:36.0,104379
85,2,00:00.0,00:00.0,40,40,75,74.8,12,15:36.0,104387
85,1,30:00.0,30:00.0,25,24.9,60,59.8,14,04:49.0,104796
85,1,30:00.0,30:00.0,25,24.8,60,60.6,14,04:49.0,104815
85,1,30:00.0,30:00.0,25,25,60,59.7,14,04:49.0,104831
85,1,00:00.0,00:00.0,25,24.9,60,60.4,14,04:49.0,104846
85,1,00:00.0,00:00.0,25,25.1,60,59.7,14,04:49.0,104857
85,1,00:00.0,00:00.0,25,25,60,60,14,04:49.0,104863
85,1,30:00.0,30:00.0,25,25,60,60.2,14,04:49.0,104873
85,1,30:00.0,30:00.0,25,25.1,60,59.9,14,04:49.0,104880
85,1,30:00.0,30:00.0,25,25,60,60,14,04:49.0,104890
85,1,30:00.0,30:00.0,25,25.1,60,60.2,14,04:49.0,104896
85,1,00:00.0,00:00.0,25,25,60,59.7,14,29:14.0,104914
85,1,30:00.0,30:00.0,25,24.9,60,59.5,14,34:05.0,104949
85,1,00:00.0,00:00.0,25,25,60,60,14,34:05.0,104969
85,1,00:00.0,00:00.0,25,27.7,60,65,14,34:05.0,105040
85,1,00:00.0,00:00.0,25,27.9,60,56.1,14,34:05.0,105058
85,1,00:00.0,00:00.0,25,27.6,60,62.7,14,34:05.0,105072
85,1,00:00.0,00:00.0,25,32.4,60,86.3,14,34:05.0,105094
85,1,30:00.0,30:00.0,25,27.5,60,78.4,14,34:05.0,105118
85,1,30:00.0,30:00.0,25,28.1,60,88.8,14,34:05.0,105133
85,1,30:00.0,30:00.0,25,23.6,60,60.9,14,34:05.0,105141
85,1,30:00.0,30:00.0,25,24.8,60,74.3,14,34:05.0,105154
85,1,00:00.0,00:00.0,25,24.5,60,58.8,14,34:05.0,105186
85,1,30:00.0,30:00.0,25,25.3,60,75.8,14,34:05.0,105199
85,2,30:00.0,30:00.0,40,40,75,75,14,45:58.0,105241
85,2,00:00.0,00:00.0,40,40,75,74.1,14,45:58.0,105265
85,2,30:00.0,30:00.0,40,39.9,75,75.8,14,45:58.0,105276
85,2,30:00.0,30:00.0,40,40,75,74.6,14,45:58.0,105293
85,2,30:00.0,30:00.0,40,40,75,76.4,14,21:37.0,105714
85,1,30:00.0,30:00.0,25,24.9,60,59.9,12,34:45.0,101022
85,1,00:00.0,00:00.0,25,25,60,59.7,12,34:45.0,101023
85,1,30:00.0,30:00.0,25,24.9,60,59.6,12,34:45.0,101024
85,1,00:00.0,00:00.0,25,24.9,60,60.5,12,34:45.0,101025
85,1,30:00.0,30:00.0,25,24.9,60,60.3,12,34:45.0,101026
85,1,00:00.0,00:00.0,25,25,60,59.6,12,34:45.0,101027
85,1,30:00.0,30:00.0,25,24.9,60,60.2,12,34:45.0,101028
85,1,00:00.0,00:00.0,25,24.9,60,59.7,12,34:45.0,101029
85,1,30:00.0,30:00.0,25,24.9,60,60.3,12,34:45.0,101030
85,1,00:00.0,00:00.0,25,25,60,60.5,12,34:45.0,101031
85,1,30:00.0,30:00.0,25,24.9,60,59.9,12,34:45.0,101032
85,1,00:00.0,00:00.0,25,24.9,60,60.5,12,34:45.0,101033
85,1,30:00.0,30:00.0,25,24.9,60,59.6,12,34:45.0,101034
85,1,00:00.0,00:00.0,25,24.9,60,59.8,12,34:45.0,101035
85,1,30:00.0,30:00.0,25,24.9,60,59.2,12,34:45.0,101036
85,1,00:00.0,00:00.0,25,24.9,60,60.1,12,34:45.0,101037
85,1,30:00.0,30:00.0,25,24.9,60,60.1,12,34:45.0,101038
85,1,00:00.0,00:00.0,25,24.9,60,60.4,12,34:45.0,101039
85,1,30:00.0,30:00.0,25,24.9,60,60.3,12,34:45.0,101040
85,1,00:00.0,00:00.0,25,24.9,60,59.6,12,34:45.0,101041
85,1,30:00.0,30:00.0,25,24.9,60,60.1,12,34:45.0,101042
85,1,00:00.0,00:00.0,25,24.9,60,60,12,34:45.0,101043
85,1,30:00.0,30:00.0,25,24.9,60,59.9,12,34:45.0,101044
85,1,00:00.0,00:00.0,25,24.9,60,59.7,12,34:45.0,101045
85,1,30:00.0,30:00.0,25,24.9,60,59.4,12,34:45.0,101046
85,1,00:00.0,00:00.0,25,24.9,60,60.3,12,34:45.0,101047
85,1,30:00.0,30:00.0,25,24.9,60,60.1,12,34:45.0,101048
85,1,00:00.0,00:00.0,25,24.8,60,60.1,12,34:45.0,101049
85,1,30:00.0,30:00.0,25,24.9,60,59.9,12,34:45.0,101050
85,1,00:00.0,00:00.0,25,24.9,60,59.8,12,34:45.0,101051
85,1,30:00.0,30:00.0,25,24.9,60,59.4,12,34:45.0,101052
85,1,00:00.0,00:00.0,25,24.9,60,59.4,12,34:45.0,101053
85,1,30:00.0,30:00.0,25,24.9,60,60,12,34:45.0,101054
85,1,00:00.0,00:00.0,25,24.9,60,59.9,12,56:08.0,101057
85,1,30:00.0,30:00.0,25,25,60,60.4,12,56:08.0,101058
85,1,00:00.0,00:00.0,25,24.9,60,59.8,12,56:08.0,101059
85,1,30:00.0,30:00.0,25,24.9,60,60.4,12,56:08.0,101060
85,1,00:00.0,00:00.0,25,25,60,60.4,12,56:08.0,101061
85,1,30:00.0,30:00.0,25,25,60,59.5,12,56:08.0,101062
85,1,00:00.0,00:00.0,25,24.9,60,60.6,12,56:08.0,101063
85,1,30:00.0,30:00.0,25,25,60,59.6,12,56:08.0,101064
85,1,00:00.0,00:00.0,25,24.9,60,59.9,12,56:08.0,101065
85,1,30:00.0,30:00.0,25,24.9,60,59.9,12,56:08.0,101066
85,1,00:00.0,00:00.0,25,24.9,60,60.2,12,56:08.0,101067
85,1,30:00.0,30:00.0,25,25,60,60.8,12,56:44.0,101068
85,1,00:00.0,00:00.0,25,25,60,59.3,12,56:49.0,101069
85,1,30:00.0,30:00.0,25,25,60,59.6,12,56:51.0,101070
85,1,00:00.0,00:00.0,25,25.1,60,59.5,12,57:08.0,101079
85,1,30:00.0,30:00.0,25,25,60,60.4,12,57:09.0,101080
85,1,00:00.0,00:00.0,25,25,60,59.8,12,06:12.0,101082
85,1,30:00.0,30:00.0,25,25.1,60,60.4,12,06:12.0,101083
85,1,00:00.0,00:00.0,25,25.1,60,59.7,12,06:12.0,101084
85,1,30:00.0,30:00.0,25,25.1,60,60.1,12,06:12.0,101085
85,1,00:00.0,00:00.0,25,25,60,60.2,12,06:12.0,101086
85,1,30:00.0,30:00.0,25,25,60,60.5,12,06:12.0,101087
85,1,00:00.0,00:00.0,25,25.1,60,60,12,06:12.0,101088
85,1,30:00.0,30:00.0,25,25.1,60,60.2,12,06:12.0,101089
85,1,00:00.0,00:00.0,25,25,60,59.6,12,06:12.0,101090
85,1,30:00.0,30:00.0,25,25,60,60.2,12,06:12.0,101091
85,1,00:00.0,00:00.0,25,25.1,60,59.9,12,06:12.0,101092
85,1,30:00.0,30:00.0,25,25.1,60,59.7,12,06:12.0,101093
85,1,00:00.0,00:00.0,25,25.1,60,60.3,12,06:12.0,101094
85,1,30:00.0,30:00.0,25,25.1,60,60.6,12,06:12.0,101095
85,1,00:00.0,00:00.0,25,25.1,60,59.5,12,06:12.0,101096
85,1,30:00.0,30:00.0,25,25.1,60,59.7,12,06:12.0,101097
85,1,00:00.0,00:00.0,25,25.1,60,59.9,12,06:12.0,101098
85,1,30:00.0,30:00.0,25,25,60,59.7,12,06:12.0,101099
85,1,00:00.0,00:00.0,25,25.2,60,59.6,12,06:12.0,101100
85,1,30:00.0,30:00.0,25,25.1,60,59.5,12,06:12.0,101101
85,1,00:00.0,00:00.0,25,25.1,60,60.2,12,06:12.0,101102
85,1,30:00.0,30:00.0,25,25.1,60,59.8,12,06:12.0,101103
85,1,00:00.0,00:00.0,25,25.1,60,59.9,12,06:12.0,101104
85,1,30:00.0,30:00.0,25,25.1,60,60,12,06:12.0,101105
85,1,00:00.0,00:00.0,25,25.1,60,60.3,12,06:12.0,101106
85,1,30:00.0,30:00.0,25,25.1,60,60.1,12,06:12.0,101107
85,1,00:00.0,00:00.0,25,25.1,60,59.7,12,06:12.0,101108
85,1,30:00.0,30:00.0,25,25.1,60,59.9,12,06:12.0,101109
85,1,00:00.0,00:00.0,25,25.1,60,59.8,12,06:12.0,101110
85,1,30:00.0,30:00.0,25,25.1,60,60.1,12,06:12.0,101111
85,1,00:00.0,00:00.0,25,25,60,60.9,12,07:57.0,101114
85,1,30:00.0,30:00.0,25,25.2,60,60.2,12,07:57.0,101115
85,1,00:00.0,00:00.0,25,25.1,60,60.8,12,07:57.0,101116
85,1,30:00.0,30:00.0,25,25.1,60,59.5,12,07:57.0,101117
85,1,00:00.0,00:00.0,25,25.1,60,59.9,12,07:57.0,101118
85,1,30:00.0,30:00.0,25,25.1,60,60.1,12,07:57.0,101119
85,2,30:00.0,30:00.0,40,40,75,73.2,14,20:05.0,102176
85,1,30:00.0,30:00.0,25,25.1,60,59.8,12,15:36.0,101123
85,1,30:00.0,30:00.0,25,25,60,59.5,12,03:59.0,104152
85,1,00:00.0,00:00.0,25,25,60,59.8,12,15:36.0,101125
85,1,30:00.0,30:00.0,25,25.1,60,59,12,15:36.0,101126
85,1,00:00.0,00:00.0,25,25.1,60,59.7,12,15:36.0,101127
85,1,30:00.0,30:00.0,25,25.1,60,59.9,12,15:36.0,101128
85,1,00:00.0,00:00.0,25,25.1,60,60.6,12,15:36.0,101129
85,2,00:00.0,00:00.0,40,40,75,75,12,18:22.0,101205
85,1,00:00.0,00:00.0,25,24.9,60,59.4,14,40:09.0,101412
85,1,00:00.0,00:00.0,25,24.9,60,60,14,24:43.0,101443
85,1,00:00.0,00:00.0,25,24.9,60,59.9,14,24:43.0,101459
85,1,30:00.0,30:00.0,25,25,60,59.4,14,24:43.0,101472
85,1,00:00.0,00:00.0,25,25.1,60,60.6,14,03:00.0,101784
85,1,30:00.0,30:00.0,25,25.1,60,60,14,03:00.0,101800
85,1,00:00.0,00:00.0,25,25.1,60,59.5,12,03:59.0,104153
85,2,00:00.0,00:00.0,40,40,75,74.4,12,55:26.0,104464
85,1,30:00.0,30:00.0,25,25.1,60,59.8,12,03:59.0,104155
85,1,00:00.0,00:00.0,25,25.1,60,60.5,12,03:59.0,104156
85,1,30:00.0,30:00.0,25,25.1,60,58.8,12,03:59.0,104157
85,1,00:00.0,00:00.0,25,25.1,60,58.6,12,03:59.0,104158
85,1,30:00.0,30:00.0,25,25.1,60,60.2,12,03:59.0,104159
85,1,00:00.0,00:00.0,25,25.1,60,59,12,03:59.0,104160
85,1,30:00.0,30:00.0,25,24.9,60,60.4,12,03:59.0,104161
85,1,00:00.0,00:00.0,25,24.9,60,59.6,12,03:59.0,104162
85,1,30:00.0,30:00.0,25,24.9,60,60.5,12,03:59.0,104163
85,1,00:00.0,00:00.0,25,24.9,60,59.4,12,03:59.0,104164
85,1,30:00.0,30:00.0,25,24.9,60,59.9,12,03:59.0,104165
85,1,00:00.0,00:00.0,25,24.9,60,60.1,12,03:59.0,104166
85,1,30:00.0,30:00.0,25,24.9,60,59.7,12,03:59.0,104167
85,1,30:00.0,30:00.0,25,24.9,60,60,12,03:59.0,104168
85,1,00:00.0,00:00.0,25,25,60,60.1,12,03:59.0,104169
85,1,30:00.0,30:00.0,25,25,60,60.3,12,03:59.0,104170
85,1,00:00.0,00:00.0,25,25,60,60.1,12,03:59.0,104171
85,1,30:00.0,30:00.0,25,25,60,59.9,12,03:59.0,104172
85,1,00:00.0,00:00.0,25,24.9,60,59.3,12,03:59.0,104173
85,1,30:00.0,30:00.0,25,24.9,60,59.7,12,03:59.0,104174
85,1,00:00.0,00:00.0,25,25,60,60.2,12,03:59.0,104175
85,1,30:00.0,30:00.0,25,24.9,60,60.4,12,03:59.0,104176
85,1,00:00.0,00:00.0,25,24.9,60,60,12,03:59.0,104177
85,1,30:00.0,30:00.0,25,24.9,60,60.2,12,03:59.0,104178
85,1,00:00.0,00:00.0,25,24.9,60,59.7,12,03:59.0,104179
85,1,30:00.0,30:00.0,25,24.9,60,60.1,12,03:59.0,104180
85,1,00:00.0,00:00.0,25,24.9,60,59.6,12,03:59.0,104181
85,1,30:00.0,30:00.0,25,24.9,60,60,12,03:59.0,104182
85,1,00:00.0,00:00.0,25,25,60,60.3,12,03:59.0,104183
85,1,30:00.0,30:00.0,25,25,60,60.1,12,03:59.0,104184
85,1,00:00.0,00:00.0,25,24.9,60,60.1,12,03:59.0,104185
85,1,30:00.0,30:00.0,25,24.9,60,59.7,12,03:59.0,104186
85,1,00:00.0,00:00.0,25,24.9,60,60.3,12,10:34.0,104187
85,1,00:00.0,00:00.0,25,24.9,60,59.5,12,10:34.0,104204
85,1,30:00.0,30:00.0,25,25,60,59.4,12,10:34.0,104220
85,1,30:00.0,30:00.0,25,25,60,59.8,12,10:34.0,104239
85,2,00:00.0,00:00.0,40,39.9,75,73.6,12,15:36.0,104287
85,2,30:00.0,30:00.0,40,38.6,75,75.2,12,15:36.0,104308
85,2,00:00.0,00:00.0,40,40,75,77.5,12,15:36.0,104327
85,2,00:00.0,00:00.0,40,40,75,73.9,12,15:36.0,104347
85,2,30:00.0,30:00.0,40,40.1,75,78.8,12,15:36.0,104360
85,2,00:00.0,00:00.0,40,40,75,74.9,12,15:36.0,104371
85,2,30:00.0,30:00.0,40,40,75,75.4,12,15:36.0,104380
85,2,30:00.0,30:00.0,40,39.2,75,74.8,12,15:36.0,104388
85,2,30:00.0,30:00.0,40,39.8,75,75.6,12,15:36.0,104395
85,2,30:00.0,30:00.0,40,39.9,75,75.2,12,15:36.0,104407
85,2,30:00.0,30:00.0,40,40,75,74.4,12,15:36.0,104415
85,2,30:00.0,30:00.0,40,39.9,75,75.1,12,49:27.0,104425
85,2,30:00.0,30:00.0,40,40,75,74,12,49:27.0,104431
85,2,00:00.0,00:00.0,40,40.1,75,75.2,12,55:26.0,104470
85,2,00:00.0,00:00.0,40,40.1,75,76.3,12,55:26.0,104482
85,2,30:00.0,30:00.0,40,40,75,77.7,12,55:26.0,104487
85,2,30:00.0,30:00.0,40,40.1,75,77.3,12,55:26.0,104491
85,2,30:00.0,30:00.0,40,40,75,76.5,12,55:26.0,104495
85,2,00:00.0,00:00.0,40,40,75,76.3,12,58:58.0,104536
85,2,30:00.0,30:00.0,40,39.9,75,75.3,12,58:58.0,104543
85,2,00:00.0,00:00.0,40,40,75,79.1,12,58:58.0,104588
85,2,30:00.0,30:00.0,40,39.9,75,75.1,12,58:58.0,104593
85,2,00:00.0,00:00.0,40,40,75,76.7,12,58:58.0,104598
85,2,30:00.0,30:00.0,40,40,75,78.4,12,58:58.0,104603
85,2,00:00.0,00:00.0,40,40,75,74.9,12,58:58.0,104606
85,2,00:00.0,00:00.0,40,40.1,75,76.8,12,58:58.0,104610
85,2,00:00.0,00:00.0,40,40,75,76.6,12,58:58.0,104614
85,2,30:00.0,30:00.0,40,40.1,75,76,12,58:58.0,104624
85,1,30:00.0,30:00.0,25,25.1,60,59.7,14,04:49.0,104759
85,2,00:00.0,00:00.0,40,40,75,78.6,12,58:58.0,104636
85,2,30:00.0,30:00.0,40,40,75,73.3,12,58:58.0,104639
85,2,00:00.0,00:00.0,40,40,75,74.8,12,58:58.0,104648
85,2,30:00.0,30:00.0,40,39.9,75,73.7,12,58:58.0,104716
85,2,30:00.0,30:00.0,40,40,75,74.7,12,58:58.0,104720
85,2,30:00.0,30:00.0,40,39.9,75,72.9,12,58:58.0,104728
85,2,30:00.0,30:00.0,40,40,75,77,12,58:58.0,104730
85,2,00:00.0,00:00.0,40,40,75,74.6,12,58:58.0,104733
85,2,00:00.0,00:00.0,40,40,75,78.3,12,58:58.0,104735
85,2,00:00.0,00:00.0,40,40,75,74.3,12,58:58.0,104739
85,2,30:00.0,30:00.0,40,39.9,75,76.5,12,58:58.0,104749
85,2,30:00.0,30:00.0,40,40,75,78.5,12,32:43.0,104757
85,1,00:00.0,00:00.0,25,25,60,60.2,14,04:49.0,104789
85,1,00:00.0,00:00.0,25,23.8,60,58.1,12,08:47.0,105537
85,1,30:00.0,30:00.0,25,24.3,60,73.1,12,08:47.0,105538
85,1,00:00.0,00:00.0,25,27,60,78.7,12,08:47.0,105539
85,1,30:00.0,30:00.0,25,27.6,60,70.4,12,08:47.0,105540
85,1,00:00.0,00:00.0,25,27.2,60,58,12,08:47.0,105541
85,1,30:00.0,30:00.0,25,24.9,60,60.1,14,40:09.0,101419
85,1,30:00.0,30:00.0,25,24.9,60,59.4,14,24:43.0,101450
85,1,30:00.0,30:00.0,25,25,60,60.9,14,24:43.0,101466
85,1,00:00.0,00:00.0,25,25,60,60.3,14,24:43.0,101471
85,1,30:00.0,30:00.0,25,25,60,60,14,24:43.0,101485
85,1,00:00.0,00:00.0,25,25.1,60,61.5,14,03:00.0,101791
85,1,30:00.0,30:00.0,25,25.1,60,59.7,14,03:00.0,101807
85,1,00:00.0,00:00.0,25,25,60,60.2,14,03:00.0,101828
85,1,30:00.0,30:00.0,25,24.9,60,59.8,14,03:00.0,101843
85,1,00:00.0,00:00.0,25,24.9,60,61.4,14,03:00.0,101854
85,1,00:00.0,00:00.0,25,24.9,60,60.3,14,03:00.0,101868
85,1,30:00.0,30:00.0,25,24.9,60,59.7,14,03:00.0,101879
85,1,00:00.0,00:00.0,25,25,60,60.3,14,03:00.0,101894
85,1,00:00.0,00:00.0,25,25,60,61.5,14,03:00.0,101908
85,1,30:00.0,30:00.0,25,24.9,60,60.5,12,10:34.0,104194
85,1,00:00.0,00:00.0,25,24.9,60,59.8,12,10:34.0,104210
85,1,30:00.0,30:00.0,25,25,60,60.4,12,10:34.0,104226
85,1,30:00.0,30:00.0,25,25,60,59.3,12,10:34.0,104232
85,1,00:00.0,00:00.0,25,25.1,60,59.9,12,10:34.0,104244
85,1,30:00.0,30:00.0,25,25.1,60,60.2,12,10:34.0,104253
85,1,30:00.0,30:00.0,25,25.1,60,59.7,12,10:34.0,104257
85,1,30:00.0,30:00.0,25,25,60,60.6,12,10:34.0,104265
85,2,30:00.0,30:00.0,40,40.2,75,74.7,12,15:36.0,104274
85,2,30:00.0,30:00.0,40,39.9,75,77.2,12,15:36.0,104280
85,2,00:00.0,00:00.0,40,39.9,75,78.9,12,15:36.0,104297
85,2,30:00.0,30:00.0,40,39.9,75,75.5,12,15:36.0,104316
85,2,00:00.0,00:00.0,40,40,75,74.2,12,15:36.0,104329
85,2,00:00.0,00:00.0,40,40,75,74,12,15:36.0,104341
85,2,00:00.0,00:00.0,40,40,75,77.1,12,15:36.0,104353
85,2,00:00.0,00:00.0,40,40,75,78,12,15:36.0,104361
85,2,30:00.0,30:00.0,40,40,75,74.1,12,15:36.0,104366
85,2,30:00.0,30:00.0,40,40,75,73,12,15:36.0,104372
85,2,00:00.0,00:00.0,40,40.3,75,74.8,12,15:36.0,104383
85,2,30:00.0,30:00.0,40,40,75,75.4,12,15:36.0,104391
85,2,30:00.0,30:00.0,40,38.2,75,75.2,12,15:36.0,104401
85,2,00:00.0,00:00.0,40,40.2,75,74.7,12,15:36.0,104406
85,2,00:00.0,00:00.0,40,40,75,75.2,12,15:36.0,104416
85,2,00:00.0,00:00.0,40,39.8,75,75.1,12,49:27.0,104433
85,2,00:00.0,00:00.0,40,39.4,75,75.5,12,58:58.0,104561
85,2,30:00.0,30:00.0,40,39.9,75,74.2,12,58:58.0,104575
85,2,00:00.0,00:00.0,40,39.9,75,73.2,12,58:58.0,104580
85,2,30:00.0,30:00.0,40,40,75,76.4,12,58:58.0,104587
85,2,30:00.0,30:00.0,40,40,75,73.1,12,58:58.0,104591
85,2,00:00.0,00:00.0,40,40,75,74.1,12,58:58.0,104602
85,2,00:00.0,00:00.0,40,40,75,76.2,12,58:58.0,104616
85,1,00:00.0,00:00.0,25,25.1,60,59.8,14,04:49.0,104764
85,2,30:00.0,30:00.0,40,40.1,75,77.1,12,58:58.0,104622
85,2,00:00.0,00:00.0,40,40,75,78.6,12,58:58.0,104627
85,2,30:00.0,30:00.0,40,40,75,75.9,12,58:58.0,104631
85,2,30:00.0,30:00.0,40,40.1,75,78.1,12,58:58.0,104635
85,2,00:00.0,00:00.0,40,40,75,74.4,12,58:58.0,104640
85,2,30:00.0,30:00.0,40,40,75,75.7,12,58:58.0,104643
85,2,00:00.0,00:00.0,40,40.1,75,78.3,12,58:58.0,104646
85,2,30:00.0,30:00.0,40,40,75,77.9,12,58:58.0,104649
85,2,30:00.0,30:00.0,40,40,75,79,12,58:58.0,104653
85,2,30:00.0,30:00.0,40,40,75,73.4,12,58:58.0,104655
85,2,30:00.0,30:00.0,40,40,75,74.9,12,58:58.0,104659
85,2,00:00.0,00:00.0,40,40.4,75,76.4,12,58:58.0,104662
85,2,00:00.0,00:00.0,40,40.1,75,75.8,12,58:58.0,104666
85,2,00:00.0,00:00.0,40,40,75,74.2,12,58:58.0,104672
85,2,30:00.0,30:00.0,40,40,75,78.8,12,58:58.0,104676
85,2,00:00.0,00:00.0,40,40,75,73.9,12,58:58.0,104679
85,2,00:00.0,00:00.0,40,40,75,74.6,12,58:58.0,104681
85,2,00:00.0,00:00.0,40,40,75,75.1,12,58:58.0,104691
85,2,30:00.0,30:00.0,40,39.9,75,74,12,58:58.0,104696
85,2,30:00.0,30:00.0,40,39.9,75,74.4,12,58:58.0,104698
85,2,30:00.0,30:00.0,40,39.9,75,75.3,12,58:58.0,104701
85,2,00:00.0,00:00.0,40,39.9,75,78.2,12,58:58.0,104704
85,2,00:00.0,00:00.0,40,39.9,75,75.5,12,58:58.0,104706
85,2,00:00.0,00:00.0,40,39.9,75,75.6,12,58:58.0,104710
85,2,00:00.0,00:00.0,40,40,75,75,12,58:58.0,104714
85,2,00:00.0,00:00.0,40,40,75,76.7,12,58:58.0,104717
85,2,00:00.0,00:00.0,40,39.9,75,74.6,12,58:58.0,104719
85,2,00:00.0,00:00.0,40,39.9,75,75,12,58:58.0,104723
85,2,00:00.0,00:00.0,40,40,75,78.5,12,58:58.0,104729
85,2,30:00.0,30:00.0,40,40,75,77.4,12,58:58.0,104732
85,2,30:00.0,30:00.0,40,40,75,78.6,12,58:58.0,104746
85,2,00:00.0,00:00.0,40,40,75,73.7,12,58:58.0,104752
85,1,00:00.0,00:00.0,25,25.1,60,59.5,12,08:33.0,104755
85,1,00:00.0,00:00.0,25,25.1,60,60,14,04:49.0,104783
85,1,00:00.0,00:00.0,25,25,60,59.6,14,04:49.0,104791
85,1,30:00.0,30:00.0,25,25,60,59.6,14,04:49.0,104798
85,1,00:00.0,00:00.0,25,26.1,60,53.8,12,08:47.0,105543
85,1,30:00.0,30:00.0,25,29.4,60,86.4,12,08:47.0,105544
85,1,00:00.0,00:00.0,25,28.2,60,78.4,12,08:47.0,105545
85,1,30:00.0,30:00.0,25,26.9,60,65.1,12,08:47.0,105546
85,1,00:00.0,00:00.0,25,25.5,60,59.5,12,08:47.0,105547
85,1,30:00.0,30:00.0,25,24.4,60,58.1,12,08:47.0,105548
85,1,00:00.0,00:00.0,25,23.3,60,64.2,12,08:47.0,105549
85,2,00:00.0,00:00.0,40,40.1,75,76.8,14,21:37.0,105571
85,2,00:00.0,00:00.0,40,40,75,77.3,14,21:37.0,105575
85,2,30:00.0,30:00.0,40,40,75,77.4,14,21:37.0,105590
85,2,30:00.0,30:00.0,40,40,75,75.1,14,21:37.0,105594
85,2,30:00.0,30:00.0,40,40,75,75.7,12,18:22.0,101202
85,1,00:00.0,00:00.0,25,25,60,60.6,14,40:09.0,101410
85,1,00:00.0,00:00.0,25,24.9,60,60.2,14,40:09.0,101426
85,1,00:00.0,00:00.0,25,24.9,60,59.9,14,24:43.0,101441
85,1,00:00.0,00:00.0,25,24.9,60,59.7,14,24:43.0,101457
85,1,30:00.0,30:00.0,25,25.1,60,59.4,14,24:43.0,101481
85,1,30:00.0,30:00.0,25,24.9,60,59.6,12,10:34.0,104196
85,2,00:00.0,00:00.0,40,40,75,75,14,56:35.0,101495
85,2,30:00.0,30:00.0,40,40,75,74.6,14,56:35.0,101496
85,2,30:00.0,30:00.0,40,39.9,75,75.2,14,56:35.0,101500
85,2,00:00.0,00:00.0,40,40,75,74.9,14,56:35.0,101501
85,2,30:00.0,30:00.0,40,40,75,74.7,14,56:35.0,101502
85,1,00:00.0,00:00.0,25,24.9,60,59.5,12,10:34.0,104212
85,1,30:00.0,30:00.0,25,25,60,60.1,12,10:34.0,104228
85,1,00:00.0,00:00.0,25,25,60,59.8,12,10:34.0,104240
85,1,30:00.0,30:00.0,25,25.1,60,60.2,12,10:34.0,104243
85,1,00:00.0,00:00.0,25,25.1,60,59.8,12,10:34.0,104254
85,1,00:00.0,00:00.0,25,25.1,60,59.8,12,10:34.0,104256
85,1,00:00.0,00:00.0,25,25.2,60,60.1,12,10:34.0,104264
85,1,00:00.0,00:00.0,25,25.1,60,60.2,12,10:34.0,104270
85,2,00:00.0,00:00.0,40,39.9,75,74.7,12,15:36.0,104277
85,2,30:00.0,30:00.0,40,40,75,73.7,12,15:36.0,104284
85,2,30:00.0,30:00.0,40,40,75,77.1,12,15:36.0,104290
85,2,30:00.0,30:00.0,40,40,75,76.4,12,15:36.0,104298
85,2,00:00.0,00:00.0,40,38.2,75,73.7,12,15:36.0,104303
85,2,00:00.0,00:00.0,40,40.1,75,74.6,12,15:36.0,104311
85,2,00:00.0,00:00.0,40,40.1,75,74.9,12,15:36.0,104319
85,2,30:00.0,30:00.0,40,40.1,75,75.6,12,15:36.0,104322
85,2,30:00.0,30:00.0,40,40.1,75,76.7,12,15:36.0,104334
85,2,00:00.0,00:00.0,40,40.1,75,77.2,12,15:36.0,104337
85,2,30:00.0,30:00.0,40,40,75,73.1,12,15:36.0,104356
85,2,00:00.0,00:00.0,40,40,75,78.3,12,15:36.0,104367
85,2,30:00.0,30:00.0,40,38.9,75,75,12,15:36.0,104382
85,2,30:00.0,30:00.0,40,39.8,75,74.5,12,15:36.0,104393
85,2,00:00.0,00:00.0,40,39.4,75,74.6,12,15:36.0,104398
85,2,30:00.0,30:00.0,40,40.2,75,75.1,12,15:36.0,104405
85,1,00:00.0,00:00.0,25,25.1,60,60,14,04:49.0,104766
85,1,30:00.0,30:00.0,25,25,60,59.9,14,04:49.0,104788
85,1,00:00.0,00:00.0,25,24.9,60,59.9,14,04:49.0,104801
85,1,00:00.0,00:00.0,25,24.9,60,59.8,14,04:49.0,104810
85,1,30:00.0,30:00.0,25,24.9,60,60.2,14,04:49.0,104825
85,1,00:00.0,00:00.0,25,24.9,60,60.1,14,04:49.0,104838
85,1,30:00.0,30:00.0,25,25,60,59.8,14,04:49.0,104852
85,1,00:00.0,00:00.0,25,25.1,60,60.3,14,04:49.0,104872
85,1,00:00.0,00:00.0,25,25.2,60,59.9,14,04:49.0,104885
85,1,00:00.0,00:00.0,25,24.9,60,59.4,14,29:14.0,104910
85,1,00:00.0,00:00.0,25,25,60,60.3,14,29:14.0,104920
85,1,30:00.0,30:00.0,25,24.9,60,59.8,14,34:05.0,104939
85,1,30:00.0,30:00.0,25,25,60,60,14,34:05.0,104968
85,1,30:00.0,30:00.0,25,29.7,60,86.9,14,34:05.0,104996
85,1,30:00.0,30:00.0,25,29.8,60,87.9,14,34:05.0,105014
85,1,30:00.0,30:00.0,25,27.8,60,63.3,14,34:05.0,105029
85,1,30:00.0,30:00.0,25,26.8,60,61.7,14,34:05.0,105047
85,1,00:00.0,00:00.0,25,32.3,60,87.3,14,34:05.0,105068
85,1,00:00.0,00:00.0,25,26.1,60,74.7,14,34:05.0,105078
85,1,30:00.0,30:00.0,25,25.4,60,59.7,14,34:05.0,105087
85,1,00:00.0,00:00.0,25,30.5,60,89.2,14,34:05.0,105100
85,1,30:00.0,30:00.0,25,28.9,60,82.9,14,34:05.0,105108
85,1,00:00.0,00:00.0,25,25.6,60,73.6,14,34:05.0,105134
85,1,00:00.0,00:00.0,25,27.5,60,57.2,14,34:05.0,105145
85,1,00:00.0,00:00.0,25,23.6,60,61.4,14,34:05.0,105153
85,1,00:00.0,00:00.0,25,23.6,60,62.3,14,34:05.0,105166
85,1,00:00.0,00:00.0,25,28.2,60,54.3,14,34:05.0,105180
85,1,00:00.0,00:00.0,25,27.9,60,72.3,14,34:05.0,105206
85,1,30:00.0,30:00.0,25,27.7,60,56.8,14,34:05.0,105219
85,2,00:00.0,00:00.0,40,40,75,78.7,14,45:58.0,105238
85,2,30:00.0,30:00.0,40,40,75,75.9,14,45:58.0,105252
85,2,00:00.0,00:00.0,40,40,75,74.2,14,45:58.0,105267
85,2,00:00.0,00:00.0,40,40,75,75.4,14,45:58.0,105282
85,2,30:00.0,30:00.0,40,39.9,75,74.8,14,45:58.0,105295
85,2,30:00.0,30:00.0,40,40,75,75.4,14,21:37.0,105656
85,2,00:00.0,00:00.0,40,40,75,74.6,14,21:37.0,105661
85,2,30:00.0,30:00.0,40,40,75,77.6,14,21:37.0,105666
85,2,30:00.0,30:00.0,40,40,75,79,14,21:37.0,105670
85,2,00:00.0,00:00.0,40,40,75,76.4,14,21:37.0,105673
85,2,30:00.0,30:00.0,40,40,75,75.5,14,21:37.0,105679
85,2,30:00.0,30:00.0,40,40,75,77.8,14,21:37.0,105683
85,2,30:00.0,30:00.0,40,40,75,74.8,14,21:37.0,105689
85,2,00:00.0,00:00.0,40,40,75,74.5,14,21:37.0,105698
85,2,30:00.0,30:00.0,40,40,75,75.5,14,21:37.0,105703
85,2,00:00.0,00:00.0,40,40,75,76.4,14,21:37.0,105706
85,2,00:00.0,00:00.0,40,40.1,75,77.4,14,21:37.0,105710
85,2,00:00.0,00:00.0,40,40,75,76.5,14,21:37.0,105713
85,1,00:00.0,00:00.0,25,24.9,60,60.4,14,21:53.0,100643
85,1,00:00.0,00:00.0,25,24.9,60,59.6,14,15:19.0,100651
85,1,00:00.0,00:00.0,25,24.9,60,59.4,14,15:19.0,100668
85,1,00:00.0,00:00.0,25,25.1,60,60.2,14,15:19.0,100684
85,1,00:00.0,00:00.0,25,25.1,60,60.8,14,15:19.0,100708
85,1,30:00.0,30:00.0,25,24.9,60,60.7,14,27:23.0,100754
85,1,30:00.0,30:00.0,25,24.9,60,61,14,15:43.0,100772
85,2,00:00.0,00:00.0,40,40,75,73.5,14,17:43.0,100775
85,2,30:00.0,30:00.0,40,40,75,74.2,14,17:43.0,100792
85,2,30:00.0,30:00.0,40,40,75,79.2,14,17:43.0,100796
85,2,00:00.0,00:00.0,40,40,75,73.4,14,17:43.0,100813
85,2,30:00.0,30:00.0,40,40,75,75.6,14,17:43.0,100819
85,2,30:00.0,30:00.0,40,40,75,75.1,14,00:11.0,100838
85,2,00:00.0,00:00.0,40,39.8,75,75,12,02:23.0,100845
85,2,30:00.0,30:00.0,40,40,75,75.3,12,02:23.0,100861
85,2,00:00.0,00:00.0,40,40.1,75,75.2,12,02:23.0,100877
85,1,30:00.0,30:00.0,25,24.9,60,60.6,14,46:03.0,100890
85,1,30:00.0,30:00.0,25,25.1,60,59.4,12,56:01.0,100954
85,1,00:00.0,00:00.0,25,25,60,60.2,14,52:13.0,100930
85,1,30:00.0,30:00.0,25,25.1,60,60.5,14,52:13.0,100946
85,1,30:00.0,30:00.0,25,25.1,60,60.3,12,15:36.0,101130
85,1,00:00.0,00:00.0,25,25.1,60,60,14,04:49.0,104768
85,1,00:00.0,00:00.0,25,24.9,60,59.9,12,10:34.0,104214
85,1,00:00.0,00:00.0,25,25,60,60.1,12,10:34.0,104231
85,1,00:00.0,00:00.0,25,25.1,60,60,12,10:34.0,104252
85,2,30:00.0,30:00.0,40,39.9,75,75,12,15:36.0,104272
85,2,00:00.0,00:00.0,40,40,75,73.3,12,15:36.0,104299
85,2,00:00.0,00:00.0,40,39.8,75,73.7,12,15:36.0,104321
85,2,00:00.0,00:00.0,40,40,75,75.9,12,15:36.0,104333
85,2,00:00.0,00:00.0,40,40,75,74,12,15:36.0,104339
85,2,00:00.0,00:00.0,40,40,75,73.6,12,15:36.0,104355
85,2,30:00.0,30:00.0,40,40,75,73.9,12,15:36.0,104364
85,2,00:00.0,00:00.0,40,38.4,75,75.5,12,15:36.0,104381
85,2,00:00.0,00:00.0,40,39.9,75,75.2,12,15:36.0,104396
85,2,00:00.0,00:00.0,40,39.1,75,75.9,12,15:36.0,104410
85,2,00:00.0,00:00.0,40,39.8,75,75.1,12,15:36.0,104421
85,1,30:00.0,30:00.0,25,25,60,60.7,14,04:49.0,104780
85,1,30:00.0,30:00.0,25,24.9,60,60.2,14,04:49.0,104792
85,1,30:00.0,30:00.0,25,25,60,60.3,14,04:49.0,104800
85,1,00:00.0,00:00.0,25,24.9,60,59.7,14,04:49.0,104814
85,1,00:00.0,00:00.0,25,24.9,60,59.8,14,04:49.0,104826
85,1,00:00.0,00:00.0,25,25,60,60,14,04:49.0,104842
85,1,30:00.0,30:00.0,25,24.9,60,60.4,14,04:49.0,104862
85,1,00:00.0,00:00.0,25,25.1,60,60,14,04:49.0,104887
85,1,00:00.0,00:00.0,25,25.1,60,59.9,14,04:49.0,104897
85,1,00:00.0,00:00.0,25,24.9,60,60.1,14,29:14.0,104912
85,1,30:00.0,30:00.0,25,25,60,60.3,14,29:14.0,104926
85,1,30:00.0,30:00.0,25,25,60,60.6,14,34:05.0,104947
85,1,30:00.0,30:00.0,25,25,60,60,14,34:05.0,104963
85,1,00:00.0,00:00.0,25,25.1,60,59.8,14,34:05.0,104981
85,1,00:00.0,00:00.0,25,27.1,60,71.7,14,34:05.0,105003
85,1,00:00.0,00:00.0,25,24.7,60,60,14,34:05.0,105017
85,1,30:00.0,30:00.0,25,25.2,60,60,14,34:05.0,105035
85,1,30:00.0,30:00.0,25,23.8,60,62.6,14,34:05.0,105051
85,2,00:00.0,00:00.0,40,40,75,73.6,14,45:58.0,105240
85,2,00:00.0,00:00.0,40,40,75,76.2,14,45:58.0,105261
85,2,30:00.0,30:00.0,40,40.1,75,74.9,14,45:58.0,105278
85,1,00:00.0,00:00.0,25,24.9,60,59.2,14,21:53.0,100649
85,1,30:00.0,30:00.0,25,25,60,59.3,14,15:19.0,100658
85,1,00:00.0,00:00.0,25,25,60,59.7,14,15:19.0,100674
85,1,00:00.0,00:00.0,25,25,60,59.6,14,15:19.0,100690
85,1,30:00.0,30:00.0,25,25,60,59.6,14,27:23.0,100760
85,2,00:00.0,00:00.0,40,40.1,75,77.6,14,17:43.0,100781
85,2,00:00.0,00:00.0,40,40,75,74.6,14,17:43.0,100793
85,2,30:00.0,30:00.0,40,40,75,78.6,14,17:43.0,100810
85,2,30:00.0,30:00.0,40,40,75,74.8,14,00:11.0,100834
85,2,00:00.0,00:00.0,40,40,75,75.1,12,02:23.0,100851
85,2,00:00.0,00:00.0,40,39.9,75,75.2,12,02:23.0,100867
85,2,00:00.0,00:00.0,40,39.9,75,75.6,12,02:23.0,100883
85,1,00:00.0,00:00.0,25,24.9,60,60.4,14,46:03.0,100897
85,1,00:00.0,00:00.0,25,24.9,60,60.6,14,52:13.0,100913
85,1,30:00.0,30:00.0,25,25,60,60.2,14,52:13.0,100933
85,1,00:00.0,00:00.0,25,25.1,60,59.4,14,52:13.0,100943
85,2,00:00.0,00:00.0,40,40,75,75,12,56:17.0,100961
85,2,30:00.0,30:00.0,40,40.2,75,74,14,57:42.0,102199
85,1,00:00.0,00:00.0,25,25.1,60,59.8,12,44:14.0,102247
85,1,00:00.0,00:00.0,25,25,60,60.1,12,44:14.0,102263
85,1,30:00.0,30:00.0,25,25,60,60.3,12,44:14.0,102279
85,1,30:00.0,30:00.0,25,24.9,60,60.3,12,48:43.0,102286
85,1,30:00.0,30:00.0,25,25.1,60,60.1,14,16:37.0,102732
85,1,30:00.0,30:00.0,25,24.9,60,60.3,14,16:37.0,102748
85,2,30:00.0,30:00.0,40,39.9,75,77.8,14,19:06.0,102757
85,2,30:00.0,30:00.0,40,40,75,73.7,14,19:06.0,102777
85,1,00:00.0,00:00.0,25,24.9,60,61.1,14,23:21.0,102800
85,1,30:00.0,30:00.0,25,24.9,60,58.9,12,49:16.0,102827
85,2,00:00.0,00:00.0,40,40,75,74.6,12,51:05.0,102843
85,2,30:00.0,30:00.0,40,40,75,75.8,12,51:05.0,102857
85,2,00:00.0,00:00.0,40,40,75,75.5,12,55:32.0,102880
85,1,00:00.0,00:00.0,25,25,60,60,12,08:15.0,102904
85,1,30:00.0,30:00.0,25,25,60,60,12,08:15.0,102920
85,1,30:00.0,30:00.0,25,25.1,60,60,12,08:15.0,102936
85,2,30:00.0,30:00.0,40,40,75,76.1,12,11:59.0,102944
85,2,00:00.0,00:00.0,40,40,75,74.8,12,11:59.0,102959
85,2,30:00.0,30:00.0,40,40,75,73.6,12,11:59.0,102960
85,2,30:00.0,30:00.0,40,40,75,77.6,12,11:59.0,102978
85,2,30:00.0,30:00.0,40,39.9,75,75.1,12,11:59.0,102988
85,2,00:00.0,00:00.0,40,40,75,76.4,12,11:59.0,102998
85,2,00:00.0,00:00.0,40,40,75,75.6,12,11:59.0,103006
85,2,30:00.0,30:00.0,40,39.8,75,76.6,12,11:59.0,103011
85,2,00:00.0,00:00.0,40,39.8,75,75.4,12,11:59.0,103020
85,2,30:00.0,30:00.0,40,39.9,75,76.7,12,11:59.0,103023
85,2,00:00.0,00:00.0,40,40,75,74.7,12,11:59.0,103038
85,2,30:00.0,30:00.0,40,40,75,76.7,12,11:59.0,103039
85,2,00:00.0,00:00.0,40,40,75,75.3,12,11:59.0,103052
85,2,30:00.0,30:00.0,40,40,75,76.6,12,11:59.0,103055
85,2,00:00.0,00:00.0,40,40,75,76.6,12,11:59.0,103062
85,2,30:00.0,30:00.0,40,40.1,75,77.2,12,11:59.0,103063
85,2,00:00.0,00:00.0,40,40.1,75,76,12,11:59.0,103072
85,2,30:00.0,30:00.0,40,40,75,73.7,12,11:59.0,103075
85,2,00:00.0,00:00.0,40,40.1,75,74.9,12,11:59.0,103078
85,2,00:00.0,00:00.0,40,40.1,75,75.2,12,11:59.0,103084
85,1,30:00.0,30:00.0,25,25.1,60,60.6,12,19:20.0,103086
85,1,30:00.0,30:00.0,25,25.1,60,60,12,19:44.0,103092
85,1,30:00.0,30:00.0,25,25.1,60,60,12,19:44.0,103111
85,1,30:00.0,30:00.0,25,25,60,59.4,12,19:44.0,103131
85,1,30:00.0,30:00.0,25,24.9,60,60.1,12,19:44.0,103149
85,1,30:00.0,30:00.0,25,24.9,60,60.7,12,19:44.0,103159
85,1,30:00.0,30:00.0,25,24.9,60,59.5,12,19:44.0,103169
85,1,30:00.0,30:00.0,25,24.9,60,60.5,12,19:44.0,103177
85,1,00:00.0,00:00.0,25,25,60,59.9,14,19:31.0,103247
85,1,30:00.0,30:00.0,25,25,60,59.5,14,19:31.0,103248
85,1,00:00.0,00:00.0,25,24.9,60,60.3,14,19:31.0,103249
85,1,30:00.0,30:00.0,25,25.1,60,59.3,14,46:25.0,103416
85,1,30:00.0,30:00.0,25,25,60,60.4,14,46:25.0,103432
85,1,30:00.0,30:00.0,25,24.9,60,61,14,52:48.0,103449
85,2,30:00.0,30:00.0,40,40,75,75,14,54:35.0,103465
85,2,30:00.0,30:00.0,40,40,75,73,14,54:35.0,103479
85,2,00:00.0,00:00.0,40,40,75,75.9,14,54:35.0,103490
85,2,30:00.0,30:00.0,40,39.9,75,75.7,14,54:35.0,103501
85,2,00:00.0,00:00.0,40,40,75,74.7,14,54:35.0,103513
85,1,30:00.0,30:00.0,25,25,60,59,14,20:28.0,103553
85,2,00:00.0,00:00.0,40,40,75,78.3,14,22:04.0,103569
85,2,00:00.0,00:00.0,40,40,75,72.9,12,58:58.0,104664
85,2,30:00.0,30:00.0,40,40.2,75,74.9,12,27:39.0,103602
85,1,30:00.0,30:00.0,25,25.1,60,59.8,12,23:43.0,103626
85,2,00:00.0,00:00.0,40,40.1,75,73,14,21:37.0,105567
85,1,00:00.0,00:00.0,25,25.1,60,60.6,12,23:43.0,103656
85,2,30:00.0,30:00.0,40,40,75,78.2,12,27:01.0,103672
85,2,30:00.0,30:00.0,40,39.9,75,74.2,14,21:37.0,105572
85,2,30:00.0,30:00.0,40,40.1,75,77,14,21:37.0,105576
85,2,00:00.0,00:00.0,40,40,75,75.6,14,21:37.0,105581
85,2,00:00.0,00:00.0,40,40,75,77.3,14,21:37.0,105585
85,2,00:00.0,00:00.0,40,40.1,75,78.1,14,21:37.0,105589
85,2,30:00.0,30:00.0,40,40,75,80.3,14,21:37.0,105592
85,2,30:00.0,30:00.0,40,40,75,76.2,14,21:37.0,105596
85,1,30:00.0,30:00.0,25,24.9,60,60.3,14,21:53.0,100642
85,1,30:00.0,30:00.0,25,24.9,60,59.9,14,15:19.0,100654
85,1,00:00.0,00:00.0,25,25,60,60,14,15:19.0,100670
85,1,00:00.0,00:00.0,25,25,60,59.7,14,15:19.0,100686
85,1,30:00.0,30:00.0,25,25,60,60.3,14,27:23.0,100756
85,2,30:00.0,30:00.0,40,40,75,75,14,17:43.0,100778
85,2,30:00.0,30:00.0,40,40,75,75.1,14,17:43.0,100806
85,2,30:00.0,30:00.0,40,40.1,75,75.3,14,00:11.0,100836
85,2,00:00.0,00:00.0,40,38.4,75,75.1,12,02:23.0,100847
85,2,30:00.0,30:00.0,40,40,75,74.6,12,02:23.0,100863
85,2,00:00.0,00:00.0,40,40,75,74.5,12,02:23.0,100879
85,1,00:00.0,00:00.0,25,24.9,60,60.3,14,46:03.0,100893
85,1,00:00.0,00:00.0,25,24.9,60,59.6,14,52:13.0,100909
85,1,30:00.0,30:00.0,25,25,60,60.5,14,52:13.0,100921
85,1,00:00.0,00:00.0,25,25.1,60,59.2,12,56:01.0,100957
85,2,00:00.0,00:00.0,40,39.9,75,75,14,57:42.0,102200
85,1,30:00.0,30:00.0,25,25.1,60,60.3,12,44:14.0,102248
85,1,30:00.0,30:00.0,25,25.1,60,59.7,12,44:14.0,102264
85,1,00:00.0,00:00.0,25,25,60,58.6,12,44:14.0,102280
85,1,00:00.0,00:00.0,25,24.9,60,60.3,12,48:43.0,102287
85,1,00:00.0,00:00.0,25,24.9,60,59.1,12,48:43.0,102305
85,1,00:00.0,00:00.0,25,24.9,60,60.7,12,48:43.0,102316
85,1,30:00.0,30:00.0,25,25,60,60.4,12,48:43.0,102325
85,1,00:00.0,00:00.0,25,25,60,60,12,48:43.0,102332
85,1,00:00.0,00:00.0,25,25,60,60.2,12,48:43.0,102344
85,1,30:00.0,30:00.0,25,25.1,60,60,12,48:43.0,102359
85,1,00:00.0,00:00.0,25,25,60,59.5,14,16:37.0,102733
85,1,00:00.0,00:00.0,25,25,60,59.3,14,16:37.0,102749
85,2,00:00.0,00:00.0,40,39.9,75,76.1,14,19:06.0,102763
85,2,00:00.0,00:00.0,40,40,75,77.8,14,19:06.0,102768
85,2,00:00.0,00:00.0,40,40.1,75,73.8,14,19:06.0,102782
85,1,30:00.0,30:00.0,25,24.9,60,60.2,14,23:21.0,102801
85,1,00:00.0,00:00.0,25,24.9,60,59.5,12,49:16.0,102828
85,2,30:00.0,30:00.0,40,40,75,75.9,12,51:05.0,102844
85,2,00:00.0,00:00.0,40,40,75,73.8,12,51:05.0,102860
85,2,30:00.0,30:00.0,40,40,75,76.3,12,55:32.0,102881
85,1,30:00.0,30:00.0,25,25,60,60,12,08:15.0,102905
85,1,00:00.0,00:00.0,25,25,60,60.1,12,08:15.0,102921
85,1,00:00.0,00:00.0,25,25.1,60,59.5,12,08:15.0,102937
85,2,30:00.0,30:00.0,40,40,75,73.9,12,11:59.0,102950
85,2,00:00.0,00:00.0,40,40,75,76.1,12,11:59.0,102963
85,2,30:00.0,30:00.0,40,39.9,75,74.1,12,11:59.0,102976
85,1,00:00.0,00:00.0,25,25.1,60,59.9,14,46:25.0,103417
85,2,30:00.0,30:00.0,40,40,75,76.6,12,11:59.0,103007
85,2,30:00.0,30:00.0,40,40.4,75,79.2,12,11:59.0,103021
85,2,00:00.0,00:00.0,40,39.9,75,74,12,11:59.0,103032
85,2,00:00.0,00:00.0,40,40,75,73.5,12,11:59.0,103042
85,2,30:00.0,30:00.0,40,40,75,75.9,12,11:59.0,103053
85,2,30:00.0,30:00.0,40,40,75,77.1,12,11:59.0,103065
85,2,30:00.0,30:00.0,40,40.1,75,75.4,12,11:59.0,103073
85,2,00:00.0,00:00.0,40,40,75,73.7,12,11:59.0,103080
85,1,00:00.0,00:00.0,25,25.1,60,60.5,12,19:44.0,103112
85,1,30:00.0,30:00.0,25,25,60,59.5,12,19:44.0,103123
85,1,00:00.0,00:00.0,25,24.9,60,60.5,12,19:44.0,103134
85,1,00:00.0,00:00.0,25,24.9,60,60.2,12,19:44.0,103147
85,1,00:00.0,00:00.0,25,24.9,60,60.2,12,19:44.0,103164
85,1,00:00.0,00:00.0,25,24.9,60,61.3,14,52:48.0,103450
85,2,00:00.0,00:00.0,40,40,75,79.4,14,54:35.0,103468
85,2,00:00.0,00:00.0,40,40,75,78.4,14,54:35.0,103486
85,2,00:00.0,00:00.0,40,39.6,75,75.2,14,54:35.0,103502
85,2,00:00.0,00:00.0,40,40,75,75.5,12,27:39.0,103587
85,2,00:00.0,00:00.0,40,40,75,76.9,12,27:39.0,103603
85,1,00:00.0,00:00.0,25,25.1,60,59.6,12,23:43.0,103627
85,1,30:00.0,30:00.0,25,25.1,60,59.7,12,23:43.0,103643
85,2,00:00.0,00:00.0,40,40,75,78.6,12,27:01.0,103667
85,2,00:00.0,00:00.0,40,39.4,75,73,12,27:01.0,103689
85,2,30:00.0,30:00.0,40,40.1,75,73.5,12,27:01.0,103702
85,1,30:00.0,30:00.0,25,25,60,59.4,12,00:41.0,103718
85,1,30:00.0,30:00.0,25,24.9,60,59.5,12,00:41.0,103734
85,1,30:00.0,30:00.0,25,24.9,60,60.5,14,01:00.0,103820
85,2,00:00.0,00:00.0,40,40,75,79.1,12,58:58.0,104683
85,2,30:00.0,30:00.0,40,40,75,77.4,12,58:58.0,104686
85,2,00:00.0,00:00.0,40,40,75,76.1,12,58:58.0,104689
85,2,30:00.0,30:00.0,40,39.9,75,75.4,12,58:58.0,104705
85,2,30:00.0,30:00.0,40,39.9,75,74.2,12,58:58.0,104709
85,2,00:00.0,00:00.0,40,39.9,75,74,12,58:58.0,104712
85,2,00:00.0,00:00.0,40,40,75,76.9,12,58:58.0,104721
85,2,30:00.0,30:00.0,40,39.9,75,77.2,12,58:58.0,104726
85,2,30:00.0,30:00.0,40,40,75,77.7,12,58:58.0,104736
85,2,30:00.0,30:00.0,40,40,75,75.2,12,58:58.0,104738
85,2,30:00.0,30:00.0,40,40,75,72.5,12,58:58.0,104742
85,2,30:00.0,30:00.0,40,40,75,76.2,12,58:58.0,104744
85,1,30:00.0,30:00.0,25,25,60,60.4,12,32:07.0,104756
85,1,00:00.0,00:00.0,25,25.1,60,60,14,04:49.0,104758
85,1,30:00.0,30:00.0,25,25.1,60,59.9,14,04:49.0,104773
85,1,30:00.0,30:00.0,25,25,60,60.3,14,04:49.0,104786
85,2,30:00.0,30:00.0,40,40.1,75,73.8,14,21:37.0,105570
85,2,30:00.0,30:00.0,40,40,75,75.5,14,21:37.0,105574
85,2,30:00.0,30:00.0,40,39.9,75,73.3,14,21:37.0,105636
85,2,00:00.0,00:00.0,40,39.9,75,75,14,21:37.0,105639
85,2,00:00.0,00:00.0,40,40,75,80.7,14,21:37.0,105643
85,2,00:00.0,00:00.0,40,40,75,74.8,14,21:37.0,105645
85,2,30:00.0,30:00.0,40,40,75,79,14,21:37.0,105648
85,1,30:00.0,30:00.0,25,24.9,60,59.6,14,21:53.0,100650
85,1,00:00.0,00:00.0,25,24.9,60,60.7,14,15:19.0,100655
85,1,30:00.0,30:00.0,25,25,60,60.2,14,15:19.0,100671
85,1,30:00.0,30:00.0,25,25.1,60,60.2,14,15:19.0,100687
85,1,30:00.0,30:00.0,25,25.1,60,60,14,15:19.0,100705
85,1,30:00.0,30:00.0,25,25.1,60,60.1,14,15:19.0,100714
85,1,30:00.0,30:00.0,25,25.1,60,59.8,14,15:19.0,100724
85,1,00:00.0,00:00.0,25,25.1,60,60.5,14,15:19.0,100734
85,1,00:00.0,00:00.0,25,25,60,60.2,14,15:19.0,100748
85,1,00:00.0,00:00.0,25,24.9,60,59.8,14,27:23.0,100759
85,2,30:00.0,30:00.0,40,40,75,74.8,14,17:43.0,100774
85,2,30:00.0,30:00.0,40,40,75,76.6,14,17:43.0,100790
85,2,00:00.0,00:00.0,40,40,75,78.9,14,17:43.0,100799
85,2,30:00.0,30:00.0,40,40,75,76.4,14,17:43.0,100812
85,2,30:00.0,30:00.0,40,40.1,75,74.7,14,17:43.0,100823
85,1,30:00.0,30:00.0,25,24.8,60,59.8,14,27:43.0,100827
85,2,30:00.0,30:00.0,40,39.9,75,75.6,14,00:11.0,100832
85,1,30:00.0,30:00.0,25,24.9,60,60.1,14,46:03.0,100894
85,2,30:00.0,30:00.0,40,40.2,75,75.2,12,02:23.0,100848
85,2,00:00.0,00:00.0,40,40,75,75.6,12,02:23.0,100864
85,2,30:00.0,30:00.0,40,40,75,75.4,12,02:23.0,100880
85,1,30:00.0,30:00.0,25,24.9,60,59.7,14,52:13.0,100906
85,1,30:00.0,30:00.0,25,25,60,60.5,14,52:13.0,100923
85,1,00:00.0,00:00.0,25,25,60,60.2,14,52:13.0,100934
85,1,00:00.0,00:00.0,25,25.1,60,59.7,14,52:13.0,100945
85,2,30:00.0,30:00.0,40,39.9,75,75.5,12,56:17.0,100958
85,1,00:00.0,00:00.0,25,25.1,60,60,12,44:14.0,102249
85,1,00:00.0,00:00.0,25,25,60,59,12,44:14.0,102265
85,1,30:00.0,30:00.0,25,24.9,60,59.2,12,44:14.0,102281
85,1,00:00.0,00:00.0,25,25,60,59.1,12,48:43.0,102283
85,1,00:00.0,00:00.0,25,24.9,60,59.8,12,48:43.0,102289
85,1,00:00.0,00:00.0,25,24.8,60,59.6,12,48:43.0,102303
85,1,30:00.0,30:00.0,25,24.9,60,60,12,48:43.0,102319
85,1,00:00.0,00:00.0,25,25,60,61,12,48:43.0,102336
85,1,30:00.0,30:00.0,25,25,60,60.4,12,48:43.0,102345
85,1,00:00.0,00:00.0,25,25,60,60.2,12,48:43.0,102352
85,1,30:00.0,30:00.0,25,25.1,60,60.1,12,48:43.0,102363
85,1,30:00.0,30:00.0,25,25.1,60,59.4,14,16:37.0,102734
85,1,30:00.0,30:00.0,25,25,60,59.6,14,16:37.0,102750
85,1,00:00.0,00:00.0,25,24.9,60,59.8,14,23:21.0,102802
85,1,30:00.0,30:00.0,25,24.9,60,59.1,12,49:16.0,102829
85,2,00:00.0,00:00.0,40,40,75,74.2,12,51:05.0,102845
85,2,30:00.0,30:00.0,40,40,75,75.3,12,51:05.0,102863
85,2,00:00.0,00:00.0,40,40.1,75,76.6,12,55:32.0,102882
85,1,00:00.0,00:00.0,25,25,60,60.1,12,08:15.0,102906
85,1,30:00.0,30:00.0,25,25.1,60,60.3,12,08:15.0,102922
85,1,30:00.0,30:00.0,25,24.9,60,60.9,14,19:31.0,103250
85,2,30:00.0,30:00.0,40,40,75,78.5,14,23:15.0,103325
85,2,00:00.0,00:00.0,40,40,75,77.9,14,23:15.0,103326
85,2,30:00.0,30:00.0,40,40,75,73.7,14,23:15.0,103327
85,2,00:00.0,00:00.0,40,40,75,73.7,14,23:15.0,103328
85,2,30:00.0,30:00.0,40,40,75,73,14,23:15.0,103329
85,2,00:00.0,00:00.0,40,40,75,73.6,14,23:15.0,103330
85,2,30:00.0,30:00.0,40,40,75,75.6,14,23:15.0,103331
85,2,00:00.0,00:00.0,40,39.4,75,75.4,14,23:15.0,103332
85,2,30:00.0,30:00.0,40,39.9,75,74.6,14,23:15.0,103333
85,2,00:00.0,00:00.0,40,39.9,75,76.3,14,23:15.0,103334
85,2,30:00.0,30:00.0,40,40,75,76.1,14,23:15.0,103335
85,2,00:00.0,00:00.0,40,40,75,74.3,14,23:15.0,103336
85,2,30:00.0,30:00.0,40,39.9,75,76.8,14,23:15.0,103337
85,2,00:00.0,00:00.0,40,40,75,77.1,14,23:15.0,103338
85,2,30:00.0,30:00.0,40,38.5,75,73.4,14,23:15.0,103339
85,2,00:00.0,00:00.0,40,40,75,76.2,14,23:15.0,103340
85,2,30:00.0,30:00.0,40,38.7,75,74.1,14,23:15.0,103341
85,2,00:00.0,00:00.0,40,38.4,75,76.5,14,23:15.0,103342
85,2,00:00.0,00:00.0,40,38,75,75.1,14,23:15.0,103353
85,2,30:00.0,30:00.0,40,40,75,74.3,14,23:15.0,103354
85,2,00:00.0,00:00.0,40,40,75,75.2,14,23:15.0,103355
85,2,30:00.0,30:00.0,40,39.9,75,74.3,14,23:15.0,103356
85,2,00:00.0,00:00.0,40,39.9,75,74.4,14,23:15.0,103357
85,2,30:00.0,30:00.0,40,40,75,74.9,14,23:15.0,103358
85,2,00:00.0,00:00.0,40,40,75,75.7,14,23:15.0,103359
85,2,30:00.0,30:00.0,40,40,75,75.1,14,23:15.0,103360
85,2,00:00.0,00:00.0,40,39.9,75,75.8,14,23:15.0,103361
85,2,00:00.0,00:00.0,40,40,75,75.2,14,23:15.0,103371
85,2,30:00.0,30:00.0,40,40,75,74.7,14,23:15.0,103372
85,2,00:00.0,00:00.0,40,40,75,78.8,14,21:37.0,105602
85,2,00:00.0,00:00.0,40,38.8,75,75.3,14,23:15.0,103374
85,2,30:00.0,30:00.0,40,40.2,75,75.1,14,23:15.0,103375
85,2,00:00.0,00:00.0,40,40,75,74.7,14,23:15.0,103376
85,2,30:00.0,30:00.0,40,40,75,74.5,14,23:15.0,103377
85,2,00:00.0,00:00.0,40,40,75,74.7,14,23:15.0,103378
85,2,30:00.0,30:00.0,40,40,75,74.5,14,23:15.0,103379
85,2,30:00.0,30:00.0,40,40,75,81.8,14,21:37.0,105608
85,2,30:00.0,30:00.0,40,39.9,75,77.3,14,21:37.0,105612
85,2,30:00.0,30:00.0,40,40,75,78.6,14,21:37.0,105616
85,2,30:00.0,30:00.0,40,39.9,75,73.6,14,21:37.0,105622
85,2,00:00.0,00:00.0,40,40,75,75.9,14,21:37.0,105629
85,2,00:00.0,00:00.0,40,40,75,77.4,14,21:37.0,105633
85,1,30:00.0,30:00.0,25,26,60,89.7,14,33:20.0,105716
85,2,30:00.0,30:00.0,40,39.9,75,73.8,14,34:34.0,105717
85,1,00:00.0,00:00.0,25,24.9,60,59.4,14,21:53.0,100645
85,1,30:00.0,30:00.0,25,24.9,60,60.1,14,15:19.0,100656
85,1,00:00.0,00:00.0,25,25,60,59.6,14,15:19.0,100672
85,1,00:00.0,00:00.0,25,25,60,58.8,14,15:19.0,100688
85,1,30:00.0,30:00.0,25,25.1,60,59.7,14,15:19.0,100711
85,1,00:00.0,00:00.0,25,25.1,60,59.8,14,15:19.0,100727
85,1,00:00.0,00:00.0,25,25,60,59.8,14,15:19.0,100742
85,1,30:00.0,30:00.0,25,25,60,59.7,14,27:23.0,100758
85,2,30:00.0,30:00.0,40,39.9,75,75.4,14,17:43.0,100821
85,2,00:00.0,00:00.0,40,40,75,74.8,14,00:11.0,100833
85,2,00:00.0,00:00.0,40,40.2,75,74.9,12,02:23.0,100849
85,2,30:00.0,30:00.0,40,39.9,75,74.9,12,02:23.0,100865
85,2,00:00.0,00:00.0,40,39.8,75,74.8,12,02:23.0,100881
85,1,00:00.0,00:00.0,25,24.9,60,59.8,14,46:03.0,100895
85,1,30:00.0,30:00.0,25,24.9,60,59.3,14,52:13.0,100908
85,1,00:00.0,00:00.0,25,24.9,60,61.3,14,52:13.0,100924
85,1,30:00.0,30:00.0,25,25.1,60,59.2,14,52:13.0,100937
85,1,00:00.0,00:00.0,25,25.1,60,60.5,14,52:13.0,100953
85,2,00:00.0,00:00.0,40,40,75,75.1,12,56:17.0,100959
85,2,00:00.0,00:00.0,40,39.8,75,75.4,14,57:42.0,102189
85,2,30:00.0,30:00.0,40,40,75,75.1,14,57:42.0,102206
85,2,30:00.0,30:00.0,40,40,75,75.4,12,34:20.0,102227
85,1,30:00.0,30:00.0,25,25.1,60,59.9,12,44:14.0,102235
85,1,00:00.0,00:00.0,25,25.1,60,60.2,12,44:14.0,102253
85,1,00:00.0,00:00.0,25,25,60,59.6,12,44:14.0,102269
85,1,00:00.0,00:00.0,25,24.9,60,59.7,12,48:43.0,102291
85,1,00:00.0,00:00.0,25,24.9,60,61.1,12,48:43.0,102309
85,1,00:00.0,00:00.0,25,25,60,60.8,12,48:43.0,102326
85,1,30:00.0,30:00.0,25,25,60,60,12,48:43.0,102335
85,1,00:00.0,00:00.0,25,25.1,60,59.6,12,48:43.0,102342
85,1,30:00.0,30:00.0,25,25.1,60,60.1,12,48:43.0,102353
85,1,00:00.0,00:00.0,25,25.1,60,60.3,12,31:46.0,102603
85,1,30:00.0,30:00.0,25,25,60,59.6,12,32:24.0,102604
85,1,30:00.0,30:00.0,25,25.1,60,60.5,12,45:45.0,102668
85,1,30:00.0,30:00.0,25,25.1,60,59.6,12,09:00.0,102695
85,1,30:00.0,30:00.0,25,25.1,60,59.9,14,16:37.0,102722
85,1,30:00.0,30:00.0,25,25,60,59.8,14,16:37.0,102738
85,2,00:00.0,00:00.0,40,39.9,75,73.5,14,19:06.0,102754
85,2,30:00.0,30:00.0,40,40,75,74.5,14,19:06.0,102775
85,1,00:00.0,00:00.0,25,25,60,59.2,14,23:21.0,102790
85,1,00:00.0,00:00.0,25,24.8,60,59.7,14,23:21.0,102806
85,1,30:00.0,30:00.0,25,24.9,60,60.9,12,49:16.0,102817
85,1,30:00.0,30:00.0,25,24.9,60,59.9,12,49:16.0,102833
85,2,00:00.0,00:00.0,40,40.1,75,75,12,51:05.0,102849
85,2,30:00.0,30:00.0,40,40,75,74,12,51:05.0,102861
85,2,00:00.0,00:00.0,40,40,75,74.4,12,55:32.0,102870
85,2,00:00.0,00:00.0,40,40.2,75,76.3,12,55:32.0,102886
85,1,30:00.0,30:00.0,25,24.9,60,60.2,12,08:15.0,102894
85,1,00:00.0,00:00.0,25,25,60,59.9,12,08:15.0,102910
85,1,30:00.0,30:00.0,25,25.1,60,59.7,12,08:15.0,102926
85,1,30:00.0,30:00.0,25,25.1,60,60.5,12,19:44.0,103094
85,1,00:00.0,00:00.0,25,25.1,60,59,12,19:44.0,103108
85,1,00:00.0,00:00.0,25,25.1,60,60.4,12,19:44.0,103122
85,1,30:00.0,30:00.0,25,24.9,60,60.8,12,19:44.0,103165
85,1,00:00.0,00:00.0,25,24.9,60,59.9,12,19:44.0,103176
85,1,30:00.0,30:00.0,25,25,60,60.5,12,31:46.0,103186
85,2,16:00.0,16:00.0,40,40,75,73.2,12,31:41.0,103209
85,1,00:00.0,00:00.0,25,24.9,60,59.9,12,43:29.0,103218
85,1,00:00.0,00:00.0,25,24.9,60,60.6,14,15:14.0,103229
85,2,30:00.0,30:00.0,40,40.1,75,79.2,12,58:58.0,104667
85,1,30:00.0,30:00.0,25,25,60,59,14,46:25.0,103422
85,1,00:00.0,00:00.0,25,24.9,60,60.4,14,52:48.0,103438
85,2,00:00.0,00:00.0,40,39.9,75,73.2,14,54:35.0,103478
85,2,00:00.0,00:00.0,40,40,75,74.3,14,54:35.0,103500
85,1,00:00.0,00:00.0,25,24.9,60,60,14,14:47.0,103520
85,1,00:00.0,00:00.0,25,24.9,60,59.6,14,14:47.0,103529
85,1,30:00.0,30:00.0,25,24.9,60,61,14,20:28.0,103538
85,1,30:00.0,30:00.0,25,25,60,60.6,14,20:28.0,103547
85,1,30:00.0,30:00.0,25,25,60,60.7,14,20:28.0,103562
85,2,00:00.0,00:00.0,40,40,75,76.1,12,27:39.0,103576
85,2,30:00.0,30:00.0,40,40,75,72.7,12,27:39.0,103592
85,2,30:00.0,30:00.0,40,40.2,75,75,12,27:39.0,103608
85,1,30:00.0,30:00.0,25,25,60,60.2,12,23:43.0,103616
85,1,30:00.0,30:00.0,25,25.1,60,60.2,12,23:43.0,103632
85,1,00:00.0,00:00.0,25,25.1,60,60.5,12,23:43.0,103648
85,2,00:00.0,00:00.0,40,40,75,73,12,58:58.0,104675
85,2,30:00.0,30:00.0,40,40,75,76.3,12,58:58.0,104678
85,2,30:00.0,30:00.0,40,40,75,74.5,12,58:58.0,104684
85,2,30:00.0,30:00.0,40,40,75,75.9,12,58:58.0,104688
85,2,00:00.0,00:00.0,40,40,75,76.8,12,58:58.0,104693
85,2,00:00.0,00:00.0,40,40,75,77.7,12,58:58.0,104697
85,2,30:00.0,30:00.0,40,39.9,75,73.9,12,58:58.0,104703
85,2,00:00.0,00:00.0,40,39.9,75,79.8,12,58:58.0,104708
85,2,30:00.0,30:00.0,40,39.9,75,73.4,12,58:58.0,104711
85,2,30:00.0,30:00.0,40,39.8,75,73.3,14,21:37.0,105568
85,2,30:00.0,30:00.0,40,39.9,75,79,14,21:37.0,105618
85,2,30:00.0,30:00.0,40,39.9,75,76.6,14,21:37.0,105620
85,2,00:00.0,00:00.0,40,39.9,75,75.7,14,21:37.0,105623
85,2,30:00.0,30:00.0,40,39.9,75,75.3,14,21:37.0,105626
85,2,00:00.0,00:00.0,40,39.9,75,76,14,21:37.0,105637
85,2,30:00.0,30:00.0,40,39.9,75,74,14,21:37.0,105640
85,2,30:00.0,30:00.0,40,40,75,76,14,21:37.0,105644
85,2,00:00.0,00:00.0,40,40,75,76.4,14,21:37.0,105649
85,1,00:00.0,00:00.0,25,24.9,60,60.1,14,21:53.0,100647
85,1,00:00.0,00:00.0,25,24.9,60,61.6,14,15:19.0,100657
85,1,30:00.0,30:00.0,25,25.1,60,59.1,14,15:19.0,100673
85,1,30:00.0,30:00.0,25,25.1,60,60.7,14,15:19.0,100689
85,1,00:00.0,00:00.0,25,25,60,59.9,14,27:23.0,100761
85,2,00:00.0,00:00.0,40,40,75,73.9,14,17:43.0,100773
85,2,30:00.0,30:00.0,40,40,75,76,14,17:43.0,100788
85,2,30:00.0,30:00.0,40,40,75,73.7,14,17:43.0,100794
85,2,30:00.0,30:00.0,40,39.9,75,73.6,14,17:43.0,100808
85,1,00:00.0,00:00.0,25,24.9,60,59.6,14,27:43.0,100826
85,2,00:00.0,00:00.0,40,39.8,75,74.8,14,00:11.0,100835
85,2,30:00.0,30:00.0,40,39.9,75,74.9,12,02:23.0,100850
85,1,30:00.0,30:00.0,25,24.9,60,60,14,46:03.0,100896
85,2,30:00.0,30:00.0,40,39.9,75,75.2,12,02:23.0,100882
85,1,30:00.0,30:00.0,25,24.9,60,59.3,14,52:13.0,100910
85,1,00:00.0,00:00.0,25,25,60,59.8,14,52:13.0,100920
85,1,00:00.0,00:00.0,25,25,60,59.6,14,52:13.0,100938
85,2,30:00.0,30:00.0,40,39.9,75,75.6,12,56:17.0,100960
85,1,30:00.0,30:00.0,25,25.1,60,59.9,12,37:15.0,102230
85,2,00:00.0,00:00.0,40,40,75,75,14,57:42.0,102207
85,1,30:00.0,30:00.0,25,25.1,60,59.8,12,44:14.0,102240
85,1,30:00.0,30:00.0,25,25.1,60,60.2,12,44:14.0,102256
85,1,30:00.0,30:00.0,25,25,60,58.7,12,44:14.0,102272
85,1,30:00.0,30:00.0,25,24.9,60,59.8,12,48:43.0,102296
85,1,00:00.0,00:00.0,25,25.1,60,60.7,14,16:37.0,102725
85,1,00:00.0,00:00.0,25,25.1,60,60.7,14,16:37.0,102741
85,2,30:00.0,30:00.0,40,39.9,75,74.9,14,19:06.0,102759
85,2,30:00.0,30:00.0,40,40,75,80.2,14,19:06.0,102765
85,2,00:00.0,00:00.0,40,40,75,78.2,14,19:06.0,102776
85,2,00:00.0,00:00.0,40,39.6,75,76,14,19:06.0,102784
85,1,30:00.0,30:00.0,25,25,60,60.4,14,23:21.0,102793
85,1,30:00.0,30:00.0,25,24.9,60,59.5,14,23:21.0,102809
85,1,00:00.0,00:00.0,25,24.9,60,60.6,12,49:16.0,102820
85,1,00:00.0,00:00.0,25,25,60,59.1,12,49:16.0,102836
85,2,30:00.0,30:00.0,40,40,75,74.1,12,55:32.0,102873
85,2,00:00.0,00:00.0,40,40,75,74.3,12,55:32.0,102889
85,1,00:00.0,00:00.0,25,24.9,60,60.3,12,08:15.0,102897
85,1,30:00.0,30:00.0,25,25.1,60,60.3,12,08:15.0,102913
85,1,00:00.0,00:00.0,25,25.1,60,60.6,12,08:15.0,102929
85,2,00:00.0,00:00.0,40,40,75,77.5,12,11:59.0,102961
85,2,30:00.0,30:00.0,40,39.9,75,75.5,12,11:59.0,102990
85,2,30:00.0,30:00.0,40,39.9,75,75,12,11:59.0,103001
85,2,00:00.0,00:00.0,40,39.9,75,74,12,11:59.0,103008
85,2,30:00.0,30:00.0,40,40,75,73.7,12,11:59.0,103015
85,2,00:00.0,00:00.0,40,40,75,75.9,12,11:59.0,103022
85,2,30:00.0,30:00.0,40,40,75,76,12,11:59.0,103035
85,2,30:00.0,30:00.0,40,40,75,74.1,12,11:59.0,103043
85,2,00:00.0,00:00.0,40,40,75,74.2,12,11:59.0,103056
85,2,00:00.0,00:00.0,40,40,75,74.2,12,11:59.0,103066
85,2,00:00.0,00:00.0,40,40,75,76.2,12,11:59.0,103076
85,1,00:00.0,00:00.0,25,25.1,60,60.1,12,19:44.0,103097
85,1,00:00.0,00:00.0,25,25.1,60,60.4,12,19:44.0,103114
85,1,30:00.0,30:00.0,25,25,60,60.3,12,19:44.0,103129
85,1,00:00.0,00:00.0,25,24.9,60,60.4,12,19:44.0,103143
85,1,30:00.0,30:00.0,25,24.9,60,60.3,12,19:44.0,103163
85,1,06:00.0,06:00.0,25,25.1,60,60.7,12,06:16.0,103195
85,1,08:00.0,08:00.0,25,25,60,60.3,12,08:07.0,103196
85,2,42:00.0,42:00.0,3.2,0,0,0,12,43:59.0,103221
85,2,10:00.0,10:00.0,40,40,75,75.7,12,10:06.0,103199
85,1,10:00.0,10:00.0,25,24.9,60,60.1,12,10:17.0,103200
85,1,12:00.0,12:00.0,25,24.9,60,60.3,12,12:09.0,103201
85,2,12:00.0,12:00.0,40,40,75,74.9,12,12:22.0,103202
85,1,14:00.0,14:00.0,25,25,60,60.1,12,14:08.0,103203
85,1,00:00.0,00:00.0,25,24.8,60,60.1,14,15:14.0,103233
85,2,30:00.0,30:00.0,40,39.9,75,75.2,12,31:41.0,103213
85,1,00:00.0,00:00.0,25,25.1,60,59.9,14,46:25.0,103409
85,1,00:00.0,00:00.0,25,25,60,58.9,14,46:25.0,103425
85,1,30:00.0,30:00.0,25,24.9,60,59.6,14,52:48.0,103441
85,1,00:00.0,00:00.0,25,24.9,60,59.9,14,52:48.0,103454
85,2,30:00.0,30:00.0,40,40,75,75.6,14,54:35.0,103467
85,2,30:00.0,30:00.0,40,40,75,73.9,14,54:35.0,103483
85,2,30:00.0,30:00.0,40,40.1,75,74.9,14,54:35.0,103491
85,2,00:00.0,00:00.0,40,40.2,75,75.2,14,54:35.0,103504
85,2,30:00.0,30:00.0,40,40.2,75,75,14,54:35.0,103512
85,2,00:00.0,00:00.0,40,40,75,79.3,14,00:12.0,103515
85,1,00:00.0,00:00.0,25,25,60,60,14,00:17.0,103516
85,1,00:00.0,00:00.0,25,24.9,60,59.8,14,14:47.0,103523
85,1,00:00.0,00:00.0,25,25,60,60,14,20:28.0,103540
85,1,30:00.0,30:00.0,25,25,60,60.2,14,20:28.0,103545
85,1,30:00.0,30:00.0,25,25,60,59.7,14,20:28.0,103556
85,2,00:00.0,00:00.0,40,39.9,75,76.8,14,22:04.0,103567
85,2,30:00.0,30:00.0,40,40,75,75.5,12,27:39.0,103579
85,2,00:00.0,00:00.0,40,40,75,77,12,27:39.0,103595
85,2,30:00.0,30:00.0,40,40,75,73.8,12,27:39.0,103611
85,1,00:00.0,00:00.0,25,25,60,60.1,12,23:43.0,103619
85,1,00:00.0,00:00.0,25,25.1,60,59.5,12,23:43.0,103635
85,1,30:00.0,30:00.0,25,25.1,60,60,12,23:43.0,103651
85,2,30:00.0,30:00.0,40,40.1,75,73.4,12,27:01.0,103660
85,2,00:00.0,00:00.0,40,40,75,76.3,12,27:01.0,103661
85,2,00:00.0,00:00.0,40,40,75,78.3,12,27:01.0,103673
85,1,30:00.0,30:00.0,25,28.2,60,59.8,12,08:47.0,105473
85,1,30:00.0,30:00.0,25,27.1,60,55.5,12,08:47.0,105475
85,1,00:00.0,00:00.0,25,26.8,60,55,12,08:47.0,105476
85,1,00:00.0,00:00.0,25,25,60,60.8,14,15:19.0,100659
85,1,30:00.0,30:00.0,25,25,60,60.3,14,15:19.0,100675
85,1,30:00.0,30:00.0,25,25.1,60,60.2,14,15:19.0,100691
85,1,00:00.0,00:00.0,25,25.1,60,59.8,14,15:19.0,100700
85,1,00:00.0,00:00.0,25,25.1,60,60.4,14,15:19.0,100710
85,2,30:00.0,30:00.0,40,40,75,77.7,14,17:43.0,100780
85,1,30:00.0,30:00.0,25,25.2,60,59.4,14,15:19.0,100722
85,1,00:00.0,00:00.0,25,25.1,60,60.1,14,15:19.0,100725
85,1,00:00.0,00:00.0,25,25.1,60,59.9,14,15:19.0,100730
85,1,00:00.0,00:00.0,25,25,60,60.1,14,15:19.0,100736
85,1,30:00.0,30:00.0,25,25,60,60.2,14,15:19.0,100739
85,1,30:00.0,30:00.0,25,25,60,58.9,14,15:19.0,100747
85,1,30:00.0,30:00.0,25,25,60,60.8,14,27:23.0,100751
85,1,30:00.0,30:00.0,25,24.9,60,59.8,14,27:23.0,100763
85,2,00:00.0,00:00.0,40,40,75,75.2,14,17:43.0,100791
85,2,00:00.0,00:00.0,40,40,75,74.5,14,17:43.0,100801
85,2,30:00.0,30:00.0,40,39.3,75,74.3,14,17:43.0,100816
85,1,00:00.0,00:00.0,25,24.9,60,60,14,27:43.0,100830
85,2,30:00.0,30:00.0,40,39.9,75,74.8,12,02:23.0,100852
85,2,30:00.0,30:00.0,40,40,75,75.4,12,02:23.0,100868
85,2,30:00.0,30:00.0,40,39.9,75,75.3,12,02:23.0,100884
85,1,30:00.0,30:00.0,25,24.9,60,59.4,14,46:03.0,100898
85,1,30:00.0,30:00.0,25,25,60,60.1,14,52:13.0,100916
85,2,00:00.0,00:00.0,40,40.1,75,74.6,14,57:42.0,102191
85,2,00:00.0,00:00.0,40,40.1,75,75.1,14,57:42.0,102205
85,1,00:00.0,00:00.0,25,25.1,60,59.6,14,59:08.0,102222
85,1,00:00.0,00:00.0,25,25.1,60,59.9,12,37:15.0,102229
85,1,00:00.0,00:00.0,25,25.1,60,60.1,12,44:14.0,102239
85,1,00:00.0,00:00.0,25,25.1,60,60.6,12,44:14.0,102255
85,1,00:00.0,00:00.0,25,25,60,60.1,12,44:14.0,102271
85,1,00:00.0,00:00.0,25,25,60,60.4,12,48:43.0,102293
85,1,30:00.0,30:00.0,25,24.9,60,59.4,12,48:43.0,102302
85,1,30:00.0,30:00.0,25,24.9,60,60.9,12,48:43.0,102315
85,1,30:00.0,30:00.0,25,24.9,60,60.6,12,48:43.0,102323
85,1,30:00.0,30:00.0,25,25,60,59.9,12,48:43.0,102337
85,1,30:00.0,30:00.0,25,25.1,60,59.7,12,48:43.0,102349
85,1,30:00.0,30:00.0,25,25.1,60,59.2,12,48:43.0,102365
85,1,30:00.0,30:00.0,25,25.1,60,59.9,14,16:37.0,102724
85,1,30:00.0,30:00.0,25,25,60,59.9,14,16:37.0,102740
85,2,00:00.0,00:00.0,40,39.9,75,72.7,14,19:06.0,102758
85,1,00:00.0,00:00.0,25,24.9,60,60.2,14,23:21.0,102792
85,2,00:00.0,00:00.0,40,40,75,77.8,14,19:06.0,102778
85,2,30:00.0,30:00.0,40,39.9,75,73,14,19:06.0,102781
85,1,00:00.0,00:00.0,25,24.9,60,60.1,14,23:21.0,102808
85,1,30:00.0,30:00.0,25,24.9,60,60.7,12,49:16.0,102819
85,1,30:00.0,30:00.0,25,25,60,60.5,12,49:16.0,102835
85,2,00:00.0,00:00.0,40,40,75,72.9,12,51:05.0,102851
85,2,00:00.0,00:00.0,40,40,75,75.3,12,55:32.0,102872
85,2,30:00.0,30:00.0,40,40.1,75,78.8,12,55:32.0,102888
85,1,30:00.0,30:00.0,25,24.9,60,60.5,12,08:15.0,102896
85,1,00:00.0,00:00.0,25,25,60,59.6,12,08:15.0,102912
85,1,30:00.0,30:00.0,25,25.1,60,59.7,12,08:15.0,102928
85,2,00:00.0,00:00.0,40,40,75,74.6,12,11:59.0,102945
85,2,00:00.0,00:00.0,40,40,75,76.2,12,11:59.0,102949
85,2,30:00.0,30:00.0,40,40,75,78,12,11:59.0,102964
85,2,00:00.0,00:00.0,40,40,75,78.6,12,11:59.0,102979
85,2,00:00.0,00:00.0,40,40,75,73.7,12,11:59.0,103000
85,2,00:00.0,00:00.0,40,40,75,74.1,12,11:59.0,103014
85,2,00:00.0,00:00.0,40,40,75,75.1,12,11:59.0,103028
85,2,00:00.0,00:00.0,40,40,75,74.9,12,11:59.0,103044
85,2,00:00.0,00:00.0,40,40,75,76.3,12,11:59.0,103058
85,2,30:00.0,30:00.0,40,40,75,75.5,12,11:59.0,103071
85,2,30:00.0,30:00.0,40,40.1,75,76.2,12,11:59.0,103083
85,1,30:00.0,30:00.0,25,25.1,60,59.7,12,19:44.0,103096
85,1,00:00.0,00:00.0,25,25.1,60,59.8,12,19:44.0,103102
85,1,00:00.0,00:00.0,25,25.1,60,59.8,12,19:44.0,103116
85,1,00:00.0,00:00.0,25,25,60,59.9,12,19:44.0,103124
85,1,00:00.0,00:00.0,25,24.9,60,60.1,12,19:44.0,103137
85,1,00:00.0,00:00.0,25,24.9,60,60.6,12,19:44.0,103145
85,1,00:00.0,00:00.0,25,24.8,60,59.3,12,19:44.0,103158
85,1,30:00.0,30:00.0,25,24.9,60,60.2,12,19:44.0,103167
85,1,30:00.0,30:00.0,25,24.9,60,60.2,12,43:29.0,103220
85,1,30:00.0,30:00.0,25,24.9,60,60.1,14,15:14.0,103232
85,1,30:00.0,30:00.0,25,25.1,60,60.5,14,46:25.0,103408
85,1,30:00.0,30:00.0,25,25,60,59.9,14,46:25.0,103424
85,1,00:00.0,00:00.0,25,25,60,59.8,14,52:48.0,103440
85,1,00:00.0,00:00.0,25,24.9,60,60.3,14,52:48.0,103456
85,2,30:00.0,30:00.0,40,40,75,75.3,14,54:35.0,103473
85,2,00:00.0,00:00.0,40,39.7,75,74.8,14,54:35.0,103488
85,2,30:00.0,30:00.0,40,40.1,75,75.6,14,54:35.0,103509
85,1,30:00.0,30:00.0,25,24.9,60,59.4,14,14:47.0,103522
85,1,00:00.0,00:00.0,25,24.9,60,59.2,14,14:47.0,103527
85,1,00:00.0,00:00.0,25,24.9,60,60.3,14,20:28.0,103535
85,1,30:00.0,30:00.0,25,25,60,59.8,14,20:28.0,103549
85,1,30:00.0,30:00.0,25,25,60,59,14,20:28.0,103558
85,2,00:00.0,00:00.0,40,40,75,78.8,12,27:39.0,103578
85,2,30:00.0,30:00.0,40,40,75,74.8,12,27:39.0,103594
85,2,00:00.0,00:00.0,40,39.9,75,77.3,12,27:39.0,103610
85,1,30:00.0,30:00.0,25,25,60,60.4,12,23:43.0,103618
85,1,30:00.0,30:00.0,25,25.1,60,61,12,23:43.0,103634
85,1,00:00.0,00:00.0,25,25.1,60,60.4,12,23:43.0,103650
85,1,30:00.0,30:00.0,25,25.1,60,60.8,12,23:43.0,103657
85,2,00:00.0,00:00.0,40,40,75,73.4,12,27:01.0,103659
85,1,30:00.0,30:00.0,25,25,60,59.9,14,15:19.0,100660
85,1,00:00.0,00:00.0,25,25,60,60,14,15:19.0,100676
85,1,00:00.0,00:00.0,25,25.1,60,60.7,14,15:19.0,100692
85,1,30:00.0,30:00.0,25,25.1,60,59.5,14,15:19.0,100701
85,1,30:00.0,30:00.0,25,25.1,60,59.8,14,15:19.0,100716
85,2,00:00.0,00:00.0,40,40,75,77.3,14,17:43.0,100779
85,1,00:00.0,00:00.0,25,25,60,59,14,15:19.0,100744
85,2,00:00.0,00:00.0,40,40,75,75.7,14,17:43.0,100789
85,2,00:00.0,00:00.0,40,40,75,74.4,14,17:43.0,100797
85,2,00:00.0,00:00.0,40,39.9,75,74.3,14,17:43.0,100815
85,2,00:00.0,00:00.0,40,40,75,75,12,02:23.0,100853
85,2,00:00.0,00:00.0,40,40,75,74.7,12,02:23.0,100869
85,2,00:00.0,00:00.0,40,39.9,75,75,12,02:23.0,100885
85,1,00:00.0,00:00.0,25,24.9,60,60.6,14,46:03.0,100899
85,1,00:00.0,00:00.0,25,24.9,60,61.1,14,52:13.0,100926
85,2,30:00.0,30:00.0,40,40,75,74.4,14,57:42.0,102202
85,1,30:00.0,30:00.0,25,25.1,60,59.5,14,59:08.0,102213
85,2,30:00.0,30:00.0,40,40.1,75,75.1,12,34:20.0,102225
85,1,00:00.0,00:00.0,25,25.1,60,60.6,12,37:15.0,102231
85,1,00:00.0,00:00.0,25,25.1,60,60.4,14,04:49.0,104760
85,1,30:00.0,30:00.0,25,25.1,60,60,12,44:14.0,102250
85,1,30:00.0,30:00.0,25,25,60,59.7,12,44:14.0,102266
85,1,30:00.0,30:00.0,25,24.9,60,60.4,12,48:43.0,102290
85,1,30:00.0,30:00.0,25,24.9,60,60.7,12,48:43.0,102306
85,1,00:00.0,00:00.0,25,24.9,60,61.8,12,48:43.0,102318
85,1,30:00.0,30:00.0,25,25,60,60,12,48:43.0,102333
85,1,00:00.0,00:00.0,25,25.1,60,59.3,12,48:43.0,102346
85,1,30:00.0,30:00.0,25,25.1,60,60,12,48:43.0,102355
85,1,00:00.0,00:00.0,25,25.1,60,60,14,04:49.0,104772
85,2,30:00.0,30:00.0,40,39.9,75,73.3,12,54:49.0,102462
85,2,00:00.0,00:00.0,40,40,75,75.7,12,54:49.0,102463
85,2,30:00.0,30:00.0,40,40,75,76,12,54:49.0,102464
85,2,00:00.0,00:00.0,40,39.9,75,76.7,12,54:49.0,102465
85,2,30:00.0,30:00.0,40,39.9,75,74.4,12,54:49.0,102466
85,2,30:00.0,30:00.0,40,39.9,75,75.6,12,54:49.0,102468
85,2,00:00.0,00:00.0,40,40,75,75.4,12,54:49.0,102469
85,2,30:00.0,30:00.0,40,40,75,75,12,54:49.0,102470
85,2,00:00.0,00:00.0,40,39.9,75,74.2,12,54:49.0,102471
85,2,30:00.0,30:00.0,40,39.9,75,75.4,12,54:49.0,102472
85,2,00:00.0,00:00.0,40,40,75,80.4,12,54:49.0,102473
85,2,30:00.0,30:00.0,40,39.9,75,73.2,12,54:49.0,102474
85,2,00:00.0,00:00.0,40,40,75,74.5,12,54:49.0,102475
85,2,30:00.0,30:00.0,40,40,75,77.9,12,54:49.0,102476
85,2,00:00.0,00:00.0,40,40,75,76.6,12,54:49.0,102477
85,2,30:00.0,30:00.0,40,40,75,77.6,12,54:49.0,102478
85,2,00:00.0,00:00.0,40,40,75,74.8,12,54:49.0,102479
85,2,30:00.0,30:00.0,40,39.9,75,75.4,12,54:49.0,102480
85,2,00:00.0,00:00.0,40,40,75,77.8,12,54:49.0,102481
85,2,30:00.0,30:00.0,40,39.9,75,74.7,12,54:49.0,102482
85,2,00:00.0,00:00.0,40,40,75,76.9,12,54:49.0,102483
85,1,00:00.0,00:00.0,25,25,60,60.5,14,04:49.0,104781
85,2,30:00.0,30:00.0,40,40,75,77.7,12,54:49.0,102485
85,2,00:00.0,00:00.0,40,39.9,75,77.2,12,54:49.0,102486
85,2,30:00.0,30:00.0,40,40,75,77.2,12,54:49.0,102487
85,2,00:00.0,00:00.0,40,40,75,76.7,12,54:49.0,102488
85,2,30:00.0,30:00.0,40,40,75,75,12,54:49.0,102489
85,2,00:00.0,00:00.0,40,39.9,75,75.2,12,54:49.0,102490
85,2,30:00.0,30:00.0,40,40,75,75.3,12,54:49.0,102491
85,2,00:00.0,00:00.0,40,39.9,75,75,12,55:53.0,102492
85,2,30:00.0,30:00.0,40,40,75,76.3,12,55:53.0,102493
85,2,00:00.0,00:00.0,40,40,75,76.6,12,55:53.0,102494
85,2,30:00.0,30:00.0,40,40,75,79.3,12,55:53.0,102495
85,2,00:00.0,00:00.0,40,40,75,76.8,12,55:53.0,102496
85,2,30:00.0,30:00.0,40,39.9,75,73.6,12,55:53.0,102497
85,2,00:00.0,00:00.0,40,40,75,76.2,12,55:53.0,102498
85,1,00:00.0,00:00.0,25,24.9,60,60,14,04:49.0,104795
85,2,30:00.0,30:00.0,40,40,75,79.7,12,55:53.0,102500
85,2,00:00.0,00:00.0,40,40,75,74.4,12,55:53.0,102501
85,2,30:00.0,30:00.0,40,40,75,76.4,12,55:53.0,102502
85,2,00:00.0,00:00.0,40,40,75,80.2,12,55:53.0,102503
85,2,30:00.0,30:00.0,40,40,75,74.2,12,55:53.0,102504
85,2,00:00.0,00:00.0,40,40,75,76,12,55:53.0,102505
85,2,30:00.0,30:00.0,40,39.9,75,73.7,12,55:53.0,102506
85,2,00:00.0,00:00.0,40,40,75,75.1,12,55:53.0,102507
85,2,30:00.0,30:00.0,40,40,75,76.1,12,55:53.0,102508
85,2,00:00.0,00:00.0,40,40,75,76.9,12,55:53.0,102509
85,2,30:00.0,30:00.0,40,40,75,76.9,12,55:53.0,102510
85,2,00:00.0,00:00.0,40,40,75,77,12,55:53.0,102511
85,2,30:00.0,30:00.0,40,40,75,75.3,12,55:53.0,102512
85,2,00:00.0,00:00.0,40,40.1,75,73.2,12,55:53.0,102513
85,2,30:00.0,30:00.0,40,40.1,75,77.8,12,55:53.0,102514
85,1,00:00.0,00:00.0,25,25.7,60,56.4,12,08:47.0,105461
85,1,30:00.0,30:00.0,25,31.8,60,87.4,12,08:47.0,105463
85,1,00:00.0,00:00.0,25,26.7,60,75,12,08:47.0,105464
85,1,30:00.0,30:00.0,25,25.4,60,73.5,12,08:47.0,105465
85,1,00:00.0,00:00.0,25,24.2,60,75.7,12,08:47.0,105466
85,1,30:00.0,30:00.0,25,27.8,60,85.8,12,08:47.0,105467
85,1,00:00.0,00:00.0,25,26.9,60,60.6,12,08:47.0,105468
85,1,30:00.0,30:00.0,25,27.3,60,55.1,12,08:47.0,105469
85,1,00:00.0,00:00.0,25,24.6,60,80.2,12,08:47.0,105470
85,1,30:00.0,30:00.0,25,27.9,60,80.7,12,08:47.0,105471
85,1,30:00.0,30:00.0,25,24.9,60,59.2,14,21:53.0,100644
85,1,30:00.0,30:00.0,25,25,60,59.6,14,15:19.0,100662
85,1,00:00.0,00:00.0,25,25.1,60,60.9,14,15:19.0,100678
85,1,00:00.0,00:00.0,25,25.1,60,60.4,14,15:19.0,100694
85,1,30:00.0,30:00.0,25,25.1,60,59.9,14,15:19.0,100709
85,1,00:00.0,00:00.0,25,25.1,60,60.7,14,15:19.0,100712
85,1,00:00.0,00:00.0,25,25.1,60,60.2,14,15:19.0,100723
85,1,00:00.0,00:00.0,25,25.1,60,60.6,14,15:19.0,100732
85,1,00:00.0,00:00.0,25,25,60,60.2,14,15:19.0,100738
85,1,30:00.0,30:00.0,25,25,60,59.7,14,15:19.0,100743
85,1,00:00.0,00:00.0,25,24.9,60,59.5,14,27:23.0,100764
85,2,00:00.0,00:00.0,40,40,75,78,14,17:43.0,100783
85,2,00:00.0,00:00.0,40,40,75,75.5,14,17:43.0,100805
85,2,00:00.0,00:00.0,40,40,75,75.9,14,00:11.0,100841
85,2,00:00.0,00:00.0,40,40,75,74.5,12,02:23.0,100855
85,2,00:00.0,00:00.0,40,39.8,75,74.7,12,02:23.0,100871
85,2,00:00.0,00:00.0,40,39.9,75,74.6,12,02:23.0,100887
85,1,00:00.0,00:00.0,25,24.9,60,59.8,14,46:03.0,100901
85,1,00:00.0,00:00.0,25,24.9,60,59.3,14,52:13.0,100907
85,1,00:00.0,00:00.0,25,25,60,60.1,14,52:13.0,100922
85,1,30:00.0,30:00.0,25,25,60,60,14,52:13.0,100931
85,1,30:00.0,30:00.0,25,25,60,59.6,14,52:13.0,100939
85,1,00:00.0,00:00.0,25,25.1,60,60,14,52:13.0,100949
85,2,30:00.0,30:00.0,40,38.3,75,75.2,14,57:42.0,102193
85,2,00:00.0,00:00.0,40,39.9,75,76.5,14,57:42.0,102209
85,1,30:00.0,30:00.0,25,25.1,60,60.1,14,59:08.0,102215
85,1,00:00.0,00:00.0,25,25.1,60,59.7,12,44:14.0,102241
85,1,00:00.0,00:00.0,25,25.1,60,59.6,12,44:14.0,102257
85,1,00:00.0,00:00.0,25,25,60,59.5,12,44:14.0,102273
85,1,00:00.0,00:00.0,25,24.9,60,60.5,12,48:43.0,102295
85,1,30:00.0,30:00.0,25,24.9,60,60.2,12,48:43.0,102308
85,1,00:00.0,00:00.0,25,25,60,60.1,12,48:43.0,102324
85,1,00:00.0,00:00.0,25,25,60,60.5,12,48:43.0,102338
85,1,30:00.0,30:00.0,25,25.1,60,59.8,12,48:43.0,102351
85,1,30:00.0,30:00.0,25,25.1,60,60.8,14,16:37.0,102726
85,1,30:00.0,30:00.0,25,25,60,59.3,14,16:37.0,102742
85,2,30:00.0,30:00.0,40,39.9,75,73.2,14,19:06.0,102769
85,2,30:00.0,30:00.0,40,40,75,79.1,14,19:06.0,102771
85,2,30:00.0,30:00.0,40,40.2,75,76.2,14,19:06.0,102785
85,1,00:00.0,00:00.0,25,25,60,60.6,14,23:21.0,102794
85,1,00:00.0,00:00.0,25,24.9,60,59.1,14,23:21.0,102810
85,1,30:00.0,30:00.0,25,24.9,60,60.4,12,49:16.0,102821
85,1,30:00.0,30:00.0,25,24.9,60,59.4,12,49:16.0,102837
85,2,30:00.0,30:00.0,40,40,75,72.8,12,51:05.0,102853
85,2,00:00.0,00:00.0,40,40,75,74.3,12,55:32.0,102874
85,2,30:00.0,30:00.0,40,40.1,75,75.2,12,55:32.0,102890
85,1,30:00.0,30:00.0,25,25,60,60.8,12,08:15.0,102898
85,1,00:00.0,00:00.0,25,25,60,59.7,12,08:15.0,102914
85,1,30:00.0,30:00.0,25,25,60,60.8,12,08:15.0,102930
85,1,30:00.0,30:00.0,25,25.1,60,59.8,12,08:15.0,102938
85,2,00:00.0,00:00.0,40,40,75,79.1,12,11:59.0,102953
85,2,00:00.0,00:00.0,40,40,75,73.4,12,11:59.0,102971
85,2,00:00.0,00:00.0,40,39.9,75,74,12,11:59.0,102985
85,2,30:00.0,30:00.0,40,40,75,76.2,12,11:59.0,102999
85,2,30:00.0,30:00.0,40,40,75,74.3,12,11:59.0,103013
85,2,30:00.0,30:00.0,40,40,75,75.3,12,11:59.0,103027
85,2,00:00.0,00:00.0,40,40,75,77,12,11:59.0,103040
85,2,30:00.0,30:00.0,40,40.1,75,75.7,12,11:59.0,103059
85,2,00:00.0,00:00.0,40,40.1,75,77.3,12,11:59.0,103074
85,2,00:00.0,00:00.0,40,40,75,75.6,12,11:59.0,103082
85,1,00:00.0,00:00.0,25,25.1,60,60.3,12,19:20.0,103087
85,1,00:00.0,00:00.0,25,25.2,60,61.3,12,19:44.0,103093
85,1,30:00.0,30:00.0,25,25.1,60,59.9,12,19:44.0,103098
85,1,00:00.0,00:00.0,25,25.1,60,60,12,19:44.0,103106
85,1,30:00.0,30:00.0,25,25,60,60.6,12,19:44.0,103117
85,1,30:00.0,30:00.0,25,25,60,60,12,19:44.0,103127
85,1,30:00.0,30:00.0,25,24.9,60,60.7,12,19:44.0,103138
85,2,14:00.0,14:00.0,40,40,75,74.6,12,14:22.0,103205
85,1,00:00.0,00:00.0,25,24.9,60,60.3,12,19:44.0,103156
85,1,30:00.0,30:00.0,25,24.9,60,60.8,12,19:44.0,103171
85,2,00:00.0,00:00.0,40,39.9,75,75.1,12,43:59.0,103222
85,1,30:00.0,30:00.0,25,25,60,60.5,14,19:31.0,103246
85,1,30:00.0,30:00.0,25,25.2,60,59.6,14,19:31.0,103304
85,2,00:00.0,00:00.0,40,40,75,78.3,14,23:15.0,103314
85,2,30:00.0,30:00.0,40,40,75,77.5,14,23:15.0,103315
85,2,00:00.0,00:00.0,40,39.9,75,77.1,14,23:15.0,103316
85,2,30:00.0,30:00.0,40,40,75,77.8,14,23:15.0,103317
85,2,00:00.0,00:00.0,40,40,75,77.2,14,23:15.0,103318
85,2,30:00.0,30:00.0,40,39.9,75,75.7,14,23:15.0,103319
85,2,00:00.0,00:00.0,40,39.9,75,74,14,23:15.0,103320
85,2,30:00.0,30:00.0,40,39.9,75,73.8,14,23:15.0,103321
85,2,00:00.0,00:00.0,40,40,75,75.8,14,23:15.0,103322
85,2,30:00.0,30:00.0,40,40,75,78.7,14,23:15.0,103323
85,2,30:00.0,30:00.0,40,39.9,75,75.8,14,23:15.0,103343
85,2,30:00.0,30:00.0,40,40,75,75.2,14,23:15.0,103362
85,2,00:00.0,00:00.0,40,40,75,74.6,14,23:15.0,103363
85,2,30:00.0,30:00.0,40,40,75,75.6,14,23:15.0,103364
85,2,00:00.0,00:00.0,40,40,75,74.6,14,23:15.0,103365
85,2,30:00.0,30:00.0,40,39.9,75,75.2,14,23:15.0,103366
85,2,00:00.0,00:00.0,40,40,75,75.5,14,23:15.0,103367
85,2,30:00.0,30:00.0,40,39.9,75,74.7,14,23:15.0,103368
85,1,00:00.0,00:00.0,25,27.2,60,58.9,12,08:47.0,105474
85,1,00:00.0,00:00.0,25,30.6,60,70.6,12,08:47.0,105478
85,1,00:00.0,00:00.0,25,24.9,60,59.9,14,15:19.0,100666
85,1,00:00.0,00:00.0,25,25.1,60,58.9,14,15:19.0,100682
85,1,00:00.0,00:00.0,25,25,60,60.9,14,15:19.0,100698
85,1,00:00.0,00:00.0,25,25.1,60,59,14,15:19.0,100702
85,1,00:00.0,00:00.0,25,25.1,60,60.4,14,15:19.0,100719
85,1,30:00.0,30:00.0,25,25.1,60,60.6,14,15:19.0,100733
85,1,30:00.0,30:00.0,25,25,60,59.3,14,15:19.0,100745
85,1,30:00.0,30:00.0,25,24.9,60,60.2,14,27:23.0,100768
85,2,00:00.0,00:00.0,40,40,75,74.4,14,17:43.0,100785
85,2,30:00.0,30:00.0,40,40,75,73.9,14,17:43.0,100798
85,2,00:00.0,00:00.0,40,39.9,75,72.4,14,17:43.0,100809
85,1,00:00.0,00:00.0,25,24.9,60,59.5,14,46:03.0,100905
85,2,00:00.0,00:00.0,40,39.9,75,75.1,12,02:23.0,100875
85,1,30:00.0,30:00.0,25,24.9,60,60.3,14,52:13.0,100927
85,1,00:00.0,00:00.0,25,25,60,60.8,14,52:13.0,100940
85,1,30:00.0,30:00.0,25,25,60,60.8,14,52:13.0,100950
85,2,00:00.0,00:00.0,40,40,75,74.5,14,23:40.0,102177
85,2,30:00.0,30:00.0,40,40,75,75.7,14,23:40.0,102178
85,2,00:00.0,00:00.0,40,40,75,76,14,23:40.0,102179
85,2,30:00.0,30:00.0,40,40,75,73.4,14,23:40.0,102180
85,2,00:00.0,00:00.0,40,40.3,75,75,12,34:20.0,102224
85,2,00:00.0,00:00.0,40,40,75,74.6,14,23:40.0,102182
85,2,30:00.0,30:00.0,40,40,75,73.6,14,23:40.0,102183
85,2,00:00.0,00:00.0,40,40,75,73.7,14,23:40.0,102184
85,2,30:00.0,30:00.0,40,40,75,72.6,14,23:40.0,102185
85,2,00:00.0,00:00.0,40,40,75,75.4,14,23:40.0,102186
85,2,30:00.0,30:00.0,40,40,75,75.1,14,57:42.0,102210
85,1,00:00.0,00:00.0,25,25.1,60,59.4,14,59:08.0,102216
85,1,30:00.0,30:00.0,25,25.1,60,60.5,12,37:15.0,102232
85,1,00:00.0,00:00.0,25,25.1,60,60.1,12,44:14.0,102236
85,1,00:00.0,00:00.0,25,25.1,60,59.4,12,44:14.0,102251
85,1,00:00.0,00:00.0,25,25,60,60,12,44:14.0,102267
85,1,30:00.0,30:00.0,25,24.9,60,60.1,12,48:43.0,102288
85,1,00:00.0,00:00.0,25,24.9,60,59.3,12,48:43.0,102301
85,1,30:00.0,30:00.0,25,24.9,60,60.7,12,48:43.0,102313
85,1,00:00.0,00:00.0,25,25,60,60.4,12,48:43.0,102328
85,1,30:00.0,30:00.0,25,25,60,60.4,12,48:43.0,102341
85,1,30:00.0,30:00.0,25,25.1,60,59.9,12,48:43.0,102361
85,1,00:00.0,00:00.0,25,29.4,60,86.1,12,08:47.0,105480
85,2,00:00.0,00:00.0,40,40,75,74.9,12,57:47.0,102516
85,2,30:00.0,30:00.0,40,40,75,73.5,12,57:47.0,102517
85,2,00:00.0,00:00.0,40,40,75,77.2,12,57:47.0,102518
85,2,30:00.0,30:00.0,40,40,75,74,12,57:47.0,102519
85,2,00:00.0,00:00.0,40,40.1,75,74.9,12,57:47.0,102520
85,2,30:00.0,30:00.0,40,40,75,76.3,12,57:47.0,102521
85,2,00:00.0,00:00.0,40,40,75,72.6,12,57:47.0,102522
85,2,00:00.0,00:00.0,40,40,75,74.7,12,01:15.0,102566
85,2,30:00.0,30:00.0,40,40,75,73,12,57:47.0,102524
85,2,00:00.0,00:00.0,40,40,75,78.2,12,57:47.0,102525
85,2,30:00.0,30:00.0,40,40.1,75,75.5,12,57:47.0,102526
85,2,00:00.0,00:00.0,40,40,75,73.9,12,57:47.0,102527
85,2,30:00.0,30:00.0,40,40,75,74,12,57:47.0,102528
85,2,00:00.0,00:00.0,40,40,75,77.4,12,57:47.0,102529
85,2,30:00.0,30:00.0,40,40,75,73.7,12,57:47.0,102530
85,2,00:00.0,00:00.0,40,40.1,75,79.3,12,57:47.0,102531
85,2,30:00.0,30:00.0,40,40,75,75.5,12,57:47.0,102532
85,2,00:00.0,00:00.0,40,40,75,73.8,12,57:47.0,102533
85,2,30:00.0,30:00.0,40,38.5,75,74.5,12,01:15.0,102567
85,2,00:00.0,00:00.0,40,39.5,75,74.6,12,01:15.0,102568
85,2,30:00.0,30:00.0,40,40.1,75,78.8,12,58:21.0,102536
85,2,00:00.0,00:00.0,40,40,75,73,12,58:21.0,102537
85,2,30:00.0,30:00.0,40,40.1,75,76.9,12,58:21.0,102538
85,2,00:00.0,00:00.0,40,40,75,75.3,12,58:21.0,102539
85,2,30:00.0,30:00.0,40,40,75,72.8,12,58:21.0,102540
85,2,00:00.0,00:00.0,40,40,75,78.2,12,58:21.0,102541
85,2,30:00.0,30:00.0,40,40,75,73,12,58:21.0,102542
85,2,00:00.0,00:00.0,40,40,75,73.9,12,58:21.0,102543
85,2,30:00.0,30:00.0,40,40.1,75,74.6,12,58:21.0,102544
85,2,00:00.0,00:00.0,40,40,75,74.2,12,58:21.0,102545
85,2,30:00.0,30:00.0,40,40,75,75.5,12,58:21.0,102546
85,2,00:00.0,00:00.0,40,39,75,75.1,12,58:21.0,102547
85,2,30:00.0,30:00.0,40,38.4,75,73.7,12,58:21.0,102548
85,2,00:00.0,00:00.0,40,39.7,75,75.1,12,58:21.0,102549
85,1,30:00.0,30:00.0,25,27.3,60,65.5,12,08:47.0,105481
85,2,30:00.0,30:00.0,40,38.4,75,74.7,12,01:15.0,102570
85,2,00:00.0,00:00.0,40,39.1,75,74.8,12,01:15.0,102571
85,2,30:00.0,30:00.0,40,-12.1,75,75.1,12,01:15.0,102572
85,2,00:00.0,00:00.0,40,38.2,75,75.1,12,01:15.0,102573
85,2,30:00.0,30:00.0,40,39.5,75,75.3,12,01:15.0,102574
85,1,00:00.0,00:00.0,25,26.1,60,61.3,12,08:47.0,105482
85,2,00:00.0,00:00.0,40,40.4,75,75,12,01:15.0,102576
85,2,30:00.0,30:00.0,40,40,75,75,12,01:15.0,102577
85,2,00:00.0,00:00.0,40,40,75,74.7,12,01:15.0,102578
85,2,30:00.0,30:00.0,40,39.3,75,75.5,12,01:15.0,102579
85,2,00:00.0,00:00.0,40,40.2,75,74.6,12,01:15.0,102580
85,2,30:00.0,30:00.0,40,39.5,75,75.1,12,01:15.0,102581
85,2,00:00.0,00:00.0,40,38.7,75,75,12,01:15.0,102582
85,2,30:00.0,30:00.0,40,38.3,75,75.2,12,01:15.0,102583
85,2,00:00.0,00:00.0,40,40.2,75,74.7,12,01:15.0,102584
85,2,30:00.0,30:00.0,40,40.3,75,75.3,12,01:15.0,102585
85,2,00:00.0,00:00.0,40,40.1,75,75.2,12,02:37.0,102592
85,1,30:00.0,30:00.0,25,25.7,60,59.4,12,08:47.0,105483
85,2,30:00.0,30:00.0,40,40.3,75,75.5,12,21:48.0,102594
85,1,30:00.0,30:00.0,25,24.9,60,60.7,14,21:53.0,100646
85,1,30:00.0,30:00.0,25,24.9,60,60.2,14,15:19.0,100652
85,1,30:00.0,30:00.0,25,25,60,60.1,14,15:19.0,100667
85,1,30:00.0,30:00.0,25,25.1,60,58.2,14,15:19.0,100683
85,1,30:00.0,30:00.0,25,25.1,60,60,14,15:19.0,100699
85,1,00:00.0,00:00.0,25,25.1,60,58.7,14,15:19.0,100704
85,1,00:00.0,00:00.0,25,25,60,60.8,14,27:23.0,100755
85,1,30:00.0,30:00.0,25,24.9,60,59.9,14,15:43.0,100770
85,2,00:00.0,00:00.0,40,40,75,74,14,17:43.0,100777
85,2,00:00.0,00:00.0,40,40,75,76,14,17:43.0,100807
85,2,00:00.0,00:00.0,40,40,75,74.4,14,17:43.0,100820
85,2,00:00.0,00:00.0,40,40,75,74.8,14,17:43.0,100822
85,1,30:00.0,30:00.0,25,24.9,60,60.3,14,27:43.0,100829
85,1,30:00.0,30:00.0,25,24.9,60,59.9,14,56:22.0,100831
85,2,00:00.0,00:00.0,40,40,75,74.9,14,00:11.0,100839
85,2,30:00.0,30:00.0,40,40,75,74.9,12,02:23.0,100846
85,2,00:00.0,00:00.0,40,39.9,75,74.9,12,02:23.0,100860
85,2,30:00.0,30:00.0,40,39.5,75,76.1,12,02:23.0,100876
85,1,30:00.0,30:00.0,25,24.9,60,60.7,14,46:03.0,100892
85,1,30:00.0,30:00.0,25,24.9,60,59.7,14,52:13.0,100912
85,1,00:00.0,00:00.0,25,25,60,60.5,14,52:13.0,100918
85,1,30:00.0,30:00.0,25,25,60,59.6,14,52:13.0,100929
85,1,00:00.0,00:00.0,25,25,60,59.8,14,52:13.0,100932
85,1,00:00.0,00:00.0,25,25.1,60,59.6,12,56:01.0,100955
85,1,30:00.0,30:00.0,25,25.1,60,60,14,52:13.0,100944
85,1,30:00.0,30:00.0,25,25.1,60,59.6,14,52:13.0,100952
85,1,00:00.0,00:00.0,25,25.1,60,59.8,12,02:53.0,100964
85,1,30:00.0,30:00.0,25,25.1,60,59.5,12,53:52.0,100965
85,1,00:00.0,00:00.0,25,25.1,60,59.7,12,53:52.0,100966
85,1,30:00.0,30:00.0,25,25.1,60,60.5,12,53:52.0,100967
85,1,00:00.0,00:00.0,25,25.1,60,60.4,12,53:52.0,100968
85,1,30:00.0,30:00.0,25,25.1,60,60.1,12,53:52.0,100969
85,1,00:00.0,00:00.0,25,25.1,60,60,12,53:52.0,100970
85,1,30:00.0,30:00.0,25,25.1,60,60.4,12,53:52.0,100971
85,1,00:00.0,00:00.0,25,25.1,60,60.5,12,53:52.0,100972
85,1,30:00.0,30:00.0,25,25.1,60,59.6,12,26:24.0,100975
85,1,00:00.0,00:00.0,25,25.1,60,60.3,12,26:24.0,100976
85,1,30:00.0,30:00.0,25,25.1,60,60.6,12,26:24.0,100977
85,1,00:00.0,00:00.0,25,25.1,60,60.2,12,26:24.0,100978
85,1,30:00.0,30:00.0,25,25.1,60,59.7,12,26:24.0,100979
85,1,00:00.0,00:00.0,25,25.1,60,60.5,12,26:24.0,100980
85,1,30:00.0,30:00.0,25,25.1,60,59.9,12,26:24.0,100981
85,1,00:00.0,00:00.0,25,25.1,60,59.5,12,26:24.0,100982
85,1,30:00.0,30:00.0,25,25.1,60,60.5,12,26:24.0,100983
85,1,00:00.0,00:00.0,25,25.1,60,60.5,12,26:24.0,100984
85,2,00:00.0,00:00.0,40,40.1,75,73.9,14,57:42.0,102194
85,2,00:00.0,00:00.0,40,39.9,75,74.2,14,57:42.0,102211
85,1,30:00.0,30:00.0,25,25,60,59.2,14,59:08.0,102217
85,1,30:00.0,30:00.0,25,25.1,60,59.8,12,44:14.0,102242
85,1,30:00.0,30:00.0,25,25,60,60.2,12,44:14.0,102258
85,1,30:00.0,30:00.0,25,25,60,59.8,12,44:14.0,102274
85,1,30:00.0,30:00.0,25,24.9,60,60.3,12,48:43.0,102298
85,1,00:00.0,00:00.0,25,24.9,60,60.6,12,48:43.0,102314
85,1,30:00.0,30:00.0,25,25,60,59.1,12,48:43.0,102331
85,1,00:00.0,00:00.0,25,25,60,59.7,12,48:43.0,102350
85,2,30:00.0,30:00.0,40,40.1,75,78.1,12,58:58.0,104669
85,2,30:00.0,30:00.0,40,40,75,77.7,12,58:58.0,104671
85,1,00:00.0,00:00.0,25,25.1,60,59.6,14,04:49.0,104775
85,2,30:00.0,30:00.0,40,40,75,73.3,12,58:58.0,104682
85,2,30:00.0,30:00.0,40,40,75,74.7,12,58:58.0,104692
85,2,00:00.0,00:00.0,40,40,75,75.7,12,58:58.0,104695
85,2,00:00.0,00:00.0,40,40,75,77.3,12,58:58.0,104700
85,2,30:00.0,30:00.0,40,39.9,75,75.4,12,58:58.0,104713
85,2,30:00.0,30:00.0,40,39.9,75,73.8,12,58:58.0,104718
85,2,30:00.0,30:00.0,40,39.9,75,76.4,12,58:58.0,104722
85,2,00:00.0,00:00.0,40,40,75,79,12,58:58.0,104725
85,2,00:00.0,00:00.0,40,40,75,77.9,12,58:58.0,104727
85,2,00:00.0,00:00.0,40,39.9,75,77.6,12,58:58.0,104731
85,2,00:00.0,00:00.0,40,40,75,77.1,12,58:58.0,104737
85,2,00:00.0,00:00.0,40,40,75,78.3,12,58:58.0,104741
85,2,00:00.0,00:00.0,40,40,75,79.1,12,58:58.0,104743
85,2,00:00.0,00:00.0,40,40.4,75,77.3,12,58:58.0,104748
85,2,00:00.0,00:00.0,40,40,75,77.8,12,58:58.0,104750
85,2,30:00.0,30:00.0,40,40,75,74,12,58:58.0,104753
85,1,40:00.0,40:00.0,0.1,0,0,0,14,29:14.0,104901
85,1,30:00.0,30:00.0,25,25,60,59.5,14,29:14.0,104917
85,1,30:00.0,30:00.0,25,25,60,60.1,14,29:14.0,104921
85,1,30:00.0,30:00.0,25,24.9,60,59.6,14,34:05.0,104933
85,1,00:00.0,00:00.0,25,24.9,60,59.9,14,34:05.0,104944
85,1,00:00.0,00:00.0,25,25,60,59.9,14,34:05.0,104952
85,1,00:00.0,00:00.0,25,25,60,59.8,14,34:05.0,104967
85,1,30:00.0,30:00.0,25,25.1,60,59.7,14,34:05.0,104978
85,1,00:00.0,00:00.0,25,25.1,60,60,14,34:05.0,104992
85,1,30:00.0,30:00.0,25,25.4,60,60.6,14,34:05.0,105008
85,1,00:00.0,00:00.0,25,24,60,60,14,34:05.0,105009
85,1,30:00.0,30:00.0,25,27.8,60,63.5,14,34:05.0,105020
85,1,30:00.0,30:00.0,25,30.5,60,88,14,34:05.0,105031
85,1,30:00.0,30:00.0,25,23.6,60,60,14,34:05.0,105037
85,1,00:00.0,00:00.0,25,26,60,60.3,14,34:05.0,105062
85,1,00:00.0,00:00.0,25,28.1,60,58.6,14,34:05.0,105066
85,1,30:00.0,30:00.0,25,26,60,61.5,14,34:05.0,105075
85,1,30:00.0,30:00.0,25,23.4,60,59.5,14,34:05.0,105077
85,1,30:00.0,30:00.0,25,24.9,60,60.5,14,21:53.0,100648
85,1,00:00.0,00:00.0,25,25,60,61.5,14,15:19.0,100663
85,1,30:00.0,30:00.0,25,25.1,60,60.6,14,15:19.0,100679
85,1,30:00.0,30:00.0,25,25.1,60,60.3,14,15:19.0,100695
85,1,00:00.0,00:00.0,25,24.9,60,60,14,27:23.0,100767
85,2,30:00.0,30:00.0,40,40.1,75,76.5,14,17:43.0,100782
85,2,30:00.0,30:00.0,40,40,75,78.1,14,17:43.0,100804
85,2,30:00.0,30:00.0,40,39.9,75,74.9,12,02:23.0,100856
85,2,30:00.0,30:00.0,40,40,75,75,12,02:23.0,100872
85,2,30:00.0,30:00.0,40,40,75,75.4,12,02:23.0,100888
85,1,30:00.0,30:00.0,25,24.9,60,60.5,14,46:03.0,100902
85,1,00:00.0,00:00.0,25,25,60,60.1,14,52:13.0,100911
85,1,30:00.0,30:00.0,25,25,60,60.4,14,52:13.0,100919
85,1,30:00.0,30:00.0,25,25.1,60,60.1,14,52:13.0,100935
85,1,30:00.0,30:00.0,25,25.1,60,60.7,14,52:13.0,100948
85,2,30:00.0,30:00.0,40,40.1,75,75.6,14,57:42.0,102195
85,2,30:00.0,30:00.0,40,40,75,75.4,14,57:42.0,102212
85,1,00:00.0,00:00.0,25,25.1,60,60.1,14,59:08.0,102218
85,1,00:00.0,00:00.0,25,25.1,60,60.1,12,44:14.0,102243
85,1,00:00.0,00:00.0,25,25.1,60,59.9,12,44:14.0,102259
85,1,00:00.0,00:00.0,25,25,60,60.6,12,44:14.0,102275
85,1,00:00.0,00:00.0,25,24.9,60,60.5,12,48:43.0,102297
85,1,00:00.0,00:00.0,25,24.9,60,60.2,12,48:43.0,102311
85,1,00:00.0,00:00.0,25,25,60,59.5,12,48:43.0,102322
85,1,00:00.0,00:00.0,25,25,60,60,12,48:43.0,102334
85,1,30:00.0,30:00.0,25,25,60,60.2,12,48:43.0,102347
85,1,30:00.0,30:00.0,25,25.1,60,60.1,12,48:43.0,102357
85,1,30:00.0,30:00.0,25,25.1,60,60.5,14,16:37.0,102728
85,1,30:00.0,30:00.0,25,25,60,59.1,14,16:37.0,102744
85,2,30:00.0,30:00.0,40,39.8,75,73.8,14,19:06.0,102761
85,2,00:00.0,00:00.0,40,40,75,78.4,14,19:06.0,102774
85,1,00:00.0,00:00.0,25,24.9,60,60.6,14,23:21.0,102796
85,1,00:00.0,00:00.0,25,24.9,60,59.6,14,23:21.0,102812
85,1,30:00.0,30:00.0,25,24.9,60,60.5,12,49:16.0,102823
85,2,00:00.0,00:00.0,40,40,75,74.9,12,51:05.0,102839
85,2,30:00.0,30:00.0,40,40,75,73.2,12,51:05.0,102855
85,2,00:00.0,00:00.0,40,40.1,75,76.6,12,55:32.0,102864
85,2,00:00.0,00:00.0,40,40,75,76.2,12,55:32.0,102876
85,2,00:00.0,00:00.0,40,39.9,75,78.9,12,43:59.0,103224
85,1,00:00.0,00:00.0,25,25,60,60,12,08:15.0,102916
85,1,30:00.0,30:00.0,25,25.1,60,60.3,12,08:15.0,102932
85,2,30:00.0,30:00.0,40,40,75,73.5,12,11:59.0,102946
85,2,30:00.0,30:00.0,40,40,75,77.8,12,11:59.0,102948
85,2,00:00.0,00:00.0,40,40,75,74,12,11:59.0,102967
85,2,00:00.0,00:00.0,40,40,75,76.7,12,11:59.0,102977
85,2,30:00.0,30:00.0,40,39.9,75,74.4,12,11:59.0,102995
85,2,30:00.0,30:00.0,40,40,75,71.7,12,11:59.0,103005
85,2,00:00.0,00:00.0,40,40,75,76.2,12,11:59.0,103018
85,2,30:00.0,30:00.0,40,40,75,75.1,12,11:59.0,103033
85,2,30:00.0,30:00.0,40,40,75,74.9,12,11:59.0,103045
85,2,00:00.0,00:00.0,40,40.1,75,78.2,12,11:59.0,103054
85,2,00:00.0,00:00.0,40,40.1,75,76.5,12,11:59.0,103068
85,1,00:00.0,00:00.0,25,25.1,60,59.4,14,46:25.0,103412
85,1,30:00.0,30:00.0,25,25,60,59.9,12,19:44.0,103133
85,1,30:00.0,30:00.0,25,24.9,60,60.1,12,19:44.0,103144
85,1,30:00.0,30:00.0,25,24.9,60,59.9,12,19:44.0,103155
85,1,00:00.0,00:00.0,25,24.9,60,59.8,12,19:44.0,103168
85,1,30:00.0,30:00.0,25,25.1,60,60.1,14,46:25.0,103428
85,1,30:00.0,30:00.0,25,25,60,60.3,14,52:48.0,103445
85,2,00:00.0,00:00.0,40,40.1,75,78.9,14,54:35.0,103464
85,2,00:00.0,00:00.0,40,39.9,75,73.9,14,54:35.0,103482
85,2,30:00.0,30:00.0,40,40,75,75.2,14,54:35.0,103499
85,1,30:00.0,30:00.0,25,24.9,60,59.7,14,14:47.0,103526
85,1,30:00.0,30:00.0,25,24.9,60,60.5,14,20:28.0,103543
85,2,30:00.0,30:00.0,40,40,75,74,14,22:04.0,103564
85,2,00:00.0,00:00.0,40,40,75,72.4,12,27:39.0,103582
85,2,30:00.0,30:00.0,40,40,75,73.4,12,27:39.0,103598
85,1,30:00.0,30:00.0,25,25.1,60,58.5,12,23:43.0,103622
85,1,30:00.0,30:00.0,25,25.1,60,59.6,12,23:43.0,103638
85,1,00:00.0,00:00.0,25,25.1,60,59.3,12,23:43.0,103658
85,2,00:00.0,00:00.0,40,40,75,77.7,12,27:01.0,103679
85,1,00:00.0,00:00.0,25,25.1,60,59.7,12,00:41.0,103713
85,1,00:00.0,00:00.0,25,25,60,59.8,12,00:41.0,103729
85,1,00:00.0,00:00.0,25,24.9,60,59.9,12,00:41.0,103745
85,2,30:00.0,30:00.0,40,39.9,75,73.7,12,04:15.0,103758
85,2,30:00.0,30:00.0,40,40,75,73.8,12,04:15.0,103772
85,2,00:00.0,00:00.0,40,38.7,75,73.4,12,04:15.0,103787
85,2,00:00.0,00:00.0,40,40,75,73.9,12,04:15.0,103799
85,1,30:00.0,30:00.0,25,24.9,60,60.3,14,01:00.0,103810
85,1,00:00.0,00:00.0,25,24.9,60,60.3,14,01:00.0,103811
85,1,30:00.0,30:00.0,25,24.9,60,59.7,14,01:00.0,103812
85,1,00:00.0,00:00.0,25,24.9,60,59.9,14,01:00.0,103813
85,1,30:00.0,30:00.0,25,24.9,60,58.9,14,01:00.0,103814
85,1,00:00.0,00:00.0,25,24.9,60,58.7,14,01:00.0,103815
85,1,30:00.0,30:00.0,25,25,60,59,14,01:00.0,103840
85,1,00:00.0,00:00.0,25,25,60,59.6,14,01:00.0,103859
85,1,30:00.0,30:00.0,25,25.1,60,60.3,14,01:00.0,103878
85,1,00:00.0,00:00.0,25,24.9,60,60,14,04:49.0,104799
85,1,30:00.0,30:00.0,25,26.1,60,60.6,12,07:26.0,105407
85,1,00:00.0,00:00.0,25,27.6,60,54.8,12,08:20.0,105416
85,2,00:00.0,00:00.0,40,40.1,75,78.5,12,08:31.0,105419
85,1,00:00.0,00:00.0,25,25.1,60,59.6,12,08:47.0,105485
85,1,30:00.0,30:00.0,25,24.6,60,58.8,12,08:47.0,105486
85,1,30:00.0,30:00.0,25,24.9,60,60.4,14,15:19.0,100664
85,1,00:00.0,00:00.0,25,25,60,59.2,14,15:19.0,100680
85,1,00:00.0,00:00.0,25,25.1,60,60,14,15:19.0,100696
85,1,00:00.0,00:00.0,25,25.1,60,59.1,14,15:19.0,100715
85,1,30:00.0,30:00.0,25,25.1,60,60.4,14,15:19.0,100726
85,1,00:00.0,00:00.0,25,25,60,59.9,14,15:19.0,100740
85,1,30:00.0,30:00.0,25,25,60,59.7,14,15:19.0,100749
85,1,00:00.0,00:00.0,25,25,60,60.5,14,27:23.0,100753
85,2,30:00.0,30:00.0,40,40,75,76.1,14,17:43.0,100786
85,2,30:00.0,30:00.0,40,40,75,76.7,14,17:43.0,100800
85,2,30:00.0,30:00.0,40,39.9,75,74,14,17:43.0,100814
85,2,30:00.0,30:00.0,40,40,75,75.1,14,00:11.0,100840
85,2,00:00.0,00:00.0,40,39.9,75,74.9,12,02:23.0,100857
85,2,00:00.0,00:00.0,40,39.9,75,74.4,12,02:23.0,100873
85,2,00:00.0,00:00.0,40,39.8,75,75.3,12,02:23.0,100889
85,1,00:00.0,00:00.0,25,24.9,60,59.1,14,46:03.0,100903
85,1,00:00.0,00:00.0,25,25,60,60.3,14,52:13.0,100915
85,1,00:00.0,00:00.0,25,25.1,60,60.9,14,52:13.0,100947
85,1,00:00.0,00:00.0,25,25.1,60,60.2,12,15:36.0,101131
85,1,30:00.0,30:00.0,25,25.1,60,60,12,15:36.0,101132
85,1,00:00.0,00:00.0,25,25.1,60,59.3,12,15:36.0,101133
85,1,30:00.0,30:00.0,25,25.1,60,60.2,12,15:36.0,101134
85,1,00:00.0,00:00.0,25,25,60,60.1,12,15:36.0,101135
85,1,30:00.0,30:00.0,25,25.1,60,59.8,12,15:36.0,101136
85,1,00:00.0,00:00.0,25,25.1,60,60.5,12,15:36.0,101137
85,1,30:00.0,30:00.0,25,25.1,60,59.5,12,15:36.0,101138
85,1,00:00.0,00:00.0,25,25.1,60,60.9,12,15:36.0,101139
85,1,30:00.0,30:00.0,25,25.1,60,59.8,12,15:36.0,101140
85,1,00:00.0,00:00.0,25,25,60,59.9,12,15:36.0,101141
85,1,30:00.0,30:00.0,25,25,60,60.6,12,15:36.0,101142
85,1,00:00.0,00:00.0,25,25,60,60.2,12,15:36.0,101143
85,1,30:00.0,30:00.0,25,25.1,60,59.3,12,15:36.0,101144
85,1,00:00.0,00:00.0,25,25,60,60.5,12,15:36.0,101145
85,1,30:00.0,30:00.0,25,25,60,60.5,12,15:36.0,101146
85,1,00:00.0,00:00.0,25,25,60,61.2,12,15:36.0,101147
85,1,30:00.0,30:00.0,25,25,60,59.7,12,15:36.0,101148
85,2,00:00.0,00:00.0,40,39.9,75,74.2,12,21:48.0,102595
85,1,00:00.0,00:00.0,25,25,60,59.8,12,15:36.0,101150
85,2,30:00.0,30:00.0,40,40,75,74.9,14,57:13.0,105397
85,2,30:00.0,30:00.0,40,39.8,75,75.4,12,16:34.0,101152
85,2,00:00.0,00:00.0,40,40,75,75.1,12,16:34.0,101153
85,2,30:00.0,30:00.0,40,40.2,75,75.3,12,16:34.0,101154
85,2,00:00.0,00:00.0,40,40,75,75.2,12,16:34.0,101155
85,2,30:00.0,30:00.0,40,40.1,75,75,12,16:34.0,101156
85,2,00:00.0,00:00.0,40,39.9,75,75.4,12,16:34.0,101157
85,2,30:00.0,30:00.0,40,40,75,75,12,16:34.0,101158
85,2,00:00.0,00:00.0,40,40,75,75,12,16:34.0,101159
85,2,30:00.0,30:00.0,40,40,75,74.4,12,16:34.0,101160
85,2,00:00.0,00:00.0,40,40,75,74.8,12,16:34.0,101161
85,2,30:00.0,30:00.0,40,39.9,75,74.9,12,16:34.0,101162
85,2,00:00.0,00:00.0,40,40,75,74.8,12,16:34.0,101163
85,2,30:00.0,30:00.0,40,40,75,75,12,16:34.0,101164
85,2,00:00.0,00:00.0,40,40,75,75,12,16:34.0,101165
85,2,30:00.0,30:00.0,40,40,75,74.8,12,16:34.0,101166
85,2,00:00.0,00:00.0,40,40,75,74.9,12,16:34.0,101167
85,2,30:00.0,30:00.0,40,40,75,74.8,12,16:34.0,101168
85,2,00:00.0,00:00.0,40,40.1,75,74.1,12,16:34.0,101169
85,2,30:00.0,30:00.0,40,40.1,75,75,12,16:34.0,101170
85,2,00:00.0,00:00.0,40,40.1,75,74.7,12,16:34.0,101171
85,2,30:00.0,30:00.0,40,40,75,74.7,12,16:34.0,101172
85,2,00:00.0,00:00.0,40,40,75,74.7,12,16:34.0,101173
85,2,30:00.0,30:00.0,40,40,75,75.5,12,16:34.0,101174
85,2,00:00.0,00:00.0,40,40,75,74.8,12,16:34.0,101175
85,2,30:00.0,30:00.0,40,40.1,75,74.8,12,16:34.0,101176
85,2,00:00.0,00:00.0,40,40,75,74.6,12,16:34.0,101177
85,2,30:00.0,30:00.0,40,40,75,74.6,12,16:34.0,101178
85,2,00:00.0,00:00.0,40,39.9,75,74.4,12,16:34.0,101179
85,2,30:00.0,30:00.0,40,40,75,75.2,12,16:34.0,101180
85,2,00:00.0,00:00.0,40,40.1,75,75,12,16:34.0,101181
85,2,30:00.0,30:00.0,40,40,75,74.4,12,16:34.0,101182
85,2,00:00.0,00:00.0,40,39.9,75,75.3,12,16:34.0,101183
85,2,30:00.0,30:00.0,40,40,75,74.8,12,16:34.0,101184
85,2,00:00.0,00:00.0,40,40,75,75.2,14,57:13.0,105398
85,2,00:00.0,00:00.0,40,40.1,75,74.8,12,16:34.0,101186
85,2,30:00.0,30:00.0,40,40,75,75.3,12,16:34.0,101187
85,2,30:00.0,30:00.0,40,40,75,75.5,14,57:13.0,105399
85,2,00:00.0,00:00.0,40,40,75,75.8,12,16:34.0,101189
85,2,30:00.0,30:00.0,40,40.2,75,75.4,12,16:34.0,101190
85,2,00:00.0,00:00.0,40,39.9,75,75.1,12,16:34.0,101191
85,2,30:00.0,30:00.0,40,40.2,75,75,12,16:34.0,101192
85,2,00:00.0,00:00.0,40,40,75,75.6,12,16:34.0,101193
85,2,30:00.0,30:00.0,40,39.9,75,75.2,12,16:34.0,101194
85,2,00:00.0,00:00.0,40,40.2,75,74.5,12,16:34.0,101195
85,2,30:00.0,30:00.0,40,40.2,75,74.9,12,16:34.0,101196
85,2,00:00.0,00:00.0,40,40,75,74.3,12,16:34.0,101197
85,2,30:00.0,30:00.0,40,40.1,75,75,12,16:34.0,101198
85,2,00:00.0,00:00.0,40,40,75,74.9,12,16:34.0,101199
85,2,30:00.0,30:00.0,40,40.2,75,75.1,12,16:34.0,101200
85,2,00:00.0,00:00.0,40,40.1,75,75,12,18:22.0,101201
85,2,30:00.0,30:00.0,40,40,75,74.6,12,22:09.0,101222
85,2,00:00.0,00:00.0,40,40,75,74.7,12,22:09.0,101223
85,2,30:00.0,30:00.0,40,39.9,75,74.7,12,22:09.0,101224
85,2,00:00.0,00:00.0,40,40,75,75.6,12,22:09.0,101225
85,1,00:00.0,00:00.0,25,24.9,60,60.2,14,15:19.0,100653
85,1,30:00.0,30:00.0,25,25,60,60.6,14,15:19.0,100669
85,1,30:00.0,30:00.0,25,25,60,59.1,14,15:19.0,100685
85,1,00:00.0,00:00.0,25,25,60,59.8,14,27:23.0,100757
85,1,00:00.0,00:00.0,25,24.9,60,60.1,14,27:23.0,100769
85,1,00:00.0,00:00.0,25,24.9,60,59.7,14,15:43.0,100771
85,2,30:00.0,30:00.0,40,40.1,75,73.3,14,17:43.0,100776
85,2,00:00.0,00:00.0,40,40,75,78.7,14,17:43.0,100803
85,1,00:00.0,00:00.0,25,24.9,60,59.3,14,27:43.0,100828
85,2,00:00.0,00:00.0,40,40.1,75,74.7,14,17:43.0,100824
85,2,00:00.0,00:00.0,40,39.9,75,75.8,14,00:11.0,100837
85,2,30:00.0,30:00.0,40,40,75,75.1,14,00:11.0,100842
85,1,00:00.0,00:00.0,25,24.9,60,60,12,02:17.0,100844
85,2,00:00.0,00:00.0,40,39.9,75,74.9,12,02:23.0,100862
85,2,30:00.0,30:00.0,40,39.9,75,74.9,12,02:23.0,100878
85,1,00:00.0,00:00.0,25,24.9,60,60.1,14,46:03.0,100891
85,1,30:00.0,30:00.0,25,25,60,60,14,52:13.0,100914
85,1,00:00.0,00:00.0,25,25,60,60.5,14,52:13.0,100936
85,1,00:00.0,00:00.0,25,25.1,60,59.8,14,52:13.0,100951
85,1,30:00.0,30:00.0,25,25.1,60,59.9,12,56:01.0,100956
85,1,30:00.0,30:00.0,25,25.1,60,59.8,12,02:53.0,100963
85,1,30:00.0,30:00.0,25,25.1,60,60.4,12,26:24.0,100973
85,1,00:00.0,00:00.0,25,25.1,60,60.3,12,26:24.0,100974
85,2,30:00.0,30:00.0,40,40.3,75,75.4,12,21:48.0,102596
85,2,00:00.0,00:00.0,40,40,75,74.7,12,21:48.0,102597
85,2,00:00.0,00:00.0,40,40,75,79.2,12,07:00.0,102637
85,2,30:00.0,30:00.0,40,40,75,74.9,12,28:56.0,102599
85,2,00:00.0,00:00.0,40,40.3,75,74.7,12,28:56.0,102600
85,2,30:00.0,30:00.0,40,39.9,75,75.3,12,28:56.0,102601
85,2,00:00.0,00:00.0,40,40,75,75.4,12,28:56.0,102602
85,1,00:00.0,00:00.0,25,25.1,60,60.1,12,08:00.0,102638
85,1,30:00.0,30:00.0,25,25.1,60,59.9,12,35:38.0,102642
85,2,30:00.0,30:00.0,40,39.9,75,75.1,12,53:44.0,102661
85,1,00:00.0,00:00.0,25,25.1,60,59.7,14,16:37.0,102719
85,1,30:00.0,30:00.0,25,25.1,60,60.8,12,45:45.0,102670
85,1,00:00.0,00:00.0,25,25.1,60,60.4,12,09:00.0,102692
85,2,00:00.0,00:00.0,40,39.9,75,76.2,12,28:22.0,102709
85,1,30:00.0,30:00.0,25,25.1,60,59.1,14,16:37.0,102736
85,2,30:00.0,30:00.0,40,40,75,77.8,12,52:13.0,102715
85,2,00:00.0,00:00.0,40,39.9,75,79.1,14,19:06.0,102752
85,1,30:00.0,30:00.0,25,25.1,60,60.2,14,23:21.0,102787
85,1,00:00.0,00:00.0,25,24.9,60,59.9,14,23:21.0,102804
85,1,00:00.0,00:00.0,25,24.9,60,60.1,12,49:16.0,102814
85,1,30:00.0,30:00.0,25,24.9,60,59.5,12,49:16.0,102831
85,2,00:00.0,00:00.0,40,40,75,77,12,51:05.0,102847
85,2,00:00.0,00:00.0,40,40.1,75,74.8,12,55:32.0,102868
85,2,00:00.0,00:00.0,40,40.1,75,73.2,12,55:32.0,102884
85,1,30:00.0,30:00.0,25,24.9,60,59.4,12,08:15.0,102892
85,1,00:00.0,00:00.0,25,25,60,59.8,12,08:15.0,102908
85,1,30:00.0,30:00.0,25,25,60,59.2,12,08:15.0,102924
85,1,00:00.0,00:00.0,25,25.1,60,60.9,12,08:15.0,102941
85,2,00:00.0,00:00.0,40,40,75,74,12,11:59.0,102951
85,2,30:00.0,30:00.0,40,40,75,73.7,12,11:59.0,102966
85,2,30:00.0,30:00.0,40,39.9,75,74.2,12,11:59.0,102974
85,2,30:00.0,30:00.0,40,40,75,77.4,12,11:59.0,102982
85,2,30:00.0,30:00.0,40,39.9,75,75.5,12,11:59.0,102997
85,2,30:00.0,30:00.0,40,40,75,72.9,12,11:59.0,103009
85,2,30:00.0,30:00.0,40,39.8,75,75.8,12,11:59.0,103017
85,2,00:00.0,00:00.0,40,40,75,78.5,12,11:59.0,103026
85,2,30:00.0,30:00.0,40,40,75,75.9,12,11:59.0,103031
85,2,30:00.0,30:00.0,40,40,75,78.6,12,11:59.0,103037
85,2,30:00.0,30:00.0,40,40,75,75,12,11:59.0,103049
85,2,30:00.0,30:00.0,40,40,75,74.6,12,11:59.0,103051
85,2,00:00.0,00:00.0,40,40,75,77.3,12,11:59.0,103064
85,2,00:00.0,00:00.0,40,40,75,74.1,12,11:59.0,103070
85,2,30:00.0,30:00.0,40,40,75,73.5,12,11:59.0,103081
85,1,00:00.0,00:00.0,25,25.1,60,59.5,12,18:29.0,103085
85,1,00:00.0,00:00.0,25,25.2,60,59.9,12,19:44.0,103091
85,1,00:00.0,00:00.0,25,25.1,60,59.4,12,19:44.0,103104
85,1,30:00.0,30:00.0,25,25,60,59.8,12,19:44.0,103121
85,1,30:00.0,30:00.0,25,24.9,60,60.1,12,19:44.0,103142
85,1,00:00.0,00:00.0,25,24.9,60,59.4,12,19:44.0,103160
85,1,00:00.0,00:00.0,25,24.9,60,60.2,12,19:44.0,103172
85,2,30:00.0,30:00.0,40,40,75,75.4,12,48:39.0,103180
85,1,00:00.0,00:00.0,25,24.9,60,60.1,12,01:31.0,103188
85,1,04:00.0,04:00.0,3.2,0,0,0,12,04:17.0,103192
85,1,18:00.0,18:00.0,3.2,0,0,0,12,31:23.0,103207
85,1,42:00.0,42:00.0,3.2,0,0,0,12,43:29.0,103215
85,1,00:00.0,00:00.0,25,24.9,60,59.9,14,13:55.0,103226
85,1,00:00.0,00:00.0,25,26.9,60,76.1,12,07:26.0,105406
85,1,30:00.0,30:00.0,25,24.9,60,60,14,19:31.0,103236
85,1,30:00.0,30:00.0,25,24.2,60,75.8,12,08:47.0,105488
85,1,00:00.0,00:00.0,25,25.4,60,79.5,12,08:47.0,105489
85,1,30:00.0,30:00.0,25,26.4,60,83.7,12,08:47.0,105490
85,1,00:00.0,00:00.0,25,26.5,60,82.7,12,08:47.0,105491
85,1,30:00.0,30:00.0,25,27.2,60,81.1,12,08:47.0,105492
85,1,00:00.0,00:00.0,25,27.4,60,81.7,12,08:47.0,105493
85,1,30:00.0,30:00.0,25,27.6,60,74,12,08:47.0,105494
85,1,00:00.0,00:00.0,25,27.6,60,64.6,12,08:47.0,105495
85,1,30:00.0,30:00.0,25,26.7,60,55.9,12,08:47.0,105496
85,1,30:00.0,30:00.0,25,24.6,60,58.3,12,08:47.0,105506
85,1,00:00.0,00:00.0,25,24.2,60,58.2,12,08:47.0,105507
85,1,00:00.0,00:00.0,25,24.9,60,60.9,14,15:19.0,100661
85,1,30:00.0,30:00.0,25,25,60,59.7,14,15:19.0,100677
85,1,30:00.0,30:00.0,25,25.1,60,60.5,14,15:19.0,100693
85,1,30:00.0,30:00.0,25,25.1,60,59.7,14,15:19.0,100703
85,1,30:00.0,30:00.0,25,25.1,60,59.7,14,15:19.0,100707
85,1,30:00.0,30:00.0,25,25.1,60,59.5,14,15:19.0,100720
85,1,00:00.0,00:00.0,25,25.1,60,60.6,14,15:19.0,100721
85,1,30:00.0,30:00.0,25,25.1,60,60.7,14,15:19.0,100735
85,1,30:00.0,30:00.0,25,25.1,60,60.4,14,15:19.0,100737
85,1,00:00.0,00:00.0,25,24.9,60,60.3,14,15:19.0,100750
85,1,30:00.0,30:00.0,25,24.9,60,59.8,14,27:23.0,100765
85,2,30:00.0,30:00.0,40,40.1,75,77,14,17:43.0,100784
85,2,00:00.0,00:00.0,40,40,75,73.8,14,17:43.0,100795
85,2,00:00.0,00:00.0,40,39.9,75,77.1,14,17:43.0,100811
85,2,30:00.0,30:00.0,40,39.9,75,75,12,02:23.0,100854
85,2,30:00.0,30:00.0,40,40,75,75.6,12,02:23.0,100870
85,2,30:00.0,30:00.0,40,39.9,75,75.3,12,02:23.0,100886
85,1,30:00.0,30:00.0,25,24.9,60,60.8,14,46:03.0,100900
85,1,00:00.0,00:00.0,25,25,60,59,14,52:13.0,100928
85,1,30:00.0,30:00.0,25,25.1,60,60.2,14,52:13.0,100942
85,2,30:00.0,30:00.0,40,40,75,73.8,12,22:09.0,101219
85,2,00:00.0,00:00.0,40,40.1,75,74.4,12,22:09.0,101220
85,1,00:00.0,00:00.0,25,25.1,60,60.5,14,16:37.0,102731
85,1,00:00.0,00:00.0,25,25,60,59.7,14,16:37.0,102747
85,2,00:00.0,00:00.0,40,39.9,75,78.7,14,19:06.0,102756
85,2,00:00.0,00:00.0,40,40,75,75.8,14,19:06.0,102770
85,2,30:00.0,30:00.0,40,39.9,75,74.7,14,19:06.0,102773
85,2,00:00.0,00:00.0,40,39.9,75,76.2,14,19:06.0,102786
85,1,30:00.0,30:00.0,25,24.9,60,60.3,14,23:21.0,102799
85,1,00:00.0,00:00.0,25,24.9,60,60.4,12,49:16.0,102826
85,2,30:00.0,30:00.0,40,40,75,76.4,12,51:05.0,102842
85,2,00:00.0,00:00.0,40,40,75,75.4,12,51:05.0,102856
85,2,00:00.0,00:00.0,40,40,75,73.7,12,55:32.0,102866
85,2,30:00.0,30:00.0,40,40,75,75.6,12,55:32.0,102879
85,1,30:00.0,30:00.0,25,25,60,59.9,12,08:15.0,102903
85,1,00:00.0,00:00.0,25,25.1,60,60.6,12,08:15.0,102919
85,1,00:00.0,00:00.0,25,25.1,60,60,12,08:15.0,102935
85,1,30:00.0,30:00.0,25,25.1,60,59.8,12,08:15.0,102942
85,2,30:00.0,30:00.0,40,40.1,75,79.4,12,11:59.0,102954
85,2,30:00.0,30:00.0,40,40,75,74,12,11:59.0,102956
85,2,30:00.0,30:00.0,40,40,75,78.3,12,11:59.0,102962
85,2,30:00.0,30:00.0,40,40,75,74.3,12,11:59.0,102968
85,2,00:00.0,00:00.0,40,40,75,78.2,12,11:59.0,102973
85,2,30:00.0,30:00.0,40,39.9,75,74.8,12,11:59.0,102980
85,2,00:00.0,00:00.0,40,39.9,75,74.5,12,11:59.0,102987
85,2,00:00.0,00:00.0,40,39.9,75,76.7,12,11:59.0,102991
85,2,30:00.0,30:00.0,40,40,75,75.2,12,11:59.0,103003
85,2,00:00.0,00:00.0,40,40.1,75,75.3,12,11:59.0,103004
85,2,00:00.0,00:00.0,40,40,75,73.1,12,11:59.0,103012
85,2,00:00.0,00:00.0,40,39.9,75,75.1,12,11:59.0,103016
85,2,00:00.0,00:00.0,40,40,75,77.6,12,11:59.0,103024
85,2,30:00.0,30:00.0,40,40,75,76.7,12,11:59.0,103025
85,2,00:00.0,00:00.0,40,40,75,75,12,11:59.0,103034
85,2,30:00.0,30:00.0,40,40,75,77.8,12,11:59.0,103041
85,2,00:00.0,00:00.0,40,40.1,75,76.8,12,11:59.0,103048
85,2,30:00.0,30:00.0,40,40,75,76.3,12,11:59.0,103061
85,1,00:00.0,00:00.0,25,25.1,60,60.1,12,19:44.0,103110
85,1,00:00.0,00:00.0,25,25,60,60.1,12,19:44.0,103128
85,1,00:00.0,00:00.0,25,25,60,60,12,19:44.0,103141
85,1,30:00.0,30:00.0,25,24.9,60,58.9,12,19:44.0,103157
85,1,30:00.0,30:00.0,25,24.9,60,59.5,12,19:44.0,103173
85,1,00:00.0,00:00.0,25,25.1,60,60.4,14,46:25.0,103415
85,1,00:00.0,00:00.0,25,25,60,60.7,14,46:25.0,103431
85,1,00:00.0,00:00.0,25,24.9,60,60.2,14,52:48.0,103448
85,1,00:00.0,00:00.0,25,24.9,60,60.2,14,04:49.0,104812
85,2,30:00.0,30:00.0,40,40,75,78.4,14,54:35.0,103487
85,2,30:00.0,30:00.0,40,39.8,75,75.7,14,54:35.0,103505
85,1,00:00.0,00:00.0,25,25,60,59.4,14,20:28.0,103554
85,2,30:00.0,30:00.0,40,39.9,75,74.5,14,22:04.0,103572
85,2,30:00.0,30:00.0,40,40,75,74.1,12,27:39.0,103585
85,2,00:00.0,00:00.0,40,40.1,75,76.5,12,27:39.0,103601
85,1,00:00.0,00:00.0,25,25.1,60,59.3,12,23:43.0,103625
85,1,00:00.0,00:00.0,25,25.1,60,59.4,12,23:43.0,103641
85,1,30:00.0,30:00.0,25,25.1,60,60.5,12,23:43.0,103655
85,1,00:00.0,00:00.0,25,24.9,60,59.9,14,04:49.0,104820
85,1,00:00.0,00:00.0,25,24.8,60,59.7,14,04:49.0,104832
85,1,30:00.0,30:00.0,25,25,60,59.9,14,04:49.0,104856
85,1,30:00.0,30:00.0,25,25.1,60,59.9,14,04:49.0,104888
85,1,00:00.0,00:00.0,25,25.1,60,60.1,14,04:49.0,104899
85,1,53:00.0,53:00.0,0.2,0,0,0,14,29:14.0,104904
85,1,00:00.0,00:00.0,25,24.9,60,60.1,14,34:05.0,104932
85,1,30:00.0,30:00.0,25,24.9,60,60.1,14,34:05.0,104943
85,1,00:00.0,00:00.0,25,25,60,60.2,14,34:05.0,104954
85,1,00:00.0,00:00.0,25,25.1,60,60.1,14,34:05.0,104964
85,1,00:00.0,00:00.0,25,25.1,60,60.2,14,34:05.0,104983
85,1,30:00.0,30:00.0,25,25.1,60,60.4,14,34:05.0,104984
85,1,00:00.0,00:00.0,25,24,60,64.8,14,34:05.0,105038
85,1,00:00.0,00:00.0,25,28.3,60,58.6,14,34:05.0,105042
85,1,00:00.0,00:00.0,25,28.8,60,79.1,14,34:05.0,105060
85,1,30:00.0,30:00.0,25,27.9,60,74.7,14,34:05.0,105071
85,2,30:00.0,30:00.0,40,39.9,75,74.6,14,57:13.0,105391
85,2,00:00.0,00:00.0,40,40,75,75.9,14,17:43.0,100787
85,1,30:00.0,30:00.0,25,25.1,60,59.3,14,15:19.0,100681
85,1,30:00.0,30:00.0,25,25.1,60,60.7,14,15:19.0,100697
85,1,00:00.0,00:00.0,25,25.1,60,59.4,14,15:19.0,100706
85,1,00:00.0,00:00.0,25,25.1,60,60,14,15:19.0,100717
85,1,30:00.0,30:00.0,25,25.1,60,61,14,15:19.0,100718
85,1,30:00.0,30:00.0,25,25,60,59.8,14,15:19.0,100729
85,1,30:00.0,30:00.0,25,25.1,60,60.2,14,15:19.0,100731
85,1,30:00.0,30:00.0,25,25,60,59.7,14,15:19.0,100741
85,1,00:00.0,00:00.0,25,25,60,60.9,14,15:19.0,100746
85,2,30:00.0,30:00.0,40,40,75,73.5,14,17:43.0,100802
85,2,00:00.0,00:00.0,40,40.1,75,75.1,14,17:43.0,100817
85,2,30:00.0,30:00.0,40,40,75,75,12,02:23.0,100858
85,2,30:00.0,30:00.0,40,39.9,75,74.9,12,02:23.0,100874
85,1,30:00.0,30:00.0,25,24.9,60,59.3,14,46:03.0,100904
85,1,30:00.0,30:00.0,25,25,60,60.2,14,52:13.0,100925
85,2,30:00.0,30:00.0,40,40,75,74.8,12,53:15.0,101403
85,1,30:00.0,30:00.0,25,25,60,60.7,14,40:09.0,101405
85,1,00:00.0,00:00.0,25,24.9,60,59.9,14,40:09.0,101420
85,1,30:00.0,30:00.0,25,24.9,60,59.9,14,24:43.0,101436
85,1,00:00.0,00:00.0,25,24.9,60,59.4,14,24:43.0,101451
85,1,00:00.0,00:00.0,25,24.9,60,59.8,14,24:43.0,101467
85,1,30:00.0,30:00.0,25,25,60,59.6,14,24:43.0,101475
85,2,30:00.0,30:00.0,40,40,75,74.5,14,56:20.0,101491
85,1,00:00.0,00:00.0,25,25.1,60,60,14,16:37.0,102727
85,1,00:00.0,00:00.0,25,25,60,59.8,14,16:37.0,102743
85,1,30:00.0,30:00.0,25,24.9,60,59.8,14,23:21.0,102795
85,1,30:00.0,30:00.0,25,24.9,60,59.4,14,23:21.0,102811
85,1,00:00.0,00:00.0,25,24.9,60,60.5,12,49:16.0,102822
85,2,30:00.0,30:00.0,40,40,75,73.9,12,51:05.0,102838
85,2,00:00.0,00:00.0,40,40,75,78.1,12,51:05.0,102854
85,2,30:00.0,30:00.0,40,40,75,76.2,12,55:32.0,102875
85,1,00:00.0,00:00.0,25,25,60,59.6,12,08:15.0,102899
85,1,30:00.0,30:00.0,25,25,60,59.6,12,08:15.0,102915
85,1,00:00.0,00:00.0,25,25.1,60,59.8,12,08:15.0,102931
85,1,00:00.0,00:00.0,25,25.1,60,60.2,12,08:15.0,102939
85,2,00:00.0,00:00.0,40,40,75,76.9,12,11:59.0,102955
85,2,00:00.0,00:00.0,40,40,75,79,12,11:59.0,102965
85,2,00:00.0,00:00.0,40,39.9,75,74.5,12,11:59.0,102989
85,1,00:00.0,00:00.0,25,25.1,60,60,12,19:44.0,103099
85,1,00:00.0,00:00.0,25,25.1,60,60.6,12,19:44.0,103120
85,1,00:00.0,00:00.0,25,24.9,60,59.9,12,19:44.0,103139
85,1,30:00.0,30:00.0,25,24.9,60,60,12,19:44.0,103151
85,1,00:00.0,00:00.0,25,25,60,59.6,12,19:44.0,103166
85,2,08:00.0,08:00.0,40,40,75,75.8,12,08:17.0,103197
85,1,16:00.0,16:00.0,25,25.1,60,60.3,12,16:09.0,103206
85,2,30:00.0,30:00.0,40,40,75,76.7,12,43:59.0,103223
85,1,30:00.0,30:00.0,25,24.9,60,60,14,19:31.0,103234
85,1,00:00.0,00:00.0,25,24.9,60,59.8,14,19:31.0,103235
85,1,00:00.0,00:00.0,25,24.9,60,60.1,14,19:31.0,103243
85,1,30:00.0,30:00.0,25,25.1,60,60.3,12,00:41.0,103712
85,1,00:00.0,00:00.0,25,25.1,60,59.9,14,46:25.0,103427
85,1,00:00.0,00:00.0,25,24.9,60,59.1,14,52:48.0,103444
85,1,30:00.0,30:00.0,25,24.9,60,59.9,14,52:48.0,103461
85,1,00:00.0,00:00.0,25,24.9,60,60.6,14,14:47.0,103525
85,1,00:00.0,00:00.0,25,25,60,60.5,14,20:28.0,103542
85,1,00:00.0,00:00.0,25,24.9,60,61.5,14,20:28.0,103544
85,2,30:00.0,30:00.0,40,40,75,73.1,12,27:39.0,103581
85,2,00:00.0,00:00.0,40,40,75,78.5,12,27:39.0,103597
85,1,00:00.0,00:00.0,25,25.1,60,60.3,12,23:43.0,103621
85,1,00:00.0,00:00.0,25,25.1,60,59.9,12,23:43.0,103637
85,1,30:00.0,30:00.0,25,25,60,59.7,12,00:41.0,103728
85,1,30:00.0,30:00.0,25,24.9,60,60,12,00:41.0,103744
85,2,00:00.0,00:00.0,40,40,75,75.4,12,04:15.0,103755
85,2,30:00.0,30:00.0,40,40,75,75.4,12,04:15.0,103768
85,2,30:00.0,30:00.0,40,40.1,75,75.3,12,04:15.0,103786
85,2,30:00.0,30:00.0,40,39.1,75,73.6,12,04:15.0,103796
85,1,00:00.0,00:00.0,25,25,60,60.3,14,04:49.0,104808
85,1,30:00.0,30:00.0,25,24.9,60,59.9,14,04:49.0,104819
85,1,30:00.0,30:00.0,25,24.9,60,60,14,04:49.0,104829
85,1,00:00.0,00:00.0,25,25,60,60.2,14,04:49.0,104840
85,1,30:00.0,30:00.0,25,25,60,60.2,14,04:49.0,104847
85,1,30:00.0,30:00.0,25,25,60,59.6,14,04:49.0,104860
85,1,00:00.0,00:00.0,25,25.1,60,59.7,14,04:49.0,104874
85,1,30:00.0,30:00.0,25,25.1,60,60.7,14,04:49.0,104882
85,1,00:00.0,00:00.0,25,24.9,60,59.8,14,29:14.0,104908
85,1,00:00.0,00:00.0,25,24.9,60,60.7,14,29:14.0,104925
85,1,30:00.0,30:00.0,25,24.9,60,60.1,14,34:05.0,104928
85,1,00:00.0,00:00.0,25,24.9,60,59.6,14,34:05.0,104940
85,1,30:00.0,30:00.0,25,25,60,60,14,34:05.0,104955
85,1,30:00.0,30:00.0,25,25.1,60,60,14,34:05.0,104970
85,1,30:00.0,30:00.0,25,25.1,60,60.2,14,34:05.0,104987
85,1,00:00.0,00:00.0,25,27.5,60,68.9,14,34:05.0,105007
85,1,00:00.0,00:00.0,25,25,60,60.3,14,34:05.0,105026
85,1,30:00.0,30:00.0,25,27.6,60,66.5,14,34:05.0,105061
85,1,00:00.0,00:00.0,25,26.9,60,60.5,14,34:05.0,105074
85,2,30:00.0,30:00.0,40,40,75,77.1,14,57:13.0,105393
85,2,00:00.0,00:00.0,40,39.9,75,74.2,14,57:13.0,105394
85,2,30:00.0,30:00.0,40,40,75,75.1,14,57:13.0,105395
85,1,00:00.0,00:00.0,25,25.1,60,58.1,12,08:47.0,105509
85,1,30:00.0,30:00.0,25,27.4,60,54.7,12,08:47.0,105510
85,1,00:00.0,00:00.0,25,25.7,60,58.3,12,08:47.0,105511
85,1,30:00.0,30:00.0,25,27.6,60,54.9,12,08:47.0,105512
85,1,00:00.0,00:00.0,25,25,60,60.7,12,49:41.0,99226
85,1,30:00.0,30:00.0,25,25.1,60,60.3,12,49:41.0,99236
85,1,30:00.0,30:00.0,25,24.9,60,60.3,12,49:41.0,99261
85,1,00:00.0,00:00.0,25,25,60,60.4,14,19:05.0,99276
85,1,30:00.0,30:00.0,25,25.1,60,59.7,14,19:05.0,99283
85,1,00:00.0,00:00.0,25,25.1,60,59.4,14,19:05.0,99292
85,1,00:00.0,00:00.0,25,25.1,60,60.4,14,20:56.0,99294
85,1,00:00.0,00:00.0,25,25.1,60,59.5,14,20:56.0,99314
85,1,00:00.0,00:00.0,25,25.1,60,60.5,14,20:56.0,99326
85,1,30:00.0,30:00.0,25,25.1,60,61,14,20:56.0,99336
85,2,30:00.0,30:00.0,40,40,75,74.8,12,22:40.0,99347
85,2,30:00.0,30:00.0,40,39.9,75,75.2,12,22:40.0,99363
85,2,30:00.0,30:00.0,40,39.9,75,75.5,12,22:40.0,99379
85,2,00:00.0,00:00.0,40,40,75,74.4,12,22:40.0,99395
85,2,30:00.0,30:00.0,40,40,75,75.4,12,22:40.0,99410
85,2,00:00.0,00:00.0,40,40,75,74.8,12,22:40.0,99413
85,2,00:00.0,00:00.0,40,40,75,75.1,12,22:40.0,99427
85,2,00:00.0,00:00.0,40,40,75,75.4,12,22:40.0,99433
85,2,14:00.0,14:00.0,40,40.2,75,74.3,12,22:40.0,99436
85,2,10:00.0,10:00.0,40,40.1,75,74.7,14,13:15.0,99465
85,1,12:00.0,12:00.0,42,888.8,0,0,12,05:21.0,99495
85,1,30:00.0,30:00.0,25,25.1,60,59.7,14,14:25.0,99518
85,2,00:00.0,00:00.0,40,40,75,74.5,14,27:47.0,99556
85,1,00:00.0,00:00.0,25,24.9,60,60.6,12,09:26.0,99662
85,2,00:00.0,00:00.0,40,40,75,75.1,14,27:47.0,99593
85,2,30:00.0,30:00.0,40,40,75,74.7,14,27:47.0,99614
85,2,00:00.0,00:00.0,40,40,75,74.7,14,27:47.0,99623
85,2,30:00.0,30:00.0,40,39.9,75,75.5,14,27:47.0,99636
85,2,00:00.0,00:00.0,40,40,75,74.7,14,27:47.0,99649
85,1,00:00.0,00:00.0,25,24.9,60,59.6,14,44:10.0,99714
85,1,00:00.0,00:00.0,25,24.9,60,59.7,14,44:10.0,99730
85,2,00:00.0,00:00.0,40,40,75,75,14,52:11.0,99754
85,1,00:00.0,00:00.0,25,24.9,60,59.7,14,42:33.0,99792
85,1,00:00.0,00:00.0,25,25,60,60.6,14,42:33.0,99808
85,2,30:00.0,30:00.0,40,39.9,75,75.5,14,51:22.0,99888
85,2,30:00.0,30:00.0,40,40.2,75,74.8,14,51:22.0,99901
85,2,00:00.0,00:00.0,40,40.1,75,75.4,14,51:22.0,99914
85,2,00:00.0,00:00.0,40,40.1,75,75.8,14,51:22.0,99932
85,1,30:00.0,30:00.0,25,25,60,60.4,14,50:40.0,99958
85,1,30:00.0,30:00.0,25,24.9,60,59.7,14,50:40.0,99974
85,1,30:00.0,30:00.0,25,24.9,60,59.8,14,50:40.0,99990
85,1,00:00.0,00:00.0,25,25,60,59.6,14,50:40.0,99995
85,1,00:00.0,00:00.0,25,25,60,60.1,14,50:40.0,100005
85,1,00:00.0,00:00.0,25,25,60,59.9,14,50:40.0,100014
85,1,30:00.0,30:00.0,25,25,60,59.5,14,50:40.0,100021
85,1,30:00.0,30:00.0,25,25,60,59.2,14,50:40.0,100027
85,1,30:00.0,30:00.0,25,25.1,60,59.3,14,50:40.0,100033
85,1,00:00.0,00:00.0,25,25.1,60,59.5,14,50:40.0,100042
85,1,00:00.0,00:00.0,25,25.2,60,60.6,14,50:40.0,100050
85,1,30:00.0,30:00.0,25,25.1,60,59.9,14,50:40.0,100059
85,1,30:00.0,30:00.0,25,25.1,60,60.1,14,50:40.0,100067
85,2,00:00.0,00:00.0,40,40,75,74.9,14,55:22.0,100085
85,1,00:00.0,00:00.0,25,25,60,60.3,14,01:24.0,100094
85,2,00:00.0,00:00.0,40,39.8,75,74.9,14,05:26.0,100126
85,2,30:00.0,30:00.0,40,39.9,75,74.7,14,05:26.0,100138
85,2,30:00.0,30:00.0,40,39.9,75,75,14,05:26.0,100164
85,2,30:00.0,30:00.0,40,39.9,75,74.9,14,05:26.0,100194
85,2,30:00.0,30:00.0,40,39.9,75,75.4,14,05:26.0,100220
85,2,00:00.0,00:00.0,40,40.1,75,75.2,14,05:26.0,100237
85,2,30:00.0,30:00.0,40,39.9,75,74,14,05:26.0,100252
85,2,30:00.0,30:00.0,40,40,75,74.6,14,05:26.0,100267
85,2,30:00.0,30:00.0,40,40,75,75.3,12,22:09.0,101226
85,1,30:00.0,30:00.0,25,24.9,60,59.3,14,04:49.0,104811
85,1,00:00.0,00:00.0,25,24.8,60,60.2,14,04:49.0,104828
85,1,00:00.0,00:00.0,25,25,60,59.7,14,04:49.0,104855
85,1,30:00.0,30:00.0,25,25.1,60,60.1,14,04:49.0,104868
85,1,30:00.0,30:00.0,25,25.1,60,59.9,14,04:49.0,104894
85,1,30:00.0,30:00.0,25,25.1,60,60.2,14,29:14.0,104903
85,1,00:00.0,00:00.0,25,24.9,60,60.2,14,29:14.0,104927
85,1,30:00.0,30:00.0,25,24.9,60,60,14,34:05.0,104935
85,1,30:00.0,30:00.0,25,25,60,60,14,34:05.0,104957
85,1,30:00.0,30:00.0,25,25.1,60,60,14,34:05.0,104976
85,1,00:00.0,00:00.0,25,25.1,60,60,14,34:05.0,104988
85,1,30:00.0,30:00.0,25,26.7,60,70.7,14,34:05.0,105039
85,1,30:00.0,30:00.0,25,27.5,60,67.8,14,34:05.0,105054
85,1,30:00.0,30:00.0,25,27.3,60,71.1,14,34:05.0,105073
85,1,30:00.0,30:00.0,25,27,60,64,14,34:05.0,105097
85,1,00:00.0,00:00.0,25,26.3,60,59.3,14,34:05.0,105111
85,2,30:00.0,30:00.0,40,39.8,75,75.2,14,57:13.0,105401
85,2,00:00.0,00:00.0,40,40.2,75,74.6,14,57:13.0,105402
85,2,30:00.0,30:00.0,40,39.9,75,73.5,14,57:13.0,105403
85,2,00:00.0,00:00.0,40,40,75,75.3,14,57:13.0,105404
85,2,30:00.0,30:00.0,40,39.9,75,75.6,14,57:13.0,105405
85,1,30:00.0,30:00.0,25,29.4,60,63.6,12,07:26.0,105409
85,1,00:00.0,00:00.0,25,26.8,60,54.4,12,08:47.0,105497
85,1,30:00.0,30:00.0,25,26.8,60,54.8,12,08:47.0,105498
85,1,00:00.0,00:00.0,25,26.2,60,54.6,12,08:47.0,105499
85,1,30:00.0,30:00.0,25,29.9,60,86.3,12,08:47.0,105500
85,1,00:00.0,00:00.0,25,27.4,60,67.4,12,08:47.0,105501
85,1,30:00.0,30:00.0,25,26.1,60,61.4,12,08:47.0,105502
85,1,00:00.0,00:00.0,25,25.7,60,59.5,12,08:47.0,105503
85,1,30:00.0,30:00.0,25,25.1,60,58.8,12,08:47.0,105504
85,1,47:00.0,47:00.0,0.2,0,0,0,12,49:41.0,99218
85,1,00:00.0,00:00.0,25,25.1,60,60,12,49:41.0,99237
85,1,30:00.0,30:00.0,25,25,60,59.6,12,49:41.0,99247
85,1,00:00.0,00:00.0,25,25,60,61.5,12,49:41.0,99258
85,1,00:00.0,00:00.0,25,25,60,61.3,14,19:05.0,99274
85,1,00:00.0,00:00.0,25,25.1,60,59.5,14,19:05.0,99290
85,1,30:00.0,30:00.0,25,25.1,60,60.3,14,20:56.0,99297
85,2,00:00.0,00:00.0,40,40.1,75,74.9,12,22:09.0,101227
85,2,30:00.0,30:00.0,40,40,75,75.3,12,22:09.0,101228
85,1,00:00.0,00:00.0,25,25,60,59,14,40:09.0,101404
85,2,00:00.0,00:00.0,40,40,75,75.5,12,22:09.0,101230
85,2,30:00.0,30:00.0,40,40.1,75,75,12,22:09.0,101231
85,2,00:00.0,00:00.0,40,39.9,75,74.8,12,22:09.0,101232
85,2,30:00.0,30:00.0,40,40,75,75.2,12,22:09.0,101233
85,2,00:00.0,00:00.0,40,40,75,75.3,12,22:09.0,101234
85,1,30:00.0,30:00.0,25,24.9,60,59.9,14,40:09.0,101421
85,2,30:00.0,30:00.0,40,40,75,74.8,12,22:09.0,101236
85,2,00:00.0,00:00.0,40,40,75,75,12,22:09.0,101237
85,2,30:00.0,30:00.0,40,40,75,75.3,12,22:09.0,101238
85,2,00:00.0,00:00.0,40,39.8,75,75.2,12,22:09.0,101239
85,2,30:00.0,30:00.0,40,40,75,74.8,12,22:09.0,101240
85,2,00:00.0,00:00.0,40,39.9,75,74.9,12,22:09.0,101241
85,2,30:00.0,30:00.0,40,39.9,75,74.7,12,22:09.0,101242
85,2,00:00.0,00:00.0,40,39.9,75,75.2,12,22:09.0,101243
85,2,30:00.0,30:00.0,40,40,75,76,12,22:09.0,101244
85,2,00:00.0,00:00.0,40,40,75,74.5,12,22:09.0,101245
85,2,30:00.0,30:00.0,40,40,75,75,12,22:09.0,101246
85,2,00:00.0,00:00.0,40,39.9,75,75.2,12,22:09.0,101247
85,2,30:00.0,30:00.0,40,40,75,74.9,12,22:09.0,101248
85,2,00:00.0,00:00.0,40,39.9,75,75.2,12,22:09.0,101249
85,2,30:00.0,30:00.0,40,39.8,75,74.9,12,22:09.0,101250
85,2,00:00.0,00:00.0,40,39.9,75,75.6,12,22:09.0,101251
85,2,30:00.0,30:00.0,40,39.9,75,75.1,12,22:09.0,101252
85,2,00:00.0,00:00.0,40,40.1,75,74.7,12,22:09.0,101253
85,2,30:00.0,30:00.0,40,40,75,75.2,12,22:09.0,101254
85,2,00:00.0,00:00.0,40,39.9,75,74.9,12,22:09.0,101255
85,2,30:00.0,30:00.0,40,39.8,75,75,12,22:09.0,101256
85,2,00:00.0,00:00.0,40,40,75,75.1,12,22:09.0,101257
85,2,30:00.0,30:00.0,40,40.2,75,74,12,22:09.0,101258
85,2,00:00.0,00:00.0,40,39.9,75,75.6,12,22:09.0,101259
85,2,30:00.0,30:00.0,40,39.9,75,75.2,12,22:09.0,101260
85,2,00:00.0,00:00.0,40,40.1,75,73.8,12,22:09.0,101261
85,2,30:00.0,30:00.0,40,39.9,75,75.6,12,22:09.0,101262
85,2,00:00.0,00:00.0,40,39.9,75,75.1,12,22:09.0,101263
85,2,30:00.0,30:00.0,40,40.1,75,74.3,12,22:09.0,101264
85,2,00:00.0,00:00.0,40,39.8,75,75.2,12,22:09.0,101265
85,2,30:00.0,30:00.0,40,40.1,75,74.8,12,22:09.0,101266
85,2,00:00.0,00:00.0,40,39.9,75,75.2,12,22:09.0,101267
85,2,30:00.0,30:00.0,40,39.9,75,74.6,12,22:09.0,101268
85,2,00:00.0,00:00.0,40,40,75,75.2,12,22:09.0,101269
85,2,30:00.0,30:00.0,40,39.9,75,75.7,12,22:09.0,101270
85,2,00:00.0,00:00.0,40,40,75,74.7,12,22:09.0,101271
85,2,30:00.0,30:00.0,40,39.9,75,75.1,12,22:09.0,101272
85,2,00:00.0,00:00.0,40,39.8,75,75,12,22:09.0,101273
85,2,30:00.0,30:00.0,40,40.1,75,74.4,12,22:09.0,101274
85,2,00:00.0,00:00.0,40,39.9,75,75,12,22:09.0,101275
85,2,30:00.0,30:00.0,40,39.9,75,75,12,22:09.0,101276
85,2,00:00.0,00:00.0,40,40.1,75,74.9,12,22:09.0,101277
85,2,30:00.0,30:00.0,40,40,75,75.6,12,22:09.0,101278
85,2,00:00.0,00:00.0,40,39.9,75,75.2,12,22:09.0,101279
85,2,30:00.0,30:00.0,40,39.8,75,75.2,12,22:09.0,101280
85,2,00:00.0,00:00.0,40,40.1,75,75.3,12,22:09.0,101281
85,2,30:00.0,30:00.0,40,40,75,75.3,12,22:09.0,101282
85,2,00:00.0,00:00.0,40,40.1,75,75,12,22:09.0,101283
85,2,30:00.0,30:00.0,40,39.8,75,75.6,12,22:09.0,101284
85,2,00:00.0,00:00.0,40,39.9,75,75.2,12,22:09.0,101285
85,2,30:00.0,30:00.0,40,40.1,75,75.4,12,22:09.0,101286
85,2,00:00.0,00:00.0,40,40,75,75.1,12,22:09.0,101287
85,2,30:00.0,30:00.0,40,39.9,75,75,12,22:09.0,101288
85,2,00:00.0,00:00.0,40,39.9,75,75.2,12,22:09.0,101289
85,2,30:00.0,30:00.0,40,39.9,75,75.4,12,22:09.0,101290
85,2,00:00.0,00:00.0,40,39.9,75,75.1,12,22:09.0,101291
85,2,30:00.0,30:00.0,40,39.9,75,74.9,12,22:09.0,101292
85,2,00:00.0,00:00.0,40,39.9,75,74.9,12,22:09.0,101293
85,2,30:00.0,30:00.0,40,40,75,75.2,12,22:09.0,101294
85,2,00:00.0,00:00.0,40,39.9,75,74.8,12,22:09.0,101295
85,2,30:00.0,30:00.0,40,40,75,75,12,22:09.0,101296
85,2,00:00.0,00:00.0,40,40,75,75,12,22:09.0,101297
85,2,30:00.0,30:00.0,40,40,75,74.9,12,22:09.0,101298
85,2,00:00.0,00:00.0,40,40.1,75,74.9,12,22:09.0,101299
85,2,30:00.0,30:00.0,40,39.8,75,75.3,12,25:47.0,101303
85,2,00:00.0,00:00.0,40,39.9,75,74.8,12,25:47.0,101304
85,2,30:00.0,30:00.0,40,40,75,75,12,25:47.0,101305
85,2,00:00.0,00:00.0,40,39.9,75,75.3,12,25:47.0,101306
85,2,30:00.0,30:00.0,40,40,75,74.8,12,25:47.0,101307
85,2,00:00.0,00:00.0,40,39.8,75,75.3,12,25:47.0,101308
85,2,30:00.0,30:00.0,40,40.1,75,75.5,12,25:47.0,101309
85,2,00:00.0,00:00.0,40,39.9,75,75.2,12,25:47.0,101310
85,2,30:00.0,30:00.0,40,40,75,75.2,12,25:47.0,101311
85,2,00:00.0,00:00.0,40,40,75,75,12,25:47.0,101312
85,2,30:00.0,30:00.0,40,40,75,75.3,12,25:47.0,101313
85,2,00:00.0,00:00.0,40,40.1,75,74.5,12,25:47.0,101314
85,2,30:00.0,30:00.0,40,39.9,75,74.9,12,25:47.0,101315
85,1,00:00.0,00:00.0,25,25.1,60,60.1,12,49:41.0,99231
85,1,30:00.0,30:00.0,25,25,60,60.1,14,19:05.0,99281
85,1,00:00.0,00:00.0,25,25.1,60,59.2,14,20:56.0,99306
85,1,00:00.0,00:00.0,25,25.1,60,59.8,14,20:56.0,99322
85,2,00:00.0,00:00.0,40,40,75,75.3,12,22:40.0,99352
85,2,00:00.0,00:00.0,40,40,75,75,12,22:40.0,99368
85,2,00:00.0,00:00.0,40,40,75,74.8,12,22:40.0,99384
85,2,00:00.0,00:00.0,40,40,75,75.4,12,22:40.0,99409
85,2,00:00.0,00:00.0,40,40,75,74.6,12,22:40.0,99411
85,2,00:00.0,00:00.0,40,40,75,74.9,12,22:40.0,99425
85,2,30:00.0,30:00.0,40,40,75,76.1,12,22:40.0,99430
85,1,58:00.0,58:00.0,0.1,0,0,0,12,05:21.0,99500
85,1,00:00.0,00:00.0,25,25.1,60,60,14,14:25.0,99523
85,1,30:00.0,30:00.0,25,25,60,59.8,14,14:25.0,99540
85,2,30:00.0,30:00.0,40,40,75,74.8,14,27:47.0,99563
85,2,00:00.0,00:00.0,40,39.9,75,75.3,14,27:47.0,99581
85,2,30:00.0,30:00.0,40,40,75,75.2,14,27:47.0,99606
85,2,00:00.0,00:00.0,40,39.9,75,74.8,14,27:47.0,99643
85,2,00:00.0,00:00.0,40,40,75,74.6,12,10:05.0,99667
85,1,30:00.0,30:00.0,25,24.9,60,59.7,14,44:10.0,99719
85,1,00:00.0,00:00.0,25,24.9,60,59.3,14,44:10.0,99735
85,2,30:00.0,30:00.0,40,40,75,75.2,14,52:11.0,99759
85,1,30:00.0,30:00.0,25,24.9,60,60.1,14,42:33.0,99797
85,1,00:00.0,00:00.0,25,25.1,60,59,14,42:33.0,99813
85,1,00:00.0,00:00.0,25,25.1,60,60,14,42:33.0,99829
85,1,30:00.0,30:00.0,25,25.1,60,58.9,14,42:33.0,99840
85,1,00:00.0,00:00.0,25,25,60,59.7,14,42:33.0,99863
85,2,00:00.0,00:00.0,40,40,75,75.6,14,51:22.0,99893
85,2,30:00.0,30:00.0,40,40.1,75,75.1,14,51:22.0,99917
85,2,00:00.0,00:00.0,40,40,75,75.3,14,51:22.0,99941
85,1,00:00.0,00:00.0,25,24.9,60,60.2,14,50:40.0,99963
85,1,00:00.0,00:00.0,25,24.9,60,59.9,14,50:40.0,99979
85,1,30:00.0,30:00.0,25,25,60,59.6,14,01:24.0,100105
85,2,30:00.0,30:00.0,40,40,75,75.1,14,05:26.0,100133
85,2,00:00.0,00:00.0,40,39.9,75,75.3,14,05:26.0,100163
85,2,00:00.0,00:00.0,40,40,75,75.2,14,05:26.0,100191
85,2,00:00.0,00:00.0,40,40,75,75.1,14,05:26.0,100211
85,2,00:00.0,00:00.0,40,40,75,76.2,14,05:26.0,100241
85,2,30:00.0,30:00.0,40,40,75,75.2,14,05:26.0,100260
85,1,30:00.0,30:00.0,25,24.9,60,59.5,14,46:20.0,100292
85,1,30:00.0,30:00.0,25,24.9,60,59.9,14,46:20.0,100308
85,1,00:00.0,00:00.0,25,24.9,60,59.9,14,21:53.0,100635
85,1,30:00.0,30:00.0,25,25,60,58.8,14,40:09.0,101407
85,1,30:00.0,30:00.0,25,24.9,60,60.7,14,40:09.0,101423
85,1,30:00.0,30:00.0,25,24.9,60,59.7,14,24:43.0,101438
85,1,30:00.0,30:00.0,25,24.9,60,60.9,14,24:43.0,101454
85,1,30:00.0,30:00.0,25,24.9,60,59.6,14,24:43.0,101470
85,1,00:00.0,00:00.0,25,25.1,60,60.1,14,24:43.0,101480
85,1,00:00.0,00:00.0,25,25.1,60,59.9,14,24:43.0,101484
85,1,30:00.0,30:00.0,25,25.1,60,60.7,14,48:09.0,101487
85,2,00:00.0,00:00.0,40,40,75,74.7,14,56:20.0,101492
85,1,00:00.0,00:00.0,25,25,60,59.8,12,55:59.0,101542
85,1,00:00.0,00:00.0,25,24.9,60,60.1,14,04:49.0,104803
85,1,00:00.0,00:00.0,25,24.9,60,60.3,14,04:49.0,104816
85,1,00:00.0,00:00.0,25,24.9,60,60.1,14,04:49.0,104834
85,1,00:00.0,00:00.0,25,25,60,60.2,14,04:49.0,104844
85,1,00:00.0,00:00.0,25,25,60,60.5,14,04:49.0,104861
85,1,30:00.0,30:00.0,25,25.1,60,59.6,14,04:49.0,104877
85,1,00:00.0,00:00.0,25,25.1,60,60.2,14,04:49.0,104891
85,1,30:00.0,30:00.0,25,25.1,60,59.8,14,04:49.0,104898
85,1,00:00.0,00:00.0,25,24.7,60,60.3,14,29:14.0,104902
85,1,30:00.0,30:00.0,25,24.9,60,59.8,14,29:14.0,104924
85,1,00:00.0,00:00.0,25,24.9,60,60.4,14,34:05.0,104929
85,1,30:00.0,30:00.0,25,24.9,60,59.8,14,34:05.0,104941
85,1,30:00.0,30:00.0,25,25,60,60,14,34:05.0,104953
85,1,00:00.0,00:00.0,25,25,60,59.7,14,34:05.0,104958
85,1,00:00.0,00:00.0,25,25.1,60,59.9,14,34:05.0,104979
85,1,30:00.0,30:00.0,25,25.1,60,60,14,34:05.0,104980
85,1,30:00.0,30:00.0,25,25.8,60,61.1,14,34:05.0,105000
85,1,00:00.0,00:00.0,25,27.3,60,68.4,14,34:05.0,105011
85,1,30:00.0,30:00.0,25,25.6,60,61.8,14,34:05.0,105016
85,1,30:00.0,30:00.0,25,26.8,60,54,14,34:05.0,105023
85,1,30:00.0,30:00.0,25,26.9,60,64.5,14,34:05.0,105033
85,1,30:00.0,30:00.0,25,27.8,60,55.4,14,34:05.0,105043
85,1,30:00.0,30:00.0,25,30,60,87.4,14,34:05.0,105045
85,1,00:00.0,00:00.0,25,26,60,70.7,14,34:05.0,105052
85,1,30:00.0,30:00.0,25,28,60,57.9,14,34:05.0,105056
85,1,30:00.0,30:00.0,25,27.8,60,56.8,14,34:05.0,105067
85,1,00:00.0,00:00.0,25,25.4,60,58.6,14,34:05.0,105076
85,2,30:00.0,30:00.0,40,40.1,75,74.3,12,08:31.0,105422
85,1,00:00.0,00:00.0,25,26.4,60,79.9,12,08:47.0,105447
85,1,30:00.0,30:00.0,25,27.5,60,70.2,12,08:47.0,105448
85,1,30:00.0,30:00.0,25,27.4,60,57.6,12,08:47.0,105449
85,1,00:00.0,00:00.0,25,27.8,60,57.5,12,08:47.0,105450
85,1,30:00.0,30:00.0,25,27.6,60,58,12,08:47.0,105451
85,1,00:00.0,00:00.0,25,27,60,55.4,12,08:47.0,105452
85,1,30:00.0,30:00.0,25,26.9,60,54.3,12,08:47.0,105453
85,1,00:00.0,00:00.0,25,30.4,60,85.6,12,08:47.0,105454
85,1,30:00.0,30:00.0,25,28.1,60,73,12,08:47.0,105455
85,1,00:00.0,00:00.0,25,27.6,60,67.6,12,08:47.0,105456
85,1,30:00.0,30:00.0,25,27.5,60,63.3,12,08:47.0,105457
85,1,00:00.0,00:00.0,25,27.2,60,66.6,12,08:47.0,105458
85,1,59:00.0,59:00.0,0.2,0,0,0,12,49:41.0,99216
85,1,00:00.0,00:00.0,25,25,60,59.7,12,49:41.0,99241
85,1,00:00.0,00:00.0,25,25,60,60.2,12,49:41.0,99262
85,1,00:00.0,00:00.0,25,25,60,60.8,14,19:05.0,99272
85,1,30:00.0,30:00.0,25,25.1,60,59.8,14,19:05.0,99287
85,1,00:00.0,00:00.0,25,25.1,60,60.9,14,20:56.0,99304
85,1,30:00.0,30:00.0,25,25.1,60,61,14,20:56.0,99317
85,1,00:00.0,00:00.0,25,25,60,60.5,14,20:56.0,99324
85,1,00:00.0,00:00.0,25,25.1,60,60.4,14,20:56.0,99334
85,1,00:00.0,00:00.0,25,25,60,60.3,14,40:09.0,101406
85,2,30:00.0,30:00.0,40,40.2,75,74.2,12,25:47.0,101301
85,2,00:00.0,00:00.0,40,40.1,75,74.4,12,25:47.0,101302
85,1,00:00.0,00:00.0,25,24.9,60,60.6,14,40:09.0,101422
85,1,00:00.0,00:00.0,25,24.9,60,59.1,14,24:43.0,101437
85,1,00:00.0,00:00.0,25,25,60,59.9,14,24:43.0,101453
85,1,00:00.0,00:00.0,25,24.9,60,60,14,24:43.0,101469
85,2,30:00.0,30:00.0,40,40,75,74.8,14,56:20.0,101489
85,2,00:00.0,00:00.0,40,40,75,75.4,14,56:35.0,101509
85,1,30:00.0,30:00.0,25,25,60,60.2,12,55:59.0,101543
85,1,00:00.0,00:00.0,25,25.1,60,59.7,12,48:04.0,101772
85,1,00:00.0,00:00.0,25,25.1,60,59.9,14,03:00.0,101778
85,1,30:00.0,30:00.0,25,25.2,60,60.3,14,03:00.0,101794
85,1,30:00.0,30:00.0,25,25.1,60,59.8,14,03:00.0,101819
85,1,30:00.0,30:00.0,25,25,60,60.5,14,03:00.0,101833
85,1,00:00.0,00:00.0,25,24.9,60,61,14,03:00.0,101842
85,1,00:00.0,00:00.0,25,24.9,60,59,14,03:00.0,101852
85,2,00:00.0,00:00.0,40,39.9,75,75.9,12,04:20.0,102663
85,1,00:00.0,00:00.0,25,25.1,60,59.5,12,06:34.0,102664
85,2,30:00.0,30:00.0,40,40,75,75,12,44:51.0,102666
85,1,30:00.0,30:00.0,25,25.1,60,60.2,12,09:00.0,102693
85,2,30:00.0,30:00.0,40,40,75,77,12,28:22.0,102710
85,2,00:00.0,00:00.0,40,39.9,75,76,12,30:47.0,102712
85,2,00:00.0,00:00.0,40,40,75,75.8,12,52:13.0,102716
85,2,30:00.0,30:00.0,40,39.4,75,73.9,12,52:13.0,102717
85,1,30:00.0,30:00.0,25,25.1,60,60.3,14,16:37.0,102720
85,1,00:00.0,00:00.0,25,25.1,60,59.5,14,16:37.0,102735
85,1,00:00.0,00:00.0,25,25,60,59.7,14,16:37.0,102751
85,1,00:00.0,00:00.0,25,25,60,60.5,14,23:21.0,102788
85,1,30:00.0,30:00.0,25,24.9,60,60.2,14,23:21.0,102803
85,1,30:00.0,30:00.0,25,24.9,60,60.2,12,49:16.0,102815
85,1,00:00.0,00:00.0,25,24.9,60,58.9,12,49:16.0,102830
85,2,30:00.0,30:00.0,40,40,75,73.7,12,51:05.0,102846
85,2,30:00.0,30:00.0,40,39.5,75,74,12,55:32.0,102867
85,2,30:00.0,30:00.0,40,40,75,75.2,12,55:32.0,102883
85,1,00:00.0,00:00.0,25,24.9,60,60.2,12,08:15.0,102893
85,1,30:00.0,30:00.0,25,25,60,60.2,12,08:15.0,102907
85,1,00:00.0,00:00.0,25,25.1,60,59.8,12,08:15.0,102923
85,1,30:00.0,30:00.0,25,25.1,60,60.7,12,08:15.0,102940
85,2,00:00.0,00:00.0,40,40,75,74.5,12,11:59.0,102957
85,2,30:00.0,30:00.0,40,40,75,75.3,12,11:59.0,102972
85,2,30:00.0,30:00.0,40,40,75,73.3,12,11:59.0,102986
85,2,00:00.0,00:00.0,40,39.9,75,76.4,12,11:59.0,103030
85,2,00:00.0,00:00.0,40,40,75,74.3,12,11:59.0,103050
85,2,30:00.0,30:00.0,40,40,75,74.7,12,11:59.0,103067
85,1,30:00.0,30:00.0,25,25.1,60,60.3,12,19:20.0,103088
85,1,30:00.0,30:00.0,25,25.1,60,59.4,12,19:44.0,103090
85,1,30:00.0,30:00.0,25,25.1,60,60,12,19:44.0,103107
85,1,30:00.0,30:00.0,25,25,60,59.9,12,19:44.0,103119
85,1,30:00.0,30:00.0,25,25,60,60.5,12,19:44.0,103136
85,1,30:00.0,30:00.0,25,24.9,60,60.3,12,19:44.0,103153
85,1,00:00.0,00:00.0,25,24.8,60,60,12,19:44.0,103174
85,1,00:00.0,00:00.0,25,25,60,59.6,12,02:42.0,103181
85,1,03:00.0,03:00.0,1.6,0,0,0,12,04:16.0,103183
85,2,00:00.0,00:00.0,40,40,75,73.2,12,01:42.0,103189
85,2,04:00.0,04:00.0,3.2,0,0,0,12,04:04.0,103190
85,2,19:00.0,19:00.0,3.2,0,0,0,12,31:41.0,103211
85,1,00:00.0,00:00.0,25,24.9,60,60.5,12,43:29.0,103216
85,1,30:00.0,30:00.0,25,24.9,60,60.5,14,15:14.0,103228
85,1,30:00.0,30:00.0,25,25.2,60,59.6,14,46:25.0,103405
85,1,00:00.0,00:00.0,25,25,60,59.4,14,46:25.0,103419
85,2,30:00.0,30:00.0,40,40.1,75,75.1,14,52:10.0,103433
85,1,00:00.0,00:00.0,25,25,60,60.5,14,52:48.0,103436
85,1,00:00.0,00:00.0,25,24.9,60,60.6,14,52:48.0,103452
85,2,30:00.0,30:00.0,40,40.2,75,75,14,54:35.0,103463
85,2,00:00.0,00:00.0,40,40,75,73.7,14,54:35.0,103474
85,2,30:00.0,30:00.0,40,40,75,78.8,14,54:35.0,103485
85,2,30:00.0,30:00.0,40,40,75,75.3,14,54:35.0,103497
85,2,30:00.0,30:00.0,40,39.9,75,76.6,14,54:35.0,103514
85,1,00:00.0,00:00.0,25,24.9,60,60,14,14:47.0,103518
85,1,00:00.0,00:00.0,25,24.9,60,60,14,14:47.0,103531
85,1,00:00.0,00:00.0,25,24.9,60,59.8,14,20:28.0,103537
85,1,00:00.0,00:00.0,25,25,60,59.1,14,20:28.0,103550
85,1,00:00.0,00:00.0,25,25,60,60,14,20:28.0,103561
85,2,00:00.0,00:00.0,40,40,75,75.4,12,27:39.0,103574
85,2,00:00.0,00:00.0,40,40,75,77.5,12,27:39.0,103589
85,2,00:00.0,00:00.0,40,40,75,73.7,12,27:39.0,103605
85,1,30:00.0,30:00.0,25,25,60,61,12,23:43.0,103614
85,1,00:00.0,00:00.0,25,25.1,60,58.9,12,23:43.0,103629
85,1,30:00.0,30:00.0,25,25.1,60,60.2,12,23:43.0,103645
85,1,30:00.0,30:00.0,25,25.1,60,59.8,12,23:43.0,103653
85,2,00:00.0,00:00.0,40,40,75,77.2,12,27:01.0,103671
85,1,00:00.0,00:00.0,25,25.1,60,60.7,12,49:41.0,99229
85,1,30:00.0,30:00.0,25,25,60,59.7,14,19:05.0,99279
85,1,30:00.0,30:00.0,25,25.1,60,60.3,14,20:56.0,99303
85,2,00:00.0,00:00.0,40,40.1,75,75.1,12,22:40.0,99350
85,1,00:00.0,00:00.0,25,25.1,60,59.6,14,20:56.0,99320
85,1,30:00.0,30:00.0,25,25.1,60,60.2,14,20:56.0,99329
85,2,00:00.0,00:00.0,40,40,75,74.7,12,22:40.0,99366
85,2,00:00.0,00:00.0,40,39.8,75,75.4,12,22:40.0,99382
85,2,00:00.0,00:00.0,40,39.9,75,75.2,12,22:40.0,99401
85,2,00:00.0,00:00.0,40,40,75,74.5,12,22:40.0,99423
85,2,16:00.0,16:00.0,40,40,75,75.1,14,13:15.0,99468
85,1,15:00.0,15:00.0,0.2,0,0,0,12,05:21.0,99498
85,1,00:00.0,00:00.0,25,25.1,60,60.1,14,14:25.0,99521
85,1,30:00.0,30:00.0,25,25,60,60.7,14,14:25.0,99536
85,2,30:00.0,30:00.0,40,39.9,75,75.1,14,27:47.0,99559
85,2,00:00.0,00:00.0,40,39.8,75,75.6,14,27:47.0,99583
85,2,00:00.0,00:00.0,40,40.1,75,74.9,14,27:47.0,99611
85,2,00:00.0,00:00.0,40,40,75,74.5,14,27:47.0,99627
85,2,30:00.0,30:00.0,40,40.1,75,74.5,14,27:47.0,99650
85,2,00:00.0,00:00.0,40,40,75,74.7,12,10:05.0,99665
85,1,30:00.0,30:00.0,25,24.9,60,60.5,14,44:10.0,99717
85,1,30:00.0,30:00.0,25,24.9,60,59.5,14,44:10.0,99733
85,2,30:00.0,30:00.0,40,40,75,74.8,14,52:11.0,99757
85,2,30:00.0,30:00.0,40,40,75,74.9,14,52:11.0,99773
85,1,30:00.0,30:00.0,25,25,60,59.3,14,42:33.0,99795
85,1,00:00.0,00:00.0,25,25.1,60,59.3,14,42:33.0,99811
85,1,00:00.0,00:00.0,25,25.1,60,59.5,14,42:33.0,99817
85,1,30:00.0,30:00.0,25,25.1,60,60.4,14,42:33.0,99832
85,1,30:00.0,30:00.0,25,25.1,60,60,14,42:33.0,99846
85,1,00:00.0,00:00.0,25,25,60,59.7,14,42:33.0,99859
85,1,30:00.0,30:00.0,25,25,60,60.6,14,42:33.0,99870
85,2,00:00.0,00:00.0,40,40.1,75,74.7,14,51:22.0,99891
85,2,30:00.0,30:00.0,40,40,75,74.4,14,51:22.0,99909
85,2,00:00.0,00:00.0,40,40,75,75.3,14,51:22.0,99918
85,2,30:00.0,30:00.0,40,40,75,75,14,51:22.0,99931
85,2,00:00.0,00:00.0,40,40,75,75.1,14,51:22.0,99945
85,1,00:00.0,00:00.0,25,24.9,60,59.3,14,50:40.0,99961
85,1,00:00.0,00:00.0,25,24.9,60,60.3,14,50:40.0,99977
85,1,30:00.0,30:00.0,25,24.9,60,59.7,14,50:40.0,99994
85,1,30:00.0,30:00.0,25,25,60,59.6,14,01:24.0,100103
85,2,30:00.0,30:00.0,40,39.8,75,75.2,14,05:26.0,100131
85,2,00:00.0,00:00.0,40,40.1,75,75.1,14,05:26.0,100157
85,2,00:00.0,00:00.0,40,40,75,74.7,14,05:26.0,100171
85,2,30:00.0,30:00.0,40,40.1,75,75.1,14,05:26.0,100182
85,2,00:00.0,00:00.0,40,40,75,75.4,14,05:26.0,100197
85,2,30:00.0,30:00.0,40,39.9,75,74.7,14,05:26.0,100212
85,2,00:00.0,00:00.0,40,40.2,75,74.7,14,05:26.0,100227
85,2,30:00.0,30:00.0,40,39.9,75,72.5,14,05:26.0,100242
85,2,00:00.0,00:00.0,40,39.9,75,73.9,14,05:26.0,100251
85,2,30:00.0,30:00.0,40,40,75,74.9,14,05:26.0,100264
85,2,00:00.0,00:00.0,40,40,75,75.6,14,05:26.0,100277
85,1,30:00.0,30:00.0,25,24.9,60,59.5,14,46:20.0,100290
85,1,30:00.0,30:00.0,25,24.9,60,59.5,14,46:20.0,100306
85,1,00:00.0,00:00.0,25,24.9,60,60.3,14,21:53.0,100633
85,2,00:00.0,00:00.0,40,40,75,75,12,25:47.0,101316
85,2,00:00.0,00:00.0,40,40,75,75.7,14,23:15.0,103382
85,2,30:00.0,30:00.0,40,40,75,75.3,14,23:15.0,103383
85,2,00:00.0,00:00.0,40,40,75,75.1,14,23:15.0,103384
85,2,30:00.0,30:00.0,40,40,75,74.2,14,23:15.0,103385
85,2,00:00.0,00:00.0,40,40,75,75.1,14,23:15.0,103386
85,2,30:00.0,30:00.0,40,40,75,75.3,14,23:15.0,103387
85,2,00:00.0,00:00.0,40,40.1,75,74.4,14,23:15.0,103388
85,1,00:00.0,00:00.0,25,25.1,60,60.2,14,46:25.0,103404
85,1,00:00.0,00:00.0,25,25.1,60,59.5,14,46:25.0,103421
85,1,30:00.0,30:00.0,25,25,60,60.1,14,52:48.0,103437
85,2,30:00.0,30:00.0,40,40,75,77.6,14,54:35.0,103477
85,2,00:00.0,00:00.0,40,40.1,75,75,14,54:35.0,103498
85,1,30:00.0,30:00.0,25,24.9,60,60.1,14,14:47.0,103519
85,1,30:00.0,30:00.0,25,24.9,60,58.4,14,14:47.0,103530
85,2,00:00.0,00:00.0,40,39.9,75,74.7,14,57:13.0,105367
85,1,00:00.0,00:00.0,25,25,60,60.6,14,20:28.0,103546
85,1,00:00.0,00:00.0,25,25,60,59.9,14,20:28.0,103559
85,2,30:00.0,30:00.0,40,40,75,77.5,14,22:04.0,103568
85,2,30:00.0,30:00.0,40,40,75,77.4,12,27:39.0,103575
85,2,00:00.0,00:00.0,40,40,75,75,12,27:39.0,103591
85,2,00:00.0,00:00.0,40,40.1,75,74.8,12,27:39.0,103607
85,1,00:00.0,00:00.0,25,25,60,60.6,12,23:43.0,103615
85,1,00:00.0,00:00.0,25,25.1,60,59.6,12,23:43.0,103631
85,1,30:00.0,30:00.0,25,25.1,60,60.4,12,23:43.0,103647
85,2,30:00.0,30:00.0,40,40.1,75,77.4,12,27:01.0,103662
85,2,30:00.0,30:00.0,40,40.1,75,74.6,12,27:01.0,103666
85,2,30:00.0,30:00.0,40,40,75,79,14,57:13.0,105368
85,2,00:00.0,00:00.0,40,40,75,77.2,14,57:13.0,105369
85,2,30:00.0,30:00.0,40,39.9,75,76.2,14,57:13.0,105370
85,2,00:00.0,00:00.0,40,39.9,75,74.1,14,57:13.0,105371
85,2,30:00.0,30:00.0,40,39.9,75,74.2,14,57:13.0,105372
85,2,00:00.0,00:00.0,40,39.9,75,74.2,14,57:13.0,105373
85,2,30:00.0,30:00.0,40,40,75,78.9,14,57:13.0,105374
85,2,00:00.0,00:00.0,40,40,75,77.9,14,57:13.0,105375
85,2,30:00.0,30:00.0,40,39.9,75,77,14,57:13.0,105376
85,2,00:00.0,00:00.0,40,39.9,75,76.6,14,57:13.0,105377
85,2,30:00.0,30:00.0,40,40,75,75.4,14,57:13.0,105378
85,2,00:00.0,00:00.0,40,40,75,74.5,14,57:13.0,105379
85,2,00:00.0,00:00.0,40,40,75,74.7,12,22:40.0,99348
85,1,30:00.0,30:00.0,25,25,60,59.6,12,49:41.0,99240
85,1,00:00.0,00:00.0,25,24.9,60,60,12,49:41.0,99264
85,1,30:00.0,30:00.0,25,25,60,59.4,14,19:05.0,99277
85,1,00:00.0,00:00.0,25,25.1,60,60.4,14,20:56.0,99298
85,1,30:00.0,30:00.0,25,25.1,60,60.4,14,20:56.0,99313
85,1,30:00.0,30:00.0,25,25.1,60,60.2,14,20:56.0,99323
85,1,00:00.0,00:00.0,25,25.2,60,60.3,14,20:56.0,99332
85,2,00:00.0,00:00.0,40,40,75,74.5,12,22:40.0,99364
85,2,00:00.0,00:00.0,40,40,75,74.9,12,22:40.0,99380
85,2,30:00.0,30:00.0,40,40,75,74.8,12,22:40.0,99396
85,2,12:00.0,12:00.0,40,40,75,75.4,14,13:15.0,99466
85,1,11:00.0,11:00.0,1.6,0,0,0,12,05:21.0,99496
85,1,00:00.0,00:00.0,25,25.1,60,59.9,14,14:25.0,99519
85,2,30:00.0,30:00.0,40,40,75,74.7,14,27:47.0,99561
85,2,30:00.0,30:00.0,40,40,75,74.7,14,27:47.0,99575
85,2,00:00.0,00:00.0,40,39.9,75,75.1,14,27:47.0,99587
85,2,00:00.0,00:00.0,40,40,75,75.2,14,27:47.0,99607
85,2,30:00.0,30:00.0,40,40.1,75,74.6,14,27:47.0,99620
85,2,00:00.0,00:00.0,40,40.1,75,75.2,14,27:47.0,99633
85,2,30:00.0,30:00.0,40,40,75,74.9,14,27:47.0,99634
85,2,00:00.0,00:00.0,40,40,75,75,12,10:05.0,99663
85,2,30:00.0,30:00.0,40,39.9,75,74.7,12,10:05.0,99684
85,1,30:00.0,30:00.0,25,24.9,60,60.1,14,44:10.0,99715
85,1,30:00.0,30:00.0,25,24.9,60,60.2,14,44:10.0,99731
85,2,30:00.0,30:00.0,40,40.1,75,74.6,14,52:11.0,99755
85,1,30:00.0,30:00.0,25,25,60,60.8,14,42:33.0,99793
85,1,30:00.0,30:00.0,25,25,60,60.7,14,42:33.0,99809
85,1,30:00.0,30:00.0,25,25.1,60,61.1,14,42:33.0,99824
85,1,00:00.0,00:00.0,25,25.1,60,60.2,14,42:33.0,99839
85,1,30:00.0,30:00.0,25,25.1,60,58.8,14,42:33.0,99854
85,1,00:00.0,00:00.0,25,25,60,60.9,14,42:33.0,99869
85,2,00:00.0,00:00.0,40,40,75,74.8,14,51:22.0,99889
85,2,30:00.0,30:00.0,40,40,75,74.4,14,51:22.0,99903
85,2,00:00.0,00:00.0,40,40.1,75,75.3,14,51:22.0,99928
85,1,00:00.0,00:00.0,25,24.9,60,60.2,14,50:40.0,99959
85,1,00:00.0,00:00.0,25,24.9,60,60.5,14,50:40.0,99975
85,1,00:00.0,00:00.0,25,24.9,60,60,14,50:40.0,99997
85,1,00:00.0,00:00.0,25,25,60,60.4,14,50:40.0,100009
85,1,00:00.0,00:00.0,25,25,60,60.8,14,50:40.0,100022
85,1,30:00.0,30:00.0,25,25.1,60,60,14,50:40.0,100029
85,1,30:00.0,30:00.0,25,25.1,60,60.2,14,50:40.0,100043
85,1,00:00.0,00:00.0,25,25.1,60,59.5,14,50:40.0,100052
85,1,30:00.0,30:00.0,25,25.1,60,60,14,50:40.0,100063
85,1,30:00.0,30:00.0,25,25,60,59.9,14,01:24.0,100101
85,1,30:00.0,30:00.0,25,24.9,60,60.2,14,01:24.0,100115
85,2,30:00.0,30:00.0,40,40,75,75.2,14,05:26.0,100129
85,2,00:00.0,00:00.0,40,39.9,75,75.2,14,05:26.0,100151
85,2,00:00.0,00:00.0,40,39.9,75,75.4,14,05:26.0,100169
85,2,30:00.0,30:00.0,40,40.1,75,75,14,05:26.0,100192
85,2,30:00.0,30:00.0,40,40,75,74.8,14,05:26.0,100214
85,2,00:00.0,00:00.0,40,40,75,75.2,14,05:26.0,100233
85,2,30:00.0,30:00.0,40,39.9,75,74.6,14,05:26.0,100246
85,2,00:00.0,00:00.0,40,39.9,75,74.5,14,05:26.0,100259
85,2,30:00.0,30:00.0,40,39.8,75,74.6,14,05:26.0,100276
85,1,30:00.0,30:00.0,25,24.9,60,59.9,14,46:20.0,100288
85,1,30:00.0,30:00.0,25,24.9,60,60.2,14,46:20.0,100304
85,1,30:00.0,30:00.0,25,25,60,60.1,14,46:20.0,100320
85,1,00:00.0,00:00.0,25,24.9,60,60,14,46:20.0,100325
85,1,30:00.0,30:00.0,25,25.1,60,58.7,14,46:20.0,100343
85,1,00:00.0,00:00.0,25,25.1,60,60,14,46:20.0,100360
85,1,00:00.0,00:00.0,25,25.1,60,59.6,14,46:20.0,100393
85,2,30:00.0,30:00.0,40,40,75,74.6,14,51:49.0,100432
85,2,30:00.0,30:00.0,40,39.9,75,75,14,51:49.0,100434
85,2,00:00.0,00:00.0,40,40,75,74.9,14,51:49.0,100441
85,2,30:00.0,30:00.0,40,40.1,75,75,14,51:49.0,100447
85,2,00:00.0,00:00.0,40,40,75,75,14,51:49.0,100450
85,2,00:00.0,00:00.0,40,40,75,74.9,14,51:49.0,100459
85,2,00:00.0,00:00.0,40,40,75,75.3,14,51:49.0,100462
85,2,00:00.0,00:00.0,40,40,75,75,14,51:49.0,100468
85,2,00:00.0,00:00.0,40,40.1,75,75.5,14,51:49.0,100474
85,2,30:00.0,30:00.0,40,40.2,75,74.6,14,51:49.0,100477
85,2,30:00.0,30:00.0,40,40.1,75,74.9,14,51:49.0,100485
85,2,00:00.0,00:00.0,40,40.1,75,74.9,14,51:49.0,100490
85,2,00:00.0,00:00.0,40,39.9,75,74.9,14,51:49.0,100494
85,2,00:00.0,00:00.0,40,40,75,75,14,51:49.0,100502
85,1,00:00.0,00:00.0,25,24.9,60,60.2,14,21:53.0,100631
85,2,30:00.0,30:00.0,40,40.1,75,75,14,51:49.0,100511
85,2,30:00.0,30:00.0,40,40.1,75,74.9,14,51:49.0,100517
85,2,30:00.0,30:00.0,40,39.9,75,74.5,14,51:49.0,100521
85,2,30:00.0,30:00.0,40,40,75,74.6,14,51:49.0,100531
85,2,00:00.0,00:00.0,40,40.2,75,74.1,14,51:49.0,100532
85,2,00:00.0,00:00.0,40,39.8,75,74.8,14,51:49.0,100544
85,2,00:00.0,00:00.0,40,40,75,74.9,14,51:49.0,100546
85,2,30:00.0,30:00.0,40,39.9,75,75.1,14,51:49.0,100555
85,2,00:00.0,00:00.0,40,39.9,75,74.8,14,51:49.0,100566
85,2,00:00.0,00:00.0,40,39.9,75,74.9,14,51:49.0,100568
85,2,00:00.0,00:00.0,40,40,75,75.3,14,51:49.0,100576
85,2,30:00.0,30:00.0,40,40,75,74.8,14,51:49.0,100585
85,2,00:00.0,00:00.0,40,39.9,75,75.5,14,51:49.0,100596
85,2,00:00.0,00:00.0,40,40,75,75.1,14,51:49.0,100604
85,2,00:00.0,00:00.0,40,40.1,75,74.9,14,51:49.0,100612
85,2,30:00.0,30:00.0,40,40,75,74.3,14,51:49.0,100621
85,1,30:00.0,30:00.0,25,25.1,60,60.6,12,49:41.0,99232
85,1,00:00.0,00:00.0,25,24.9,60,59.8,14,19:05.0,99267
85,1,00:00.0,00:00.0,25,25,60,60.6,14,19:05.0,99282
85,1,30:00.0,30:00.0,25,25.1,60,60.5,14,19:05.0,99291
85,1,30:00.0,30:00.0,25,25,60,60.3,14,20:56.0,99293
85,1,00:00.0,00:00.0,25,25.1,60,60.1,14,20:56.0,99308
85,1,00:00.0,00:00.0,25,25.1,60,60.6,14,20:56.0,99312
85,1,30:00.0,30:00.0,25,25.1,60,60,14,20:56.0,99331
85,2,00:00.0,00:00.0,40,40.1,75,76.1,12,22:40.0,99338
85,2,30:00.0,30:00.0,40,40,75,74.8,12,22:40.0,99353
85,2,30:00.0,30:00.0,40,40.1,75,74.9,12,22:40.0,99369
85,2,30:00.0,30:00.0,40,39.9,75,74.8,12,22:40.0,99385
85,2,30:00.0,30:00.0,40,40,75,75.2,12,40:31.0,99444
85,2,42:00.0,42:00.0,40,39.9,75,75.6,12,51:20.0,99450
85,2,46:00.0,46:00.0,40,40,75,74.5,12,52:42.0,99452
85,1,57:00.0,57:00.0,6.1,0,0,0,12,58:01.0,99454
85,2,50:00.0,50:00.0,40,40,75,75.1,14,13:15.0,99455
85,1,16:00.0,16:00.0,0.2,0,0,0,12,05:21.0,99485
85,1,00:00.0,00:00.0,25,24.1,60,91.1,12,05:21.0,99503
85,1,08:00.0,08:00.0,3.2,0,0,0,14,14:25.0,99509
85,2,00:00.0,00:00.0,40,40.1,75,74.8,14,27:47.0,99562
85,1,30:00.0,30:00.0,25,25,60,60.2,12,09:26.0,99653
85,2,00:00.0,00:00.0,40,40.1,75,75.1,14,27:47.0,99595
85,2,00:00.0,00:00.0,40,40,75,75.2,14,27:47.0,99629
85,2,30:00.0,30:00.0,40,40,75,75.2,12,10:05.0,99668
85,2,30:00.0,30:00.0,40,40,75,75.3,12,10:05.0,99678
85,2,30:00.0,30:00.0,40,40,75,74.8,12,13:13.0,99686
85,2,00:00.0,00:00.0,40,39.9,75,75.3,12,13:13.0,99695
85,2,30:00.0,30:00.0,40,40,75,74.9,12,13:13.0,99702
85,1,00:00.0,00:00.0,25,24.9,60,60.3,14,44:10.0,99705
85,1,00:00.0,00:00.0,25,24.9,60,60,14,44:10.0,99720
85,1,30:00.0,30:00.0,25,25,60,59,14,44:10.0,99736
85,2,30:00.0,30:00.0,40,40,75,75,14,52:11.0,99743
85,2,00:00.0,00:00.0,40,40,75,75,14,52:11.0,99752
85,2,00:00.0,00:00.0,40,40,75,75.2,14,52:11.0,99760
85,1,30:00.0,30:00.0,25,24.9,60,61,14,42:33.0,99783
85,2,30:00.0,30:00.0,40,40,75,74.9,14,52:11.0,99775
85,1,00:00.0,00:00.0,25,25,60,59.1,14,42:33.0,99798
85,1,30:00.0,30:00.0,25,25.1,60,59.9,14,42:33.0,99814
85,1,30:00.0,30:00.0,25,25.1,60,60.1,14,42:33.0,99826
85,1,30:00.0,30:00.0,25,25.2,60,60.2,14,42:33.0,99834
85,1,00:00.0,00:00.0,25,25.1,60,60.3,14,42:33.0,99841
85,1,30:00.0,30:00.0,25,25.1,60,60.8,14,42:33.0,99850
85,1,30:00.0,30:00.0,25,25,60,59.6,14,42:33.0,99858
85,1,30:00.0,30:00.0,25,25,60,59.6,14,42:33.0,99868
85,2,30:00.0,30:00.0,40,39.9,75,75,14,51:22.0,99880
85,2,30:00.0,30:00.0,40,39.9,75,75.4,14,51:22.0,99894
85,2,00:00.0,00:00.0,40,39.9,75,75,14,51:22.0,99897
85,2,30:00.0,30:00.0,40,40.1,75,75,14,51:22.0,99915
85,2,30:00.0,30:00.0,40,40,75,74.8,14,51:22.0,99929
85,2,00:00.0,00:00.0,40,40,75,75,14,51:22.0,99935
85,2,30:00.0,30:00.0,40,40,75,74.8,14,10:50.0,99948
85,1,30:00.0,30:00.0,25,24.9,60,59.6,14,50:40.0,99964
85,1,30:00.0,30:00.0,25,24.9,60,59.5,14,50:40.0,99980
85,1,30:00.0,30:00.0,25,24.9,60,60.2,14,50:40.0,99998
85,1,00:00.0,00:00.0,25,25,60,60.2,14,01:24.0,100104
85,1,30:00.0,30:00.0,25,25.1,60,60.1,14,50:40.0,100039
85,1,30:00.0,30:00.0,25,25.1,60,60.6,14,50:40.0,100055
85,2,30:00.0,30:00.0,40,40,75,75.1,14,55:22.0,100070
85,2,00:00.0,00:00.0,40,39.9,75,75.3,14,05:26.0,100132
85,2,30:00.0,30:00.0,40,40,75,75.2,14,05:26.0,100160
85,2,30:00.0,30:00.0,40,40.1,75,75,14,05:26.0,100180
85,2,30:00.0,30:00.0,40,40,75,75,14,05:26.0,100208
85,2,30:00.0,30:00.0,40,40,75,75.5,14,05:26.0,100232
85,2,00:00.0,00:00.0,40,39.9,75,75.6,14,05:26.0,100243
85,2,00:00.0,00:00.0,40,39.9,75,74.5,14,05:26.0,100253
85,2,00:00.0,00:00.0,40,40,75,74.5,14,05:26.0,100270
85,1,30:00.0,30:00.0,25,25.1,60,60.1,14,46:25.0,103403
85,1,30:00.0,30:00.0,25,25,60,60,14,46:25.0,103420
85,2,00:00.0,00:00.0,40,40,75,75.5,14,52:10.0,103434
85,2,00:00.0,00:00.0,40,39.9,75,76.6,14,57:13.0,105396
85,1,30:00.0,30:00.0,25,24.9,60,59,14,52:48.0,103443
85,1,30:00.0,30:00.0,25,24.9,60,60,14,52:48.0,103453
85,1,00:00.0,00:00.0,25,24.9,60,60.4,14,52:48.0,103460
85,2,30:00.0,30:00.0,40,40,75,74.5,14,54:35.0,103475
85,2,00:00.0,00:00.0,40,40,75,77.8,14,54:35.0,103476
85,2,00:00.0,00:00.0,40,40,75,75.3,14,54:35.0,103492
85,2,30:00.0,30:00.0,40,40,75,74.7,14,54:35.0,103495
85,2,00:00.0,00:00.0,40,40,75,75.5,14,54:35.0,103506
85,2,30:00.0,30:00.0,40,40,75,74.9,14,54:35.0,103507
85,1,30:00.0,30:00.0,25,24.9,60,60.9,14,14:47.0,103517
85,1,30:00.0,30:00.0,25,24.9,60,60.2,14,14:47.0,103532
85,1,30:00.0,30:00.0,25,24.9,60,60.2,14,20:28.0,103536
85,1,00:00.0,00:00.0,25,24.9,60,60.5,14,20:28.0,103548
85,2,00:00.0,00:00.0,40,40.1,75,74.1,14,22:04.0,103565
85,1,00:00.0,00:00.0,25,27.4,60,60.4,12,07:26.0,105408
85,2,30:00.0,30:00.0,40,40,75,75.3,12,27:39.0,103590
85,2,30:00.0,30:00.0,40,40.1,75,73.6,12,27:39.0,103606
85,1,00:00.0,00:00.0,25,25,60,61.1,12,23:43.0,103613
85,1,30:00.0,30:00.0,25,25.1,60,61.2,12,23:43.0,103630
85,1,00:00.0,00:00.0,25,25.1,60,60.7,12,23:43.0,103646
85,1,00:00.0,00:00.0,25,25.1,60,59.4,12,23:43.0,103654
85,1,30:00.0,30:00.0,25,25.1,60,59.9,12,49:41.0,99225
85,1,00:00.0,00:00.0,25,25.1,60,60.6,12,49:41.0,99235
85,1,00:00.0,00:00.0,25,25,60,59.4,12,49:41.0,99248
85,1,30:00.0,30:00.0,25,25,60,58.6,12,49:41.0,99259
85,1,30:00.0,30:00.0,25,25,60,61,14,19:05.0,99275
85,1,30:00.0,30:00.0,25,25.1,60,60.1,14,20:56.0,99307
85,2,00:00.0,00:00.0,40,40.1,75,74.8,12,22:40.0,99346
85,2,00:00.0,00:00.0,40,40,75,74.8,12,22:40.0,99362
85,2,00:00.0,00:00.0,40,39.9,75,75.3,12,22:40.0,99378
85,2,30:00.0,30:00.0,40,40.1,75,75.2,12,22:40.0,99394
85,2,30:00.0,30:00.0,40,40,75,75.4,12,22:40.0,99406
85,2,30:00.0,30:00.0,40,40,75,75.2,12,22:40.0,99408
85,2,00:00.0,00:00.0,40,40,75,75.1,12,22:40.0,99421
85,2,30:00.0,30:00.0,40,39.9,75,75.2,12,22:40.0,99422
85,2,16:00.0,16:00.0,40,40.1,75,75.2,12,22:40.0,99437
85,2,08:00.0,08:00.0,40,40,75,75.2,14,13:15.0,99464
85,1,10:00.0,10:00.0,42,888.8,0,0,12,05:21.0,99494
85,1,00:00.0,00:00.0,25,25.1,60,60.5,14,14:25.0,99517
85,1,00:00.0,00:00.0,25,25.1,60,59.3,14,14:25.0,99531
85,1,00:00.0,00:00.0,25,25,60,59.4,14,14:25.0,99547
85,2,30:00.0,30:00.0,40,40.1,75,74.5,14,27:47.0,99555
85,2,00:00.0,00:00.0,40,40,75,75.3,14,27:47.0,99571
85,2,00:00.0,00:00.0,40,40.2,75,75.1,14,27:47.0,99589
85,2,00:00.0,00:00.0,40,40.1,75,74.8,14,27:47.0,99599
85,2,00:00.0,00:00.0,40,40.1,75,75.3,14,27:47.0,99615
85,2,00:00.0,00:00.0,40,40.1,75,74.8,14,27:47.0,99625
85,2,00:00.0,00:00.0,40,40.1,75,74.9,14,27:47.0,99639
85,1,30:00.0,30:00.0,25,25,60,60.2,12,09:26.0,99661
85,2,00:00.0,00:00.0,40,40,75,75,12,10:05.0,99677
85,2,00:00.0,00:00.0,40,39.7,75,74.9,12,13:13.0,99693
85,1,30:00.0,30:00.0,25,24.9,60,59.9,14,44:10.0,99713
85,1,30:00.0,30:00.0,25,24.9,60,60.2,14,44:10.0,99729
85,2,30:00.0,30:00.0,40,40,75,75.6,14,52:11.0,99753
85,2,00:00.0,00:00.0,40,40.2,75,75.4,14,52:11.0,99776
85,1,30:00.0,30:00.0,25,25,60,60.5,14,42:33.0,99791
85,1,30:00.0,30:00.0,25,25,60,60.1,14,42:33.0,99807
85,1,30:00.0,30:00.0,25,25.1,60,59.3,14,42:33.0,99822
85,1,00:00.0,00:00.0,25,25.1,60,60.7,14,42:33.0,99835
85,1,00:00.0,00:00.0,25,25.1,60,60.6,14,42:33.0,99843
85,1,00:00.0,00:00.0,25,25,60,59.8,14,42:33.0,99853
85,1,00:00.0,00:00.0,25,25,60,61,14,42:33.0,99867
85,2,00:00.0,00:00.0,40,39.9,75,75.1,14,51:22.0,99887
85,2,30:00.0,30:00.0,40,40,75,75,14,51:22.0,99898
85,2,30:00.0,30:00.0,40,40.1,75,75.2,14,51:22.0,99927
85,2,00:00.0,00:00.0,40,40,75,75.2,14,51:22.0,99947
85,1,00:00.0,00:00.0,25,24.9,60,60,14,50:40.0,99957
85,1,00:00.0,00:00.0,25,24.9,60,59.9,14,50:40.0,99973
85,1,00:00.0,00:00.0,25,24.9,60,59.8,14,50:40.0,99989
85,1,00:00.0,00:00.0,25,24.9,60,59.6,14,50:40.0,99999
85,2,30:00.0,30:00.0,40,40.3,75,74.7,14,55:22.0,100084
85,1,30:00.0,30:00.0,25,25,60,60.4,14,01:24.0,100099
85,1,00:00.0,00:00.0,25,24.9,60,59.7,14,01:24.0,100110
85,2,30:00.0,30:00.0,40,38.6,75,75.2,14,05:26.0,100127
85,2,30:00.0,30:00.0,40,40.1,75,74.6,14,05:26.0,100140
85,2,00:00.0,00:00.0,40,39.9,75,75,14,05:26.0,100153
85,2,00:00.0,00:00.0,40,40.3,75,74.6,14,05:26.0,100175
85,2,00:00.0,00:00.0,40,39.9,75,75,14,05:26.0,100193
85,2,00:00.0,00:00.0,40,40,75,74.9,14,05:26.0,100217
85,2,30:00.0,30:00.0,40,39.9,75,74.8,14,05:26.0,100228
85,2,00:00.0,00:00.0,40,39.9,75,74,14,05:26.0,100245
85,2,00:00.0,00:00.0,40,40,75,74.7,14,05:26.0,100257
85,2,00:00.0,00:00.0,40,39.8,75,75.3,14,05:26.0,100272
85,1,30:00.0,30:00.0,25,25,60,59.8,14,46:25.0,103410
85,1,30:00.0,30:00.0,25,25,60,60.3,14,46:25.0,103426
85,1,00:00.0,00:00.0,25,24.9,60,59.5,14,52:48.0,103442
85,1,30:00.0,30:00.0,25,24.9,60,59.6,14,52:48.0,103457
85,2,00:00.0,00:00.0,40,40,75,73.7,14,54:35.0,103466
85,2,00:00.0,00:00.0,40,40,75,74,14,54:35.0,103480
85,2,30:00.0,30:00.0,40,40,75,75.3,14,54:35.0,103493
85,2,00:00.0,00:00.0,40,40,75,75.3,14,54:35.0,103510
85,1,30:00.0,30:00.0,25,24.8,60,60.6,14,14:47.0,103524
85,1,30:00.0,30:00.0,25,24.9,60,60.3,14,20:28.0,103560
85,2,30:00.0,30:00.0,40,40,75,77.3,14,22:04.0,103570
85,2,00:00.0,00:00.0,40,40,75,73.6,12,27:39.0,103580
85,2,30:00.0,30:00.0,40,40,75,78.6,12,27:39.0,103596
85,1,30:00.0,30:00.0,25,25,60,61.1,12,30:41.0,103612
85,1,30:00.0,30:00.0,25,25,60,60.2,12,23:43.0,103620
85,1,30:00.0,30:00.0,25,25.1,60,58.5,12,23:43.0,103636
85,1,00:00.0,00:00.0,25,25.1,60,59.4,12,23:43.0,103652
85,2,30:00.0,30:00.0,40,40,75,78.6,12,27:01.0,103668
85,2,30:00.0,30:00.0,40,40,75,78.9,12,27:01.0,103670
85,2,30:00.0,30:00.0,40,40,75,79.8,14,57:13.0,105334
85,2,30:00.0,30:00.0,40,40,75,75.8,14,57:13.0,105344
85,2,30:00.0,30:00.0,40,39.9,75,75.8,14,57:13.0,105366
85,2,30:00.0,30:00.0,40,39.9,75,74.4,12,08:31.0,105420
85,1,30:00.0,30:00.0,25,27.3,60,55,12,08:47.0,105514
85,1,00:00.0,00:00.0,25,26.7,60,66.8,12,08:47.0,105515
85,1,30:00.0,30:00.0,25,26.8,60,74.4,12,08:47.0,105516
85,1,00:00.0,00:00.0,25,26.9,60,79.8,12,08:47.0,105517
85,1,00:00.0,00:00.0,25,27,60,59.8,12,08:47.0,105519
85,1,30:00.0,30:00.0,25,27.9,60,56.7,12,08:47.0,105520
85,1,00:00.0,00:00.0,25,24.1,60,75.4,12,08:47.0,105521
85,1,45:00.0,45:00.0,0.2,0,0,0,12,49:41.0,99217
85,1,00:00.0,00:00.0,25,25.1,60,60.4,12,49:41.0,99239
85,1,30:00.0,30:00.0,25,24.9,60,59.4,12,49:41.0,99263
85,1,30:00.0,30:00.0,25,25,60,60.6,14,19:05.0,99273
85,1,30:00.0,30:00.0,25,25,60,60.3,14,19:05.0,99289
85,1,00:00.0,00:00.0,25,25.1,60,61.4,14,20:56.0,99296
85,2,30:00.0,30:00.0,40,40.1,75,75.1,12,25:47.0,101317
85,2,00:00.0,00:00.0,40,40.1,75,75.4,12,25:47.0,101318
85,2,30:00.0,30:00.0,40,40.1,75,74.7,12,25:47.0,101319
85,2,00:00.0,00:00.0,40,40,75,75.2,12,25:47.0,101320
85,2,30:00.0,30:00.0,40,40,75,75.1,12,25:47.0,101321
85,2,00:00.0,00:00.0,40,40.1,75,74.6,12,25:47.0,101322
85,2,30:00.0,30:00.0,40,39.9,75,74.9,12,25:47.0,101323
85,2,00:00.0,00:00.0,40,40,75,75,12,25:47.0,101324
85,2,30:00.0,30:00.0,40,40.2,75,74.5,12,25:47.0,101325
85,2,00:00.0,00:00.0,40,40.1,75,75.1,12,25:47.0,101326
85,2,30:00.0,30:00.0,40,40,75,75.3,12,25:47.0,101327
85,2,00:00.0,00:00.0,40,40,75,74.8,12,25:47.0,101328
85,2,30:00.0,30:00.0,40,40.1,75,74.9,12,25:47.0,101329
85,2,00:00.0,00:00.0,40,40.2,75,75.2,12,25:47.0,101330
85,2,30:00.0,30:00.0,40,40,75,75.7,12,25:47.0,101331
85,2,00:00.0,00:00.0,40,40,75,74.6,12,25:47.0,101332
85,2,30:00.0,30:00.0,40,40,75,75.1,12,25:47.0,101333
85,2,00:00.0,00:00.0,40,39.9,75,75.8,12,25:47.0,101334
85,2,30:00.0,30:00.0,40,40.1,75,74.9,12,25:47.0,101335
85,2,00:00.0,00:00.0,40,39.9,75,75,12,25:47.0,101336
85,2,30:00.0,30:00.0,40,40.1,75,75.4,12,25:47.0,101337
85,2,00:00.0,00:00.0,40,39.9,75,75.3,12,25:47.0,101338
85,2,30:00.0,30:00.0,40,40.4,75,75,12,25:47.0,101339
85,2,00:00.0,00:00.0,40,40,75,74.9,12,25:47.0,101340
85,2,30:00.0,30:00.0,40,40,75,75.2,12,25:47.0,101341
85,1,00:00.0,00:00.0,25,27,60,65.7,12,07:26.0,105411
85,2,00:00.0,00:00.0,40,40,75,74.8,12,25:47.0,101343
85,2,30:00.0,30:00.0,40,40.1,75,74.9,12,25:47.0,101344
85,2,00:00.0,00:00.0,40,39.9,75,76.2,12,25:47.0,101345
85,2,30:00.0,30:00.0,40,40,75,75.7,12,25:47.0,101346
85,2,00:00.0,00:00.0,40,40.2,75,73.4,12,25:47.0,101347
85,2,30:00.0,30:00.0,40,39.9,75,74.8,12,25:47.0,101348
85,2,00:00.0,00:00.0,40,39.9,75,75.2,12,25:47.0,101349
85,2,30:00.0,30:00.0,40,40.3,75,74.7,12,25:47.0,101350
85,2,00:00.0,00:00.0,40,40.2,75,74.6,12,25:47.0,101351
85,2,30:00.0,30:00.0,40,40,75,75.2,12,25:47.0,101352
85,2,00:00.0,00:00.0,40,39.9,75,75.4,12,25:47.0,101353
85,2,30:00.0,30:00.0,40,40,75,75.3,12,25:47.0,101354
85,2,00:00.0,00:00.0,40,40.2,75,74.9,12,25:47.0,101355
85,2,30:00.0,30:00.0,40,40,75,74.8,12,25:47.0,101356
85,2,00:00.0,00:00.0,40,39.9,75,75.1,12,25:47.0,101357
85,2,30:00.0,30:00.0,40,40.1,75,74.9,12,25:47.0,101358
85,2,00:00.0,00:00.0,40,40,75,75.1,12,25:47.0,101359
85,2,30:00.0,30:00.0,40,40,75,75,12,25:47.0,101360
85,2,00:00.0,00:00.0,40,40.1,75,73.9,12,25:47.0,101361
85,2,30:00.0,30:00.0,40,40,75,75.5,12,25:47.0,101362
85,2,00:00.0,00:00.0,40,40.1,75,74.8,12,25:47.0,101363
85,2,30:00.0,30:00.0,40,39.9,75,75.5,12,25:47.0,101364
85,2,00:00.0,00:00.0,40,40.1,75,74.9,12,25:47.0,101365
85,2,30:00.0,30:00.0,40,40,75,75.9,12,25:47.0,101366
85,2,00:00.0,00:00.0,40,40.1,75,74.9,12,25:47.0,101367
85,2,30:00.0,30:00.0,40,39.9,75,74.9,12,25:47.0,101368
85,2,00:00.0,00:00.0,40,40,75,75.2,12,25:47.0,101369
85,2,30:00.0,30:00.0,40,40.1,75,75.2,12,25:47.0,101370
85,2,00:00.0,00:00.0,40,40,75,75.3,12,25:47.0,101371
85,2,30:00.0,30:00.0,40,40,75,75,12,25:47.0,101372
85,2,00:00.0,00:00.0,40,40,75,74.6,12,25:47.0,101373
85,2,30:00.0,30:00.0,40,39.9,75,75.1,12,25:47.0,101374
85,2,00:00.0,00:00.0,40,40,75,74.3,12,25:47.0,101375
85,2,30:00.0,30:00.0,40,39.9,75,75.2,12,25:47.0,101376
85,2,00:00.0,00:00.0,40,40.1,75,74.3,12,25:47.0,101377
85,2,30:00.0,30:00.0,40,39.9,75,75.1,12,28:22.0,101378
85,2,00:00.0,00:00.0,40,40.1,75,75.5,12,28:22.0,101379
85,2,30:00.0,30:00.0,40,40.1,75,74.9,12,28:22.0,101380
85,2,00:00.0,00:00.0,40,40.1,75,75.3,12,28:22.0,101381
85,2,30:00.0,30:00.0,40,39.9,75,74.9,12,28:22.0,101382
85,2,00:00.0,00:00.0,40,39.8,75,75.7,12,28:22.0,101383
85,2,30:00.0,30:00.0,40,39.9,75,74.6,12,28:22.0,101384
85,2,00:00.0,00:00.0,40,40.2,75,74.4,12,28:22.0,101385
85,2,30:00.0,30:00.0,40,40,75,74.5,12,28:22.0,101386
85,2,00:00.0,00:00.0,40,39.8,75,75.7,12,28:22.0,101387
85,2,30:00.0,30:00.0,40,40,75,75.1,12,28:22.0,101388
85,2,00:00.0,00:00.0,40,40,75,74,12,28:22.0,101389
85,2,30:00.0,30:00.0,40,40,75,74.3,12,28:22.0,101390
85,2,00:00.0,00:00.0,40,40,75,75.3,12,28:22.0,101391
85,2,30:00.0,30:00.0,40,40,75,74.8,12,28:22.0,101392
85,2,00:00.0,00:00.0,40,39.9,75,75.5,12,28:22.0,101393
85,2,30:00.0,30:00.0,40,39.8,75,75.5,12,28:22.0,101394
85,2,00:00.0,00:00.0,40,39.9,75,75.4,12,28:22.0,101395
85,2,30:00.0,30:00.0,40,40,75,74.7,12,28:22.0,101396
85,2,00:00.0,00:00.0,40,40,75,75,12,28:22.0,101397
85,2,30:00.0,30:00.0,40,40,75,75.1,12,28:22.0,101398
85,2,00:00.0,00:00.0,40,40,75,74.8,12,28:22.0,101399
85,2,30:00.0,30:00.0,40,40,75,75.3,12,28:22.0,101400
85,2,00:00.0,00:00.0,40,40,75,75.4,12,28:22.0,101401
85,1,30:00.0,30:00.0,25,25,60,60.5,12,31:18.0,101402
85,1,00:00.0,00:00.0,25,25.4,60,60,12,08:20.0,105414
85,1,30:00.0,30:00.0,25,25.1,60,60,12,49:41.0,99230
85,1,00:00.0,00:00.0,25,25,60,59.6,14,19:05.0,99280
85,1,30:00.0,30:00.0,25,25.2,60,59.8,14,20:56.0,99305
85,1,30:00.0,30:00.0,25,25.1,60,59.7,14,20:56.0,99319
85,1,30:00.0,30:00.0,25,25.1,60,60,14,20:56.0,99327
85,2,30:00.0,30:00.0,40,40,75,74.5,12,22:40.0,99351
85,2,30:00.0,30:00.0,40,39.9,75,75.2,12,22:40.0,99367
85,2,30:00.0,30:00.0,40,39.8,75,74.8,12,22:40.0,99383
85,2,30:00.0,30:00.0,40,40,75,75.1,12,22:40.0,99402
85,2,12:00.0,12:00.0,40,40.1,75,74.9,12,22:40.0,99435
85,1,57:00.0,57:00.0,0.2,0,0,0,12,05:21.0,99499
85,1,30:00.0,30:00.0,25,25.1,60,60.1,14,14:25.0,99522
85,1,30:00.0,30:00.0,25,25,60,60.1,14,14:25.0,99538
85,2,30:00.0,30:00.0,40,40,75,74.9,14,27:47.0,99564
85,2,00:00.0,00:00.0,40,40,75,74.8,14,27:47.0,99597
85,2,30:00.0,30:00.0,40,40.1,75,75,14,27:47.0,99644
85,2,30:00.0,30:00.0,40,40,75,75.2,12,10:05.0,99666
85,1,00:00.0,00:00.0,25,24.9,60,59.5,14,44:10.0,99718
85,2,00:00.0,00:00.0,40,40,75,75.3,14,52:11.0,99758
85,1,00:00.0,00:00.0,25,25,60,58.6,14,42:33.0,99796
85,1,30:00.0,30:00.0,25,25,60,60.8,14,42:33.0,99812
85,1,00:00.0,00:00.0,25,25.1,60,60.3,14,42:33.0,99825
85,1,30:00.0,30:00.0,25,25.1,60,60.3,14,42:33.0,99848
85,1,30:00.0,30:00.0,25,25,60,60.4,14,42:33.0,99862
85,1,30:00.0,30:00.0,25,24.9,60,59.8,14,42:33.0,99876
85,2,30:00.0,30:00.0,40,40.1,75,75.5,14,51:22.0,99892
85,2,30:00.0,30:00.0,40,40,75,75,14,51:22.0,99913
85,2,30:00.0,30:00.0,40,40,75,75.1,14,51:22.0,99925
85,2,00:00.0,00:00.0,40,40,75,74.9,14,51:22.0,99939
85,1,30:00.0,30:00.0,25,24.9,60,60.4,14,50:40.0,99962
85,1,30:00.0,30:00.0,25,25,60,59.7,14,50:40.0,99978
85,1,30:00.0,30:00.0,25,24.9,60,59.1,14,50:40.0,100002
85,1,30:00.0,30:00.0,25,25,60,60.2,14,50:40.0,100019
85,1,00:00.0,00:00.0,25,25,60,60.1,14,50:40.0,100030
85,1,30:00.0,30:00.0,25,25.1,60,60.3,14,50:40.0,100045
85,1,00:00.0,00:00.0,25,25.1,60,60.4,14,50:40.0,100056
85,2,30:00.0,30:00.0,40,39.9,75,75.4,14,55:22.0,100072
85,1,00:00.0,00:00.0,25,24.9,60,60.7,14,01:24.0,100102
85,2,00:00.0,00:00.0,40,40,75,74.8,14,05:26.0,100130
85,2,30:00.0,30:00.0,40,39.9,75,75.4,14,05:26.0,100154
85,2,30:00.0,30:00.0,40,40.1,75,75,14,05:26.0,100178
85,2,30:00.0,30:00.0,40,40,75,75.2,14,05:26.0,100202
85,2,00:00.0,00:00.0,40,40.1,75,74.6,14,05:26.0,100213
85,2,30:00.0,30:00.0,40,40.1,75,74.8,14,05:26.0,100230
85,2,00:00.0,00:00.0,40,40,75,74.7,14,05:26.0,100261
85,1,00:00.0,00:00.0,25,24.9,60,60.5,14,46:20.0,100291
85,1,00:00.0,00:00.0,25,24.9,60,59.9,14,46:20.0,100307
85,1,30:00.0,30:00.0,25,25,60,60.5,14,46:20.0,100331
85,1,30:00.0,30:00.0,25,25,60,59.7,14,46:20.0,100345
85,1,00:00.0,00:00.0,25,25.1,60,59.7,14,46:20.0,100354
85,1,00:00.0,00:00.0,25,25.1,60,59.9,14,46:20.0,100365
85,1,30:00.0,30:00.0,25,25.1,60,59.5,14,46:20.0,100378
85,1,00:00.0,00:00.0,25,25,60,59.9,14,46:20.0,100387
85,1,30:00.0,30:00.0,25,25,60,60.5,14,46:20.0,100398
85,1,30:00.0,30:00.0,25,25,60,59.9,14,46:20.0,100410
85,1,00:00.0,00:00.0,25,24.9,60,61.2,14,46:20.0,100419
85,2,30:00.0,30:00.0,40,39.9,75,75,14,51:49.0,100428
85,1,30:00.0,30:00.0,25,24.9,60,61.3,14,21:53.0,100634
85,1,00:00.0,00:00.0,25,24.9,60,60.2,14,24:43.0,101435
85,2,30:00.0,30:00.0,40,39.2,75,74.2,14,23:15.0,103389
85,2,00:00.0,00:00.0,40,40,75,75.1,14,23:15.0,103390
85,2,30:00.0,30:00.0,40,40,75,75.2,14,23:15.0,103391
85,2,00:00.0,00:00.0,40,40,75,74.8,14,23:15.0,103392
85,2,30:00.0,30:00.0,40,38.4,75,74.4,14,23:15.0,103393
85,2,00:00.0,00:00.0,40,39.7,75,74.5,14,23:15.0,103394
85,2,30:00.0,30:00.0,40,40,75,74.9,14,23:15.0,103395
85,2,00:00.0,00:00.0,40,40.1,75,75.2,14,23:15.0,103396
85,2,30:00.0,30:00.0,40,40,75,74.7,14,23:15.0,103397
85,2,00:00.0,00:00.0,40,40,75,74.6,14,23:15.0,103398
85,2,30:00.0,30:00.0,40,40,75,75.1,14,23:15.0,103399
85,2,00:00.0,00:00.0,40,40.2,75,74.8,14,23:15.0,103400
85,2,30:00.0,30:00.0,40,40.3,75,75.2,14,23:15.0,103401
85,2,00:00.0,00:00.0,40,40.1,75,75.3,14,23:15.0,103402
85,1,30:00.0,30:00.0,25,25.1,60,58.7,14,46:25.0,103418
85,1,30:00.0,30:00.0,25,24.9,60,59.3,14,52:48.0,103451
85,2,30:00.0,30:00.0,40,40.1,75,78.3,14,54:35.0,103471
85,2,30:00.0,30:00.0,40,40,75,74.5,14,54:35.0,103481
85,2,00:00.0,00:00.0,40,40,75,75.5,14,54:35.0,103496
85,2,00:00.0,00:00.0,40,40,75,74.4,14,54:35.0,103508
85,2,00:00.0,00:00.0,40,40,75,75.8,14,57:13.0,105381
85,2,30:00.0,30:00.0,40,40,75,75.4,12,27:39.0,103588
85,2,30:00.0,30:00.0,40,39.9,75,74.5,12,27:39.0,103604
85,1,30:00.0,30:00.0,25,25.1,60,59.3,12,23:43.0,103628
85,1,00:00.0,00:00.0,25,25.1,60,60.3,12,23:43.0,103644
85,2,00:00.0,00:00.0,40,40,75,73.8,12,27:01.0,103665
85,2,30:00.0,30:00.0,40,40,75,77,14,57:13.0,105382
85,2,00:00.0,00:00.0,40,40,75,75,14,57:13.0,105383
85,2,30:00.0,30:00.0,40,40,75,75.3,14,57:13.0,105385
85,2,00:00.0,00:00.0,40,40,75,75.9,14,57:13.0,105386
85,2,30:00.0,30:00.0,40,40,75,76.2,14,57:13.0,105387
85,2,00:00.0,00:00.0,40,40,75,76.2,14,57:13.0,105388
85,2,30:00.0,30:00.0,40,40,75,79,14,57:13.0,105389
85,1,00:00.0,00:00.0,25,25,60,59.7,12,49:41.0,99246
85,1,00:00.0,00:00.0,25,25,60,59.1,12,49:41.0,99252
85,1,30:00.0,30:00.0,25,24.9,60,59.7,12,49:41.0,99255
85,1,30:00.0,30:00.0,25,22.4,60,40.7,14,19:05.0,99271
85,1,30:00.0,30:00.0,25,25,60,59,14,19:05.0,99285
85,1,00:00.0,00:00.0,25,25.1,60,61.6,14,20:56.0,99300
85,2,00:00.0,00:00.0,40,40,75,75.4,12,22:40.0,99342
85,2,00:00.0,00:00.0,40,40,75,75.1,12,22:40.0,99358
85,2,00:00.0,00:00.0,40,40,75,74.2,12,22:40.0,99374
85,2,30:00.0,30:00.0,40,40,75,74.9,12,22:40.0,99390
85,2,38:00.0,38:00.0,40,40.1,75,75.1,12,40:31.0,99448
85,2,00:00.0,00:00.0,40,40,75,74.9,14,13:15.0,99460
85,2,18:00.0,18:00.0,40,40,75,75.6,14,13:15.0,99469
85,2,26:00.0,26:00.0,40,39.9,75,75.2,14,13:15.0,99473
85,2,30:00.0,30:00.0,40,40,75,74.6,14,13:15.0,99475
85,2,38:00.0,38:00.0,40,40.1,75,75.1,14,14:45.0,99480
85,1,02:00.0,02:00.0,42,888.8,0,0,12,05:21.0,99490
85,1,00:00.0,00:00.0,25,25.1,60,60.3,14,14:25.0,99513
85,1,30:00.0,30:00.0,25,25.1,60,60,14,14:25.0,99524
85,1,00:00.0,00:00.0,25,25,60,60.5,14,14:25.0,99533
85,1,30:00.0,30:00.0,25,25,60,59.9,14,14:25.0,99542
85,2,00:00.0,00:00.0,40,39.9,75,74.5,14,27:47.0,99554
85,2,30:00.0,30:00.0,40,39.9,75,75,14,27:47.0,99568
85,2,30:00.0,30:00.0,40,40.1,75,74.6,14,27:47.0,99594
85,2,00:00.0,00:00.0,40,40,75,75.2,14,27:47.0,99617
85,1,30:00.0,30:00.0,25,24.9,60,59.8,12,09:26.0,99657
85,2,00:00.0,00:00.0,40,39.9,75,74.9,12,10:05.0,99673
85,2,30:00.0,30:00.0,40,39.9,75,75.3,12,10:05.0,99680
85,2,00:00.0,00:00.0,40,40,75,75.3,12,13:13.0,99687
85,2,30:00.0,30:00.0,40,40,75,74.8,12,13:13.0,99700
85,1,00:00.0,00:00.0,25,24.9,60,60.1,14,44:10.0,99709
85,1,30:00.0,30:00.0,25,24.9,60,61.2,14,44:10.0,99725
85,1,00:00.0,00:00.0,25,24.9,60,60.4,14,44:10.0,99741
85,2,30:00.0,30:00.0,40,40,75,75.9,14,52:11.0,99747
85,2,30:00.0,30:00.0,40,40,75,74.8,14,52:11.0,99765
85,1,30:00.0,30:00.0,25,25,60,60.2,14,42:33.0,99787
85,1,30:00.0,30:00.0,25,25,60,60.8,14,42:33.0,99803
85,2,00:00.0,00:00.0,40,40,75,74.8,14,51:22.0,99883
85,2,00:00.0,00:00.0,40,40,75,74.7,14,51:22.0,99904
85,2,30:00.0,30:00.0,40,40,75,74.7,14,51:22.0,99944
85,1,30:00.0,30:00.0,25,24.9,60,60.3,14,50:40.0,99953
85,1,00:00.0,00:00.0,25,24.9,60,59.7,14,50:40.0,99969
85,1,00:00.0,00:00.0,25,24.9,60,59.8,14,50:40.0,99985
85,2,00:00.0,00:00.0,40,38.6,75,74.8,14,55:22.0,100081
85,1,00:00.0,00:00.0,25,25.1,60,60.3,14,01:24.0,100086
85,1,30:00.0,30:00.0,25,25,60,60.6,14,01:24.0,100095
85,1,00:00.0,00:00.0,25,24.9,60,59.6,14,01:24.0,100108
85,2,30:00.0,30:00.0,40,40,75,74.7,14,05:26.0,100123
85,2,00:00.0,00:00.0,40,39.8,75,76,14,05:26.0,100145
85,2,30:00.0,30:00.0,40,40.1,75,74.6,14,05:26.0,100148
85,2,00:00.0,00:00.0,40,39.9,75,75.1,14,05:26.0,100167
85,2,30:00.0,30:00.0,40,40,75,75,14,05:26.0,100176
85,2,30:00.0,30:00.0,40,40,75,74.8,14,05:26.0,100186
85,2,30:00.0,30:00.0,40,40,75,75.1,14,05:26.0,100196
85,2,00:00.0,00:00.0,40,40,75,74.7,14,05:26.0,100209
85,2,30:00.0,30:00.0,40,40,75,75.1,14,05:26.0,100226
85,2,00:00.0,00:00.0,40,39.8,75,75.4,14,05:26.0,100235
85,2,30:00.0,30:00.0,40,40,75,74.8,14,05:26.0,100262
85,1,30:00.0,30:00.0,25,24.9,60,58.5,14,24:43.0,101452
85,1,30:00.0,30:00.0,25,24.9,60,59.1,14,24:43.0,101468
85,1,30:00.0,30:00.0,25,25.1,60,60.1,14,24:43.0,101483
85,2,00:00.0,00:00.0,40,40,75,74.8,14,56:35.0,101497
85,2,30:00.0,30:00.0,40,40,75,75.4,14,56:35.0,101498
85,2,00:00.0,00:00.0,40,39.8,75,75,14,56:35.0,101499
85,1,00:00.0,00:00.0,25,25,60,59.9,14,14:57.0,101544
85,1,30:00.0,30:00.0,25,25,60,60.6,14,14:59.0,101545
85,1,00:00.0,00:00.0,25,25.1,60,60.1,14,15:01.0,101546
85,1,30:00.0,30:00.0,25,25,60,59.2,14,15:03.0,101547
85,2,00:00.0,00:00.0,40,40,75,76.2,12,27:01.0,103675
85,1,00:00.0,00:00.0,25,25.1,60,59.6,14,15:07.0,101549
85,1,30:00.0,30:00.0,25,25.1,60,59.7,14,15:09.0,101550
85,1,00:00.0,00:00.0,25,25.1,60,60.4,14,15:10.0,101551
85,1,30:00.0,30:00.0,25,25.1,60,59,14,15:13.0,101552
85,1,00:00.0,00:00.0,25,25.1,60,59.1,14,15:15.0,101553
85,1,30:00.0,30:00.0,25,25,60,60,14,15:16.0,101554
85,1,00:00.0,00:00.0,25,25.2,60,60.3,14,15:18.0,101555
85,1,30:00.0,30:00.0,25,25.1,60,59.9,14,15:20.0,101556
85,1,00:00.0,00:00.0,25,25.1,60,60,14,15:22.0,101557
85,1,30:00.0,30:00.0,25,25.1,60,59.8,14,15:24.0,101558
85,1,00:00.0,00:00.0,25,25.1,60,60.3,14,15:26.0,101559
85,1,30:00.0,30:00.0,25,25.1,60,60.4,14,15:28.0,101560
85,1,00:00.0,00:00.0,25,25.1,60,60.4,14,15:30.0,101561
85,1,30:00.0,30:00.0,25,25.1,60,60.9,14,15:31.0,101562
85,2,30:00.0,30:00.0,40,40,75,75.3,14,57:13.0,105346
85,1,00:00.0,00:00.0,25,25.1,60,60.1,14,15:35.0,101564
85,1,30:00.0,30:00.0,25,25.1,60,60.1,14,15:37.0,101565
85,1,00:00.0,00:00.0,25,25.1,60,59.9,14,15:39.0,101566
85,1,30:00.0,30:00.0,25,25.1,60,60.3,14,15:41.0,101567
85,1,00:00.0,00:00.0,25,25.1,60,59.4,14,15:43.0,101568
85,1,30:00.0,30:00.0,25,25.1,60,59.5,14,15:45.0,101569
85,1,00:00.0,00:00.0,25,25.1,60,60.3,14,15:47.0,101570
85,1,30:00.0,30:00.0,25,25.1,60,59.8,14,15:49.0,101571
85,1,00:00.0,00:00.0,25,25.1,60,59.6,14,15:51.0,101572
85,1,00:00.0,00:00.0,25,25.1,60,60.2,12,49:41.0,99224
85,1,30:00.0,30:00.0,25,25.1,60,59.7,12,49:41.0,99234
85,1,00:00.0,00:00.0,25,25.1,60,59.1,12,49:41.0,99243
85,1,00:00.0,00:00.0,25,25,60,60.7,12,49:41.0,99250
85,1,00:00.0,00:00.0,25,25,60,59.4,12,49:41.0,99254
85,1,30:00.0,30:00.0,25,24.9,60,59.7,14,18:53.0,99265
85,2,00:00.0,00:00.0,40,40.1,75,74.7,12,22:40.0,99340
85,1,00:00.0,00:00.0,25,25.1,60,60.8,14,20:56.0,99309
85,1,00:00.0,00:00.0,25,25,60,61,14,20:56.0,99318
85,1,30:00.0,30:00.0,25,25.1,60,59.8,14,20:56.0,99325
85,2,30:00.0,30:00.0,40,39.9,75,75.1,12,22:40.0,99355
85,2,30:00.0,30:00.0,40,40,75,74.9,12,22:40.0,99371
85,2,30:00.0,30:00.0,40,40,75,74.5,12,22:40.0,99387
85,2,00:00.0,00:00.0,40,39.9,75,75,12,22:40.0,99399
85,2,30:00.0,30:00.0,40,40,75,75.1,12,22:40.0,99418
85,2,00:00.0,00:00.0,40,40.1,75,74.9,12,22:40.0,99431
85,2,32:00.0,32:00.0,40,40,75,75.1,12,40:31.0,99445
85,2,44:00.0,44:00.0,40,40.1,75,75.2,12,51:20.0,99451
85,2,48:00.0,48:00.0,40,39.9,75,74.9,12,52:42.0,99453
85,2,54:00.0,54:00.0,40,40.1,75,74.7,14,13:15.0,99457
85,1,58:00.0,58:00.0,0.2,0,0,0,12,05:21.0,99486
85,1,30:00.0,30:00.0,25,25.2,60,59.9,14,14:25.0,99510
85,1,30:00.0,30:00.0,25,25.1,60,60.6,14,14:25.0,99528
85,1,00:00.0,00:00.0,25,25,60,59.7,14,14:25.0,99541
85,2,00:00.0,00:00.0,40,40.1,75,74.6,14,27:47.0,99550
85,2,00:00.0,00:00.0,40,40.1,75,74.7,14,27:47.0,99565
85,2,00:00.0,00:00.0,40,40,75,76.2,14,27:47.0,99574
85,2,30:00.0,30:00.0,40,40,75,75.2,14,27:47.0,99584
85,2,30:00.0,30:00.0,40,40.1,75,75.5,14,27:47.0,99586
85,2,30:00.0,30:00.0,40,40.1,75,75.1,14,27:47.0,99598
85,2,30:00.0,30:00.0,40,40.1,75,74.6,14,27:47.0,99604
85,2,30:00.0,30:00.0,40,40,75,75.1,14,27:47.0,99612
85,2,00:00.0,00:00.0,40,40,75,75.5,14,27:47.0,99619
85,2,30:00.0,30:00.0,40,40,75,75.8,14,27:47.0,99628
85,2,30:00.0,30:00.0,40,40.1,75,74.9,14,27:47.0,99630
85,2,00:00.0,00:00.0,40,40,75,75.1,14,27:47.0,99645
85,1,30:00.0,30:00.0,25,24.9,60,58.8,14,44:40.0,99651
85,1,00:00.0,00:00.0,25,24.9,60,60.6,12,09:26.0,99654
85,2,30:00.0,30:00.0,40,40,75,74.8,12,10:05.0,99670
85,2,00:00.0,00:00.0,40,39.9,75,74.5,12,13:13.0,99697
85,1,30:00.0,30:00.0,25,24.9,60,60,14,44:10.0,99706
85,1,00:00.0,00:00.0,25,24.9,60,61.4,14,44:10.0,99722
85,1,30:00.0,30:00.0,25,24.9,60,59.4,14,44:10.0,99738
85,2,00:00.0,00:00.0,40,39.9,75,74.7,14,52:11.0,99744
85,2,30:00.0,30:00.0,40,40,75,75.8,14,52:11.0,99751
85,2,00:00.0,00:00.0,40,40,75,74.6,14,52:11.0,99762
85,2,30:00.0,30:00.0,40,39.9,75,75.3,14,52:11.0,99767
85,2,00:00.0,00:00.0,40,40,75,74.6,14,52:11.0,99778
85,2,30:00.0,30:00.0,40,39.9,75,74.9,14,52:11.0,99779
85,1,00:00.0,00:00.0,25,24.9,60,60.7,14,42:33.0,99784
85,1,00:00.0,00:00.0,25,25,60,60.2,14,42:33.0,99800
85,1,00:00.0,00:00.0,25,24.9,60,59.2,14,42:33.0,99877
85,2,00:00.0,00:00.0,40,40,75,74.7,14,51:22.0,99908
85,2,00:00.0,00:00.0,40,40,75,74.7,14,51:22.0,99926
85,2,30:00.0,30:00.0,40,40,75,75.3,14,51:22.0,99942
85,1,00:00.0,00:00.0,25,24.8,60,59.2,14,50:40.0,99949
85,1,30:00.0,30:00.0,25,24.9,60,60.3,14,50:40.0,99966
85,1,30:00.0,30:00.0,25,24.9,60,59.9,14,50:40.0,99982
85,1,30:00.0,30:00.0,25,24.9,60,60.6,14,50:40.0,99992
85,1,30:00.0,30:00.0,25,25,60,59.6,14,50:40.0,100008
85,1,00:00.0,00:00.0,25,25,60,59.7,14,50:40.0,100020
85,1,00:00.0,00:00.0,25,25.1,60,59.8,14,50:40.0,100032
85,1,00:00.0,00:00.0,25,25.1,60,60,14,50:40.0,100048
85,1,00:00.0,00:00.0,25,25.2,60,59.7,14,50:40.0,100064
85,2,30:00.0,30:00.0,40,40.1,75,75,14,55:22.0,100078
85,1,30:00.0,30:00.0,25,25.1,60,60.2,14,01:24.0,100087
85,1,00:00.0,00:00.0,25,25,60,59.7,14,01:24.0,100096
85,1,00:00.0,00:00.0,25,24.9,60,59.7,14,01:24.0,100106
85,1,30:00.0,30:00.0,25,24.9,60,59.4,14,01:24.0,100111
85,2,00:00.0,00:00.0,40,37.9,75,74.7,14,05:26.0,100120
85,2,00:00.0,00:00.0,40,40,75,74.6,14,05:26.0,100139
85,2,00:00.0,00:00.0,40,39.9,75,75.1,14,05:26.0,100147
85,2,30:00.0,30:00.0,40,40.1,75,75.3,14,05:26.0,100150
85,2,30:00.0,30:00.0,40,39.9,75,75.3,14,05:26.0,100166
85,2,00:00.0,00:00.0,40,39.9,75,74.8,14,05:26.0,100173
85,2,00:00.0,00:00.0,40,40.1,75,75.3,14,05:26.0,100183
85,2,00:00.0,00:00.0,40,40.2,75,74.4,14,05:26.0,100187
85,2,30:00.0,30:00.0,40,40.2,75,74.8,14,05:26.0,100198
85,2,30:00.0,30:00.0,40,40.1,75,75.1,14,05:26.0,100200
85,2,00:00.0,00:00.0,40,40.1,75,75.3,14,05:26.0,100215
85,2,00:00.0,00:00.0,40,40.1,75,75,14,05:26.0,100221
85,2,30:00.0,30:00.0,40,40.1,75,75.2,14,05:26.0,100236
85,2,30:00.0,30:00.0,40,39.9,75,74.8,14,05:26.0,100240
85,2,30:00.0,30:00.0,40,39.9,75,74.8,14,05:26.0,100258
85,1,30:00.0,30:00.0,25,25.1,60,59.8,14,15:52.0,101573
85,1,30:00.0,30:00.0,25,25,60,59.9,14,46:20.0,100278
85,2,30:00.0,30:00.0,40,40,75,75.7,14,57:13.0,105348
85,2,00:00.0,00:00.0,40,40,75,76,14,57:13.0,105350
85,2,30:00.0,30:00.0,40,40,75,75.6,14,57:13.0,105351
85,2,30:00.0,30:00.0,40,39.9,75,75.9,14,57:13.0,105357
85,2,00:00.0,00:00.0,40,39.9,75,74,14,57:13.0,105358
85,2,30:00.0,30:00.0,40,39.9,75,77.5,14,57:13.0,105359
85,1,30:00.0,30:00.0,25,25.1,60,59.6,12,49:41.0,99223
85,2,30:00.0,30:00.0,40,39.9,75,75,12,22:40.0,99339
85,1,30:00.0,30:00.0,25,25,60,60.3,12,49:41.0,99251
85,1,00:00.0,00:00.0,25,25,60,61.3,12,49:41.0,99256
85,1,48:00.0,48:00.0,0.2,0,0,0,14,19:05.0,99269
85,1,00:00.0,00:00.0,25,25,60,59.8,14,19:05.0,99286
85,1,00:00.0,00:00.0,25,25.1,60,59.8,14,20:56.0,99302
85,1,30:00.0,30:00.0,25,25,60,60.9,14,20:56.0,99311
85,1,30:00.0,30:00.0,25,25.1,60,60.1,14,20:56.0,99321
85,1,30:00.0,30:00.0,25,25.1,60,60.8,14,20:56.0,99333
85,2,00:00.0,00:00.0,40,40,75,75.2,12,22:40.0,99356
85,2,00:00.0,00:00.0,40,40,75,74.6,12,22:40.0,99372
85,2,00:00.0,00:00.0,40,40,75,74.9,12,22:40.0,99388
85,2,30:00.0,30:00.0,40,39.9,75,74.5,12,22:40.0,99400
85,2,00:00.0,00:00.0,40,40,75,75.2,12,22:40.0,99405
85,2,00:00.0,00:00.0,40,40,75,75.1,12,22:40.0,99419
85,2,30:00.0,30:00.0,40,40,75,74.4,12,22:40.0,99420
85,2,22:00.0,22:00.0,40,40.2,75,74.4,12,22:40.0,99440
85,2,34:00.0,34:00.0,40,39.9,75,75,12,40:31.0,99446
85,2,56:00.0,56:00.0,40,39.9,75,75.1,14,13:15.0,99458
85,1,59:00.0,59:00.0,0.1,0,0,0,12,05:21.0,99487
85,1,05:00.0,05:00.0,25,22.1,60,41.1,12,05:21.0,99506
85,1,00:00.0,00:00.0,25,25.1,60,60.8,14,14:25.0,99511
85,1,30:00.0,30:00.0,25,25,60,59.8,14,14:25.0,99530
85,1,00:00.0,00:00.0,25,25,60,59.6,14,14:25.0,99545
85,2,28:00.0,28:00.0,1.2,0,0,0,14,27:47.0,99548
85,2,30:00.0,30:00.0,40,39.9,75,75.2,14,27:47.0,99557
85,2,00:00.0,00:00.0,40,40,75,74.6,14,27:47.0,99567
85,2,00:00.0,00:00.0,40,40,75,75.2,14,27:47.0,99576
85,2,30:00.0,30:00.0,40,40.1,75,75.3,14,27:47.0,99590
85,2,30:00.0,30:00.0,40,40,75,75,14,27:47.0,99602
85,2,00:00.0,00:00.0,40,40.1,75,74.8,14,27:47.0,99613
85,2,00:00.0,00:00.0,40,40,75,74.7,14,27:47.0,99621
85,2,30:00.0,30:00.0,40,40,75,74.7,14,27:47.0,99632
85,1,30:00.0,30:00.0,25,25,60,59.7,12,09:26.0,99655
85,2,00:00.0,00:00.0,40,40,75,75.3,12,10:05.0,99671
85,2,30:00.0,30:00.0,40,39.8,75,75.4,12,13:13.0,99698
85,1,00:00.0,00:00.0,25,24.9,60,60.1,14,44:10.0,99707
85,1,30:00.0,30:00.0,25,24.9,60,59.9,14,44:10.0,99723
85,1,00:00.0,00:00.0,25,24.9,60,59.4,14,44:10.0,99739
85,2,30:00.0,30:00.0,40,39.9,75,74.7,14,52:11.0,99763
85,2,30:00.0,30:00.0,40,39.9,75,74.6,14,52:11.0,99781
85,1,30:00.0,30:00.0,25,24.9,60,59.6,14,42:33.0,99785
85,1,30:00.0,30:00.0,25,25,60,60.6,14,42:33.0,99801
85,2,00:00.0,00:00.0,40,40,75,74.7,14,51:22.0,99881
85,2,00:00.0,00:00.0,40,40.1,75,75.3,14,51:22.0,99899
85,2,00:00.0,00:00.0,40,39.9,75,75.6,14,51:22.0,99930
85,1,00:00.0,00:00.0,25,25,60,60.3,14,01:24.0,100088
85,1,00:00.0,00:00.0,25,24.9,60,60.1,14,50:40.0,99967
85,1,00:00.0,00:00.0,25,24.9,60,60,14,50:40.0,99983
85,1,30:00.0,30:00.0,25,25,60,60.1,14,50:40.0,99996
85,1,00:00.0,00:00.0,25,25,60,60.2,14,50:40.0,100007
85,1,00:00.0,00:00.0,25,25.1,60,60,14,50:40.0,100018
85,1,00:00.0,00:00.0,25,25.1,60,59.9,14,50:40.0,100028
85,1,30:00.0,30:00.0,25,25.1,60,59.5,14,50:40.0,100035
85,1,30:00.0,30:00.0,25,25.1,60,59.2,14,50:40.0,100047
85,1,00:00.0,00:00.0,25,25.1,60,60.6,14,50:40.0,100062
85,2,00:00.0,00:00.0,40,40,75,75,14,55:22.0,100073
85,2,00:00.0,00:00.0,40,39,75,74.5,14,55:22.0,100079
85,1,30:00.0,30:00.0,25,25,60,60.9,14,01:24.0,100097
85,1,00:00.0,00:00.0,25,25,60,59.9,14,01:24.0,100114
85,2,30:00.0,30:00.0,40,38.4,75,74.7,14,05:26.0,100117
85,2,00:00.0,00:00.0,40,40,75,75.3,14,05:26.0,100141
85,2,30:00.0,30:00.0,40,39.8,75,75,14,05:26.0,100146
85,2,30:00.0,30:00.0,40,40.1,75,74.7,14,05:26.0,100156
85,2,30:00.0,30:00.0,40,39.9,75,75.6,14,05:26.0,100168
85,2,30:00.0,30:00.0,40,40,75,75.6,14,05:26.0,100170
85,2,00:00.0,00:00.0,40,39.9,75,75.5,14,05:26.0,100189
85,2,00:00.0,00:00.0,40,40.1,75,74.3,14,05:26.0,100195
85,2,30:00.0,30:00.0,40,40,75,75,14,05:26.0,100204
85,2,00:00.0,00:00.0,40,40.2,75,75.4,14,05:26.0,100219
85,2,00:00.0,00:00.0,40,40.2,75,74.3,14,05:26.0,100223
85,2,30:00.0,30:00.0,40,40,75,74.5,14,05:26.0,100234
85,2,00:00.0,00:00.0,40,39.9,75,73.9,14,05:26.0,100247
85,2,00:00.0,00:00.0,40,40,75,77.7,14,05:26.0,100249
85,2,00:00.0,00:00.0,40,40,75,74.8,14,05:26.0,100265
85,2,30:00.0,30:00.0,40,39.9,75,75,14,05:26.0,100271
85,2,30:00.0,30:00.0,40,40,75,73.3,14,45:58.0,105235
85,2,30:00.0,30:00.0,40,40.1,75,75.9,14,45:58.0,105245
85,2,30:00.0,30:00.0,40,40,75,73.2,14,45:58.0,105260
85,2,00:00.0,00:00.0,40,40,75,74.7,14,45:58.0,105275
85,2,30:00.0,30:00.0,40,39.9,75,75.7,14,45:58.0,105291
85,2,00:00.0,00:00.0,40,40,75,76.1,14,57:13.0,105335
85,2,30:00.0,30:00.0,40,40,75,75.9,14,57:13.0,105336
85,2,00:00.0,00:00.0,40,40,75,74.6,14,57:13.0,105337
85,2,30:00.0,30:00.0,40,40,75,76.1,14,57:13.0,105338
85,2,00:00.0,00:00.0,40,40,75,79.6,14,57:13.0,105339
85,2,30:00.0,30:00.0,40,40,75,78.3,14,57:13.0,105340
85,2,00:00.0,00:00.0,40,40,75,79,14,57:13.0,105341
85,2,30:00.0,30:00.0,40,40,75,78.6,14,57:13.0,105342
85,2,00:00.0,00:00.0,40,40,75,78.1,14,57:13.0,105343
85,1,48:00.0,48:00.0,0.1,0,0,0,12,49:41.0,99219
85,1,30:00.0,30:00.0,25,25.1,60,59,12,49:41.0,99238
85,1,30:00.0,30:00.0,25,25.1,60,59.1,12,49:41.0,99245
85,1,00:00.0,00:00.0,25,25,60,60.8,12,49:41.0,99260
85,1,21:00.0,21:00.0,0.1,0,0,0,14,19:05.0,99270
85,1,00:00.0,00:00.0,25,25,60,59.4,14,19:05.0,99284
85,1,30:00.0,30:00.0,25,25.1,60,60.1,14,20:56.0,99299
85,1,30:00.0,30:00.0,25,25,60,60.8,14,20:56.0,99315
85,1,00:00.0,00:00.0,25,25.1,60,58.6,14,20:56.0,99328
85,2,30:00.0,30:00.0,40,40.1,75,75.1,12,22:40.0,99341
85,2,30:00.0,30:00.0,40,40.1,75,74.7,12,22:40.0,99357
85,2,30:00.0,30:00.0,40,39.9,75,75.4,12,22:40.0,99373
85,2,58:00.0,58:00.0,40,39.9,75,74.8,14,13:15.0,99459
85,2,30:00.0,30:00.0,40,40,75,75.5,12,22:40.0,99404
85,2,00:00.0,00:00.0,40,40,75,74.9,12,22:40.0,99407
85,2,30:00.0,30:00.0,40,40,75,74.8,12,22:40.0,99416
85,2,30:00.0,30:00.0,40,40,75,75.4,12,22:40.0,99428
85,2,11:00.0,11:00.0,3.2,0,0,0,12,22:40.0,99434
85,2,36:00.0,36:00.0,40,40,75,75.3,12,40:31.0,99447
85,2,22:00.0,22:00.0,40,40,75,74.8,14,13:15.0,99471
85,2,32:00.0,32:00.0,40,40.1,75,75,14,13:15.0,99476
85,1,00:00.0,00:00.0,42,888.8,0,0,12,05:21.0,99489
85,1,06:00.0,06:00.0,25,22,60,41.6,12,05:21.0,99507
85,1,30:00.0,30:00.0,25,25.1,60,60.5,14,14:25.0,99512
85,1,30:00.0,30:00.0,25,25.1,60,60.3,14,14:25.0,99526
85,1,00:00.0,00:00.0,25,25,60,60.3,14,14:25.0,99537
85,2,30:00.0,30:00.0,40,38.3,75,76.1,14,27:47.0,99549
85,2,00:00.0,00:00.0,40,39.9,75,74.5,14,27:47.0,99569
85,2,30:00.0,30:00.0,40,40,75,74.9,14,27:47.0,99570
85,2,00:00.0,00:00.0,40,39.9,75,74.7,14,27:47.0,99585
85,2,30:00.0,30:00.0,40,40,75,75.8,14,27:47.0,99596
85,2,00:00.0,00:00.0,40,40.1,75,74.6,14,27:47.0,99601
85,2,30:00.0,30:00.0,40,40,75,74.6,14,27:47.0,99640
85,2,30:00.0,30:00.0,40,40,75,75.4,14,27:47.0,99642
85,1,00:00.0,00:00.0,25,24.9,60,60.3,12,09:26.0,99656
85,2,30:00.0,30:00.0,40,40,75,75.5,12,10:05.0,99672
85,2,00:00.0,00:00.0,40,40,75,74.7,12,13:13.0,99699
85,1,30:00.0,30:00.0,25,24.9,60,59.4,14,44:10.0,99708
85,1,00:00.0,00:00.0,25,24.9,60,60.8,14,44:10.0,99724
85,1,30:00.0,30:00.0,25,25,60,58.7,14,44:10.0,99740
85,2,00:00.0,00:00.0,40,40,75,75,14,52:11.0,99746
85,2,00:00.0,00:00.0,40,39.9,75,74.8,14,52:11.0,99764
85,1,00:00.0,00:00.0,25,25,60,59.2,14,42:33.0,99786
85,1,00:00.0,00:00.0,25,25,60,59.8,14,42:33.0,99802
85,1,30:00.0,30:00.0,25,25.1,60,59.7,14,42:33.0,99820
85,1,00:00.0,00:00.0,25,25.1,60,60.1,14,42:33.0,99833
85,1,00:00.0,00:00.0,25,25.1,60,59.6,14,42:33.0,99847
85,1,00:00.0,00:00.0,25,25,60,60.1,14,42:33.0,99861
85,1,30:00.0,30:00.0,25,25,60,60,14,42:33.0,99874
85,2,30:00.0,30:00.0,40,40,75,75.2,14,51:22.0,99882
85,2,00:00.0,00:00.0,40,39.9,75,75,14,51:22.0,99902
85,2,00:00.0,00:00.0,40,40,75,75.8,14,51:22.0,99916
85,2,30:00.0,30:00.0,40,40,75,75.6,14,51:22.0,99938
85,1,00:00.0,00:00.0,25,25,60,60.8,14,50:40.0,99952
85,1,30:00.0,30:00.0,25,24.9,60,60.3,14,50:40.0,99968
85,1,30:00.0,30:00.0,25,24.9,60,59.6,14,50:40.0,99984
85,1,30:00.0,30:00.0,25,25,60,60.2,14,50:40.0,100000
85,1,30:00.0,30:00.0,25,25.1,60,60.2,14,50:40.0,100015
85,1,30:00.0,30:00.0,25,25.1,60,60.3,14,50:40.0,100023
85,1,30:00.0,30:00.0,25,25.1,60,59.5,14,50:40.0,100031
85,1,00:00.0,00:00.0,25,25.1,60,59.4,14,50:40.0,100046
85,1,00:00.0,00:00.0,25,25.1,60,59.7,14,50:40.0,100060
85,2,00:00.0,00:00.0,40,40,75,75.2,14,55:22.0,100069
85,2,30:00.0,30:00.0,40,40.1,75,74.8,14,55:22.0,100080
85,1,30:00.0,30:00.0,25,25,60,60.5,14,01:24.0,100091
85,1,30:00.0,30:00.0,25,24.9,60,60.1,14,01:24.0,100113
85,2,30:00.0,30:00.0,40,-14.3,75,75.3,14,05:26.0,100119
85,2,30:00.0,30:00.0,40,40,75,74.5,14,05:26.0,100136
85,2,00:00.0,00:00.0,40,39.8,75,75,14,05:26.0,100149
85,2,30:00.0,30:00.0,40,40,75,75.4,14,05:26.0,100158
85,2,30:00.0,30:00.0,40,39.9,75,74.9,14,05:26.0,100174
85,2,00:00.0,00:00.0,40,40,75,74.9,14,05:26.0,100179
85,2,30:00.0,30:00.0,40,39.8,75,75.2,14,05:26.0,100190
85,2,00:00.0,00:00.0,40,40.2,75,75,14,05:26.0,100205
85,2,00:00.0,00:00.0,40,40,75,75.3,14,05:26.0,100207
85,2,30:00.0,30:00.0,40,40,75,75.2,14,05:26.0,100222
85,2,00:00.0,00:00.0,40,40,75,74.8,14,05:26.0,100229
85,2,30:00.0,30:00.0,40,39.9,75,73,14,05:26.0,100244
85,2,30:00.0,30:00.0,40,40,75,78.1,14,05:26.0,100248
85,2,00:00.0,00:00.0,40,39.7,75,74.6,14,05:26.0,100255
85,2,30:00.0,30:00.0,40,40,75,76.3,14,45:58.0,105229
85,2,00:00.0,00:00.0,40,40,75,75,14,05:26.0,100268
85,2,00:00.0,00:00.0,40,40,75,77.4,14,45:58.0,105246
85,2,00:00.0,00:00.0,40,40,75,72.8,14,45:58.0,105257
85,2,00:00.0,00:00.0,40,40,75,74.1,14,45:58.0,105263
85,2,30:00.0,30:00.0,40,39.9,75,75.4,14,45:58.0,105283
85,2,00:00.0,00:00.0,40,40,75,75.1,14,45:58.0,105284
85,2,30:00.0,30:00.0,40,40,75,77.2,14,57:13.0,105361
85,2,00:00.0,00:00.0,40,39.9,75,75,14,57:13.0,105363
85,2,30:00.0,30:00.0,40,39.9,75,74.8,14,57:13.0,105364
85,2,00:00.0,00:00.0,40,39.9,75,77.1,14,57:13.0,105365
85,1,00:00.0,00:00.0,25,23,60,59.7,12,49:41.0,99222
85,1,00:00.0,00:00.0,25,25.1,60,59.3,12,49:41.0,99233
85,1,30:00.0,30:00.0,25,25.1,60,58.9,12,49:41.0,99242
85,1,30:00.0,30:00.0,25,25,60,59.2,12,49:41.0,99249
85,1,30:00.0,30:00.0,25,25,60,60.7,12,49:41.0,99253
85,1,30:00.0,30:00.0,25,25,60,60.2,12,49:41.0,99257
85,1,30:00.0,30:00.0,25,24.9,60,59.8,14,19:05.0,99268
85,1,00:00.0,00:00.0,25,25,60,59.1,14,19:05.0,99288
85,1,30:00.0,30:00.0,25,25.1,60,60.4,14,20:56.0,99295
85,1,00:00.0,00:00.0,25,25,60,60.5,14,20:56.0,99316
85,1,00:00.0,00:00.0,25,25.1,60,59.5,14,20:56.0,99330
85,2,35:00.0,35:00.0,1.2,0,0,0,12,22:40.0,99337
85,2,00:00.0,00:00.0,40,40,75,75.4,12,22:40.0,99354
85,2,00:00.0,00:00.0,40,39.9,75,75.6,12,22:40.0,99370
85,2,00:00.0,00:00.0,40,40,75,75.4,12,22:40.0,99386
85,2,28:00.0,28:00.0,40,39.9,75,74.9,12,40:31.0,99443
85,2,40:00.0,40:00.0,40,40.1,75,75.3,12,51:20.0,99449
85,2,52:00.0,52:00.0,40,40,75,74.7,14,13:15.0,99456
85,1,37:00.0,37:00.0,0.2,0,0,0,12,05:21.0,99484
85,1,04:00.0,04:00.0,3.2,0,0,0,12,05:21.0,99504
85,1,07:00.0,07:00.0,25,22.4,60,66.3,14,14:25.0,99508
85,1,30:00.0,30:00.0,25,25.1,60,59.2,14,14:25.0,99532
85,2,30:00.0,30:00.0,40,40,75,75.2,14,27:47.0,99551
85,2,30:00.0,30:00.0,40,40,75,74.9,14,27:47.0,99566
85,2,30:00.0,30:00.0,40,40,75,75.1,14,27:47.0,99577
85,2,30:00.0,30:00.0,40,40,75,74.6,14,27:47.0,99588
85,2,30:00.0,30:00.0,40,40,75,75,14,27:47.0,99592
85,2,30:00.0,30:00.0,40,40,75,74.4,14,27:47.0,99608
85,2,30:00.0,30:00.0,40,40.1,75,74.5,14,27:47.0,99610
85,2,30:00.0,30:00.0,40,40.1,75,74.5,14,27:47.0,99622
85,2,30:00.0,30:00.0,40,40,75,74.9,14,27:47.0,99626
85,2,00:00.0,00:00.0,40,39.9,75,75.2,14,27:47.0,99635
85,2,30:00.0,30:00.0,40,40,75,74.8,14,27:47.0,99646
85,2,00:00.0,00:00.0,40,40,75,75.5,14,27:47.0,99647
85,1,00:00.0,00:00.0,25,25,60,61.2,12,09:26.0,99652
85,2,00:00.0,00:00.0,40,40,75,74.7,12,10:05.0,99669
85,2,00:00.0,00:00.0,40,40,75,74.8,12,10:05.0,99679
85,2,30:00.0,30:00.0,40,39.9,75,75,12,13:13.0,99690
85,2,30:00.0,30:00.0,40,40,75,74.7,12,13:13.0,99696
85,1,30:00.0,30:00.0,25,24.9,60,61.3,14,44:10.0,99704
85,1,30:00.0,30:00.0,25,24.9,60,60.7,14,44:10.0,99721
85,1,00:00.0,00:00.0,25,24.9,60,59.6,14,44:10.0,99737
85,2,30:00.0,30:00.0,40,40,75,75.4,14,52:11.0,99745
85,2,30:00.0,30:00.0,40,39.9,75,74.9,14,52:11.0,99761
85,2,00:00.0,00:00.0,40,40,75,76.1,14,52:11.0,99772
85,2,30:00.0,30:00.0,40,40.1,75,75.2,14,52:11.0,99777
85,1,00:00.0,00:00.0,25,24.9,60,60.1,14,42:33.0,99782
85,1,30:00.0,30:00.0,25,25,60,60.2,14,42:33.0,99799
85,1,30:00.0,30:00.0,25,25.1,60,60.1,14,42:33.0,99818
85,1,30:00.0,30:00.0,25,25.1,60,59.9,14,42:33.0,99828
85,1,30:00.0,30:00.0,25,25.1,60,59.6,14,42:33.0,99838
85,1,00:00.0,00:00.0,25,25,60,60.4,14,42:33.0,99851
85,1,30:00.0,30:00.0,25,25,60,59.5,14,42:33.0,99860
85,1,30:00.0,30:00.0,25,25,60,59.7,14,42:33.0,99872
85,2,00:00.0,00:00.0,40,40.2,75,75.1,14,51:22.0,99879
85,2,00:00.0,00:00.0,40,40,75,75,14,51:22.0,99895
85,1,30:00.0,30:00.0,25,25.1,60,59.3,14,01:24.0,100089
85,2,00:00.0,00:00.0,40,40,75,74.8,14,51:22.0,99910
85,2,30:00.0,30:00.0,40,40,75,74.9,14,51:22.0,99911
85,2,00:00.0,00:00.0,40,40,75,74.9,14,51:22.0,99920
85,2,30:00.0,30:00.0,40,40.1,75,75.2,14,51:22.0,99921
85,2,00:00.0,00:00.0,40,40,75,75.2,14,51:22.0,99937
85,2,30:00.0,30:00.0,40,39.9,75,75.4,14,51:22.0,99940
85,1,30:00.0,30:00.0,25,25,60,60.1,14,50:40.0,99950
85,1,00:00.0,00:00.0,25,24.9,60,60,14,50:40.0,99965
85,1,00:00.0,00:00.0,25,24.8,60,60.6,14,50:40.0,99981
85,1,00:00.0,00:00.0,25,24.8,60,60.3,14,50:40.0,99991
85,1,30:00.0,30:00.0,25,25,60,59.9,14,50:40.0,100006
85,1,00:00.0,00:00.0,25,25,60,60.5,14,50:40.0,100016
85,1,30:00.0,30:00.0,25,25,60,59.9,14,50:40.0,100025
85,1,00:00.0,00:00.0,25,25,60,59.8,14,50:40.0,100034
85,1,00:00.0,00:00.0,25,25.1,60,60.1,14,50:40.0,100044
85,1,00:00.0,00:00.0,25,25.1,60,59.6,14,50:40.0,100054
85,1,00:00.0,00:00.0,25,25,60,60.7,14,01:24.0,100098
85,2,00:00.0,00:00.0,40,39.7,75,75.2,14,55:22.0,100077
85,1,30:00.0,30:00.0,25,24.9,60,59.7,14,01:24.0,100107
85,1,00:00.0,00:00.0,25,24.9,60,60.1,14,01:24.0,100116
85,2,00:00.0,00:00.0,40,39.1,75,74.6,14,05:26.0,100118
85,2,30:00.0,30:00.0,40,-13.2,75,75.3,14,05:26.0,100121
85,2,00:00.0,00:00.0,40,39.9,75,75.1,14,05:26.0,100134
85,2,30:00.0,30:00.0,40,39.9,75,74.8,14,05:26.0,100142
85,2,30:00.0,30:00.0,40,40,75,75.1,14,05:26.0,100152
85,2,00:00.0,00:00.0,40,40,75,75,14,05:26.0,100159
85,2,30:00.0,30:00.0,40,40,75,75.8,14,05:26.0,100172
85,2,00:00.0,00:00.0,40,39.9,75,75,14,05:26.0,100177
85,2,00:00.0,00:00.0,40,40.1,75,74.7,14,05:26.0,100185
85,2,00:00.0,00:00.0,40,39.9,75,75.2,14,05:26.0,100199
85,2,30:00.0,30:00.0,40,40,75,75.2,14,05:26.0,100206
85,2,30:00.0,30:00.0,40,40,75,74.9,14,05:26.0,100218
85,2,00:00.0,00:00.0,40,40.1,75,74.2,14,05:26.0,100225
85,2,00:00.0,00:00.0,40,40.2,75,74.9,14,05:26.0,100231
85,2,00:00.0,00:00.0,40,40,75,75.3,14,05:26.0,100263
85,1,30:00.0,30:00.0,25,25,60,59.7,12,49:41.0,99228
85,1,00:00.0,00:00.0,25,25,60,59.2,14,19:05.0,99278
85,1,30:00.0,30:00.0,25,25.1,60,59,14,20:56.0,99301
85,2,30:00.0,30:00.0,40,40.1,75,74.7,12,22:40.0,99349
85,2,30:00.0,30:00.0,40,40,75,75.5,12,22:40.0,99365
85,2,30:00.0,30:00.0,40,40,75,74.5,12,22:40.0,99381
85,2,00:00.0,00:00.0,40,39.9,75,74.7,12,22:40.0,99397
85,2,30:00.0,30:00.0,40,40,75,74.8,12,22:40.0,99414
85,2,30:00.0,30:00.0,40,40.1,75,75.2,12,22:40.0,99424
85,2,20:00.0,20:00.0,40,40,75,75,12,22:40.0,99439
85,2,26:00.0,26:00.0,40,39.9,75,75.2,12,28:24.0,99442
85,2,14:00.0,14:00.0,40,40,75,74.9,14,13:15.0,99467
85,2,36:00.0,36:00.0,40,40,75,74.3,14,13:15.0,99478
85,1,30:00.0,30:00.0,25,25.1,60,60.9,14,14:25.0,99520
85,1,30:00.0,30:00.0,25,25.1,60,59.2,14,14:25.0,99534
85,1,30:00.0,30:00.0,25,25,60,60.4,14,14:25.0,99544
85,2,00:00.0,00:00.0,40,40,75,75.4,14,27:47.0,99560
85,2,30:00.0,30:00.0,40,40,75,75,14,27:47.0,99572
85,2,00:00.0,00:00.0,40,40.1,75,74.8,14,27:47.0,99591
85,2,00:00.0,00:00.0,40,40,75,74.6,14,27:47.0,99605
85,2,00:00.0,00:00.0,40,39.8,75,74.9,14,27:47.0,99641
85,2,30:00.0,30:00.0,40,40,75,75,12,10:05.0,99664
85,1,00:00.0,00:00.0,25,24.9,60,60,14,44:10.0,99716
85,1,00:00.0,00:00.0,25,24.9,60,59.9,14,44:10.0,99732
85,2,00:00.0,00:00.0,40,40,75,75.2,14,52:11.0,99756
85,2,00:00.0,00:00.0,40,40,75,75.3,14,52:11.0,99768
85,2,00:00.0,00:00.0,40,40,75,74.7,14,52:11.0,99780
85,1,00:00.0,00:00.0,25,25,60,60.1,14,42:33.0,99794
85,2,30:00.0,30:00.0,40,40.1,75,75.2,14,51:22.0,99890
85,1,00:00.0,00:00.0,25,25.1,60,58.9,14,42:33.0,99815
85,1,00:00.0,00:00.0,25,25.1,60,60.6,14,42:33.0,99827
85,1,30:00.0,30:00.0,25,25.1,60,58.7,14,42:33.0,99836
85,1,00:00.0,00:00.0,25,25.1,60,60.7,14,42:33.0,99845
85,1,00:00.0,00:00.0,25,25,60,59,14,42:33.0,99857
85,1,30:00.0,30:00.0,25,25,60,60.3,14,42:33.0,99866
85,1,00:00.0,00:00.0,25,24.9,60,58.7,14,42:33.0,99875
85,2,00:00.0,00:00.0,40,40.1,75,75,14,51:22.0,99906
85,2,00:00.0,00:00.0,40,40,75,74.4,14,51:22.0,99922
85,2,00:00.0,00:00.0,40,40,75,74.9,14,51:22.0,99943
85,1,30:00.0,30:00.0,25,24.9,60,60,14,50:40.0,99960
85,1,30:00.0,30:00.0,25,24.9,60,59.7,14,50:40.0,99976
85,1,00:00.0,00:00.0,25,24.9,60,59.8,14,50:40.0,99993
85,1,00:00.0,00:00.0,25,24.9,60,59.9,14,50:40.0,100003
85,1,00:00.0,00:00.0,25,25,60,60.1,14,50:40.0,100011
85,1,00:00.0,00:00.0,25,25,60,60.6,14,50:40.0,100026
85,1,00:00.0,00:00.0,25,25.1,60,60.2,14,50:40.0,100036
85,1,30:00.0,30:00.0,25,25.1,60,59.8,14,50:40.0,100041
85,1,30:00.0,30:00.0,25,25,60,59.9,14,50:40.0,100049
85,1,00:00.0,00:00.0,25,25.1,60,60.6,14,50:40.0,100058
85,1,00:00.0,00:00.0,25,25.1,60,59.9,14,50:40.0,100066
85,2,00:00.0,00:00.0,40,40,75,75.4,14,55:22.0,100075
85,1,00:00.0,00:00.0,25,25,60,59.5,14,01:24.0,100100
85,1,00:00.0,00:00.0,25,25,60,59.7,14,01:24.0,100112
85,2,00:00.0,00:00.0,40,40.2,75,75.2,14,05:26.0,100128
85,2,00:00.0,00:00.0,40,39.9,75,74.9,14,05:26.0,100143
85,2,30:00.0,30:00.0,40,39.9,75,75.2,14,05:26.0,100162
85,2,30:00.0,30:00.0,40,40.1,75,74.8,14,05:26.0,100188
85,2,00:00.0,00:00.0,40,40,75,75.2,14,05:26.0,100201
85,2,30:00.0,30:00.0,40,40,75,75.2,14,05:26.0,100224
85,2,30:00.0,30:00.0,40,40,75,76.8,14,05:26.0,100250
85,2,00:00.0,00:00.0,40,40.1,75,74.8,14,05:26.0,100274
85,2,00:00.0,00:00.0,40,40,75,72.9,12,27:01.0,103677
85,2,30:00.0,30:00.0,40,40,75,73,12,27:01.0,103690
85,2,00:00.0,00:00.0,40,40,75,76.8,12,27:01.0,103695
85,1,30:00.0,30:00.0,25,25.1,60,59.7,12,00:41.0,103710
85,1,30:00.0,30:00.0,25,25,60,60.3,12,00:41.0,103726
85,1,30:00.0,30:00.0,25,24.9,60,60.3,12,00:41.0,103742
85,2,00:00.0,00:00.0,40,40,75,74.8,12,04:15.0,103761
85,2,00:00.0,00:00.0,40,40.2,75,74.7,12,04:15.0,103779
85,2,00:00.0,00:00.0,40,40.2,75,75,12,04:15.0,103797
85,1,30:00.0,30:00.0,25,25,60,59.7,14,04:49.0,104827
85,1,30:00.0,30:00.0,25,25,60,60.1,14,04:49.0,104845
85,1,30:00.0,30:00.0,25,25.1,60,60,14,04:49.0,104871
85,1,00:00.0,00:00.0,25,25,60,59.3,14,04:49.0,104883
85,1,30:00.0,30:00.0,25,25,60,60.4,14,04:49.0,104892
85,1,19:00.0,19:00.0,0.2,0,0,0,14,29:14.0,104900
85,1,30:00.0,30:00.0,25,24.9,60,60.1,14,29:14.0,104915
85,1,00:00.0,00:00.0,25,24.9,60,59.8,14,29:14.0,104918
85,1,30:00.0,30:00.0,25,24.9,60,59.7,14,34:05.0,104931
85,1,00:00.0,00:00.0,25,24.9,60,59.9,14,34:05.0,104942
85,1,00:00.0,00:00.0,25,24.9,60,60.2,14,34:05.0,104950
85,1,30:00.0,30:00.0,25,25,60,60.2,14,34:05.0,104961
85,1,30:00.0,30:00.0,25,25,60,60.1,14,34:05.0,104972
85,1,00:00.0,00:00.0,25,25,60,59.9,14,34:05.0,104975
85,1,00:00.0,00:00.0,25,25.1,60,60.3,14,34:05.0,104985
85,1,30:00.0,30:00.0,25,25.1,60,59.8,14,34:05.0,104993
85,1,00:00.0,00:00.0,25,24.7,60,60,14,34:05.0,105001
85,1,00:00.0,00:00.0,25,27.2,60,53.2,14,34:05.0,105013
85,1,30:00.0,30:00.0,25,23.6,60,60.5,14,34:05.0,105027
85,1,30:00.0,30:00.0,25,28.2,60,60.8,14,34:05.0,105041
85,1,30:00.0,30:00.0,25,32.2,60,85.5,14,34:05.0,105059
85,1,00:00.0,00:00.0,25,24.2,60,63.2,14,34:05.0,105064
85,2,00:00.0,00:00.0,40,40,75,74.7,12,22:40.0,99344
85,2,00:00.0,00:00.0,40,40,75,75.1,12,22:40.0,99360
85,2,00:00.0,00:00.0,40,39.8,75,75.2,12,22:40.0,99376
85,2,30:00.0,30:00.0,40,40,75,75.1,12,22:40.0,99392
85,2,30:00.0,30:00.0,40,40,75,75,12,22:40.0,99398
85,2,00:00.0,00:00.0,40,40,75,75.2,12,22:40.0,99415
85,2,30:00.0,30:00.0,40,40,75,75.1,12,22:40.0,99426
85,2,04:00.0,04:00.0,40,40,75,74.7,14,13:15.0,99462
85,2,24:00.0,24:00.0,40,40.1,75,74.8,14,13:15.0,99472
85,2,34:00.0,34:00.0,40,39.9,75,74.9,14,13:15.0,99477
85,2,42:00.0,42:00.0,40,40,75,74.7,14,14:45.0,99482
85,1,00:00.0,00:00.0,25,25.1,60,61.2,14,14:25.0,99515
85,1,06:00.0,06:00.0,42,888.8,0,0,12,05:21.0,99492
85,1,00:00.0,00:00.0,25,25.1,60,59.3,14,14:25.0,99527
85,1,00:00.0,00:00.0,25,25,60,61,14,14:25.0,99539
85,2,00:00.0,00:00.0,40,39.8,75,74.8,14,27:47.0,99552
85,2,30:00.0,30:00.0,40,40,75,75.6,14,27:47.0,99580
85,2,00:00.0,00:00.0,40,40,75,74.8,14,27:47.0,99603
85,2,30:00.0,30:00.0,40,40,75,75.1,14,27:47.0,99616
85,2,00:00.0,00:00.0,40,40.1,75,75.9,14,27:47.0,99631
85,2,30:00.0,30:00.0,40,40,75,75.1,14,27:47.0,99648
85,1,30:00.0,30:00.0,25,25,60,60.4,12,09:26.0,99659
85,2,00:00.0,00:00.0,40,40,75,75.2,12,10:05.0,99675
85,2,00:00.0,00:00.0,40,40,75,75.3,12,10:05.0,99681
85,2,00:00.0,00:00.0,40,40,75,74.8,12,13:13.0,99691
85,1,00:00.0,00:00.0,25,24.9,60,59.5,14,44:10.0,99711
85,1,30:00.0,30:00.0,25,24.9,60,60.2,14,44:10.0,99727
85,2,30:00.0,30:00.0,40,39.9,75,75.7,14,52:11.0,99749
85,1,30:00.0,30:00.0,25,25,60,59.7,14,42:33.0,99789
85,1,30:00.0,30:00.0,25,25.1,60,60.2,14,42:33.0,99805
85,1,30:00.0,30:00.0,25,25.1,60,59.4,14,42:33.0,99816
85,1,00:00.0,00:00.0,25,25.1,60,59.6,14,42:33.0,99821
85,1,30:00.0,30:00.0,25,25.1,60,60.3,14,42:33.0,99830
85,1,30:00.0,30:00.0,25,25.1,60,60.7,14,42:33.0,99842
85,1,30:00.0,30:00.0,25,25.1,60,60.4,14,42:33.0,99852
85,1,00:00.0,00:00.0,25,25,60,60.6,14,42:33.0,99865
85,1,00:00.0,00:00.0,25,25,60,60.7,14,42:33.0,99873
85,2,00:00.0,00:00.0,40,40,75,75,14,51:22.0,99885
85,2,30:00.0,30:00.0,40,40.1,75,74.9,14,51:22.0,99905
85,2,30:00.0,30:00.0,40,40,75,74.5,14,51:22.0,99919
85,1,30:00.0,30:00.0,25,25,60,60.7,14,01:24.0,100093
85,1,00:00.0,00:00.0,25,24.9,60,59.4,14,50:40.0,99955
85,1,00:00.0,00:00.0,25,24.9,60,60.3,14,50:40.0,99971
85,1,00:00.0,00:00.0,25,24.9,60,59.3,14,50:40.0,99987
85,1,30:00.0,30:00.0,25,25,60,60.7,14,50:40.0,100013
85,1,00:00.0,00:00.0,25,25,60,59.4,14,50:40.0,100040
85,1,30:00.0,30:00.0,25,25.1,60,59.2,14,50:40.0,100057
85,2,30:00.0,30:00.0,40,40,75,75.3,14,55:22.0,100074
85,2,00:00.0,00:00.0,40,40.1,75,74.8,14,55:22.0,100083
85,2,30:00.0,30:00.0,40,39.7,75,75,14,05:26.0,100125
85,2,00:00.0,00:00.0,40,39.9,75,75.3,14,05:26.0,100137
85,2,00:00.0,00:00.0,40,39.9,75,75.3,14,05:26.0,100161
85,2,30:00.0,30:00.0,40,40,75,74.9,14,05:26.0,100184
85,2,00:00.0,00:00.0,40,40,75,74.6,14,05:26.0,100203
85,2,30:00.0,30:00.0,40,40.1,75,74.7,14,05:26.0,100216
85,2,00:00.0,00:00.0,40,40.4,75,75.9,14,05:26.0,100239
85,2,30:00.0,30:00.0,40,40,75,75,14,05:26.0,100256
85,2,30:00.0,30:00.0,40,40,75,75.3,14,05:26.0,100269
85,1,00:00.0,00:00.0,25,25,60,60.8,14,46:20.0,100279
85,2,30:00.0,30:00.0,40,40,75,73.4,12,27:01.0,103692
85,2,00:00.0,00:00.0,40,40.4,75,75.2,12,27:01.0,103699
85,1,30:00.0,30:00.0,25,25.1,60,59.7,12,00:41.0,103714
85,1,30:00.0,30:00.0,25,24.9,60,59.6,12,00:41.0,103730
85,1,30:00.0,30:00.0,25,24.9,60,59.6,14,04:49.0,104817
85,1,30:00.0,30:00.0,25,24.9,60,60.4,14,04:49.0,104837
85,1,00:00.0,00:00.0,25,25,60,59.8,14,04:49.0,104850
85,1,00:00.0,00:00.0,25,25,60,59.4,14,04:49.0,104859
85,1,00:00.0,00:00.0,25,25,60,59.6,14,04:49.0,104867
85,1,30:00.0,30:00.0,25,25.1,60,60.2,14,04:49.0,104875
85,1,30:00.0,30:00.0,25,25.1,60,59.9,14,04:49.0,104884
85,1,00:00.0,00:00.0,25,25.1,60,60.2,14,04:49.0,104895
85,1,30:00.0,30:00.0,25,24.9,60,60.3,14,29:14.0,104907
85,1,30:00.0,30:00.0,25,24.9,60,60.3,14,29:14.0,104922
85,1,00:00.0,00:00.0,25,24.9,60,59.7,14,34:05.0,104936
85,1,00:00.0,00:00.0,25,25.1,60,59.6,14,34:05.0,104960
85,1,00:00.0,00:00.0,25,25.1,60,60.3,14,34:05.0,104971
85,1,30:00.0,30:00.0,25,25.1,60,60,14,34:05.0,104989
85,1,00:00.0,00:00.0,25,26.7,60,64.5,14,34:05.0,104999
85,1,30:00.0,30:00.0,25,25,60,73.3,14,34:05.0,105010
85,1,00:00.0,00:00.0,25,27.6,60,56,14,34:05.0,105021
85,1,00:00.0,00:00.0,25,28.3,60,75.7,14,34:05.0,105032
85,1,30:00.0,30:00.0,25,27.2,60,63.9,14,34:05.0,105065
85,1,30:00.0,30:00.0,25,27.8,60,70.3,14,34:05.0,105213
85,2,30:00.0,30:00.0,40,40,75,73.3,14,45:58.0,105231
85,2,00:00.0,00:00.0,40,40,75,72.9,14,45:58.0,105249
85,2,00:00.0,00:00.0,40,40,75,73.6,14,45:58.0,105259
85,2,00:00.0,00:00.0,40,40,75,75.5,14,45:58.0,105271
85,2,00:00.0,00:00.0,40,40,75,74.9,14,45:58.0,105288
85,2,00:00.0,00:00.0,40,40.1,75,76.2,14,45:58.0,105294
85,2,00:00.0,00:00.0,40,40,75,74.9,14,57:13.0,105352
85,2,30:00.0,30:00.0,40,39.9,75,76.5,14,57:13.0,105353
85,2,00:00.0,00:00.0,40,39.9,75,76.4,14,57:13.0,105354
85,2,30:00.0,30:00.0,40,39.9,75,74.6,14,57:13.0,105355
85,1,30:00.0,30:00.0,25,24.9,60,59.2,14,46:20.0,100294
85,1,30:00.0,30:00.0,25,25,60,60.4,14,46:20.0,100310
85,2,00:00.0,00:00.0,40,40,75,75.2,14,51:49.0,100435
85,2,30:00.0,30:00.0,40,40,75,75,14,51:49.0,100552
85,2,00:00.0,00:00.0,40,40,75,75,14,51:49.0,100560
85,2,00:00.0,00:00.0,40,40,75,75.2,14,51:49.0,100570
85,2,30:00.0,30:00.0,40,40,75,74.8,14,51:49.0,100581
85,2,00:00.0,00:00.0,40,39.9,75,75.4,14,51:49.0,100590
85,2,30:00.0,30:00.0,40,40,75,74.9,14,51:49.0,100599
85,2,30:00.0,30:00.0,40,40,75,74.6,14,51:49.0,100611
85,2,30:00.0,30:00.0,40,40.4,75,75,14,51:49.0,100619
85,1,00:00.0,00:00.0,25,24.9,60,60.3,14,21:53.0,100623
85,1,00:00.0,00:00.0,25,24.9,60,60.4,14,21:53.0,100637
85,1,00:00.0,00:00.0,25,25.1,60,59.1,14,15:54.0,101574
85,1,30:00.0,30:00.0,25,25.1,60,59.4,14,15:56.0,101575
85,1,00:00.0,00:00.0,25,25.1,60,59.7,14,15:58.0,101576
85,1,00:00.0,00:00.0,25,25.9,60,61.3,14,34:05.0,105080
85,1,30:00.0,30:00.0,25,25.1,60,60,14,16:02.0,101578
85,1,00:00.0,00:00.0,25,25.1,60,60.1,14,16:04.0,101579
85,1,30:00.0,30:00.0,25,25.1,60,60.5,14,16:06.0,101580
85,1,00:00.0,00:00.0,25,25.1,60,59.4,14,16:08.0,101581
85,1,30:00.0,30:00.0,25,25.1,60,59.1,14,16:10.0,101582
85,1,00:00.0,00:00.0,25,25.1,60,60.3,14,16:12.0,101583
85,1,30:00.0,30:00.0,25,25.1,60,60.4,14,16:13.0,101584
85,1,00:00.0,00:00.0,25,25.1,60,60.7,14,16:15.0,101585
85,1,30:00.0,30:00.0,25,25,60,60.5,14,16:17.0,101586
85,1,00:00.0,00:00.0,25,25,60,60.7,14,16:19.0,101587
85,1,30:00.0,30:00.0,25,25.1,60,60.5,14,16:21.0,101588
85,1,00:00.0,00:00.0,25,29.3,60,61.3,14,34:05.0,105204
85,1,00:00.0,00:00.0,25,25.1,60,60.1,14,16:25.0,101590
85,2,00:00.0,00:00.0,40,40.1,75,74.6,14,16:32.0,101592
85,2,30:00.0,30:00.0,40,40,75,75.7,14,16:34.0,101593
85,2,00:00.0,00:00.0,40,40,75,74.8,14,16:36.0,101594
85,2,30:00.0,30:00.0,40,39.9,75,74.8,14,16:37.0,101595
85,2,00:00.0,00:00.0,40,40,75,75,14,16:39.0,101596
85,2,30:00.0,30:00.0,40,40,75,74.7,14,16:41.0,101597
85,2,00:00.0,00:00.0,40,40.1,75,75.6,14,16:43.0,101598
85,2,30:00.0,30:00.0,40,40,75,74.9,14,16:45.0,101599
85,2,00:00.0,00:00.0,40,40,75,75.3,14,16:47.0,101600
85,2,30:00.0,30:00.0,40,40,75,74.9,14,16:49.0,101601
85,2,00:00.0,00:00.0,40,40.1,75,74.9,14,16:51.0,101602
85,2,30:00.0,30:00.0,40,40,75,74.8,14,16:53.0,101603
85,2,00:00.0,00:00.0,40,40,75,74.6,14,16:55.0,101604
85,2,30:00.0,30:00.0,40,40,75,74.5,14,16:57.0,101605
85,2,00:00.0,00:00.0,40,40,75,74.7,14,16:58.0,101606
85,2,30:00.0,30:00.0,40,40,75,75.3,14,17:00.0,101607
85,2,00:00.0,00:00.0,40,40,75,75.1,14,17:02.0,101608
85,2,30:00.0,30:00.0,40,40,75,75.4,14,17:04.0,101609
85,2,00:00.0,00:00.0,40,40,75,74.8,14,17:06.0,101610
85,2,30:00.0,30:00.0,40,40.3,75,75.2,14,17:08.0,101611
85,2,00:00.0,00:00.0,40,40.2,75,75,14,17:10.0,101612
85,2,30:00.0,30:00.0,40,40.1,75,75.1,14,17:12.0,101613
85,2,00:00.0,00:00.0,40,40.1,75,74.9,14,17:14.0,101614
85,2,30:00.0,30:00.0,40,40,75,75,14,17:16.0,101615
85,2,00:00.0,00:00.0,40,40.1,75,74.9,14,17:18.0,101616
85,2,30:00.0,30:00.0,40,39.9,75,75,14,17:20.0,101617
85,2,00:00.0,00:00.0,40,40,75,75.3,14,17:21.0,101618
85,2,30:00.0,30:00.0,40,39.9,75,74.4,14,17:23.0,101619
85,2,00:00.0,00:00.0,40,40,75,75.5,14,17:25.0,101620
85,2,30:00.0,30:00.0,40,40,75,75,14,17:27.0,101621
85,2,00:00.0,00:00.0,40,39.9,75,75.1,14,17:29.0,101622
85,2,30:00.0,30:00.0,40,40,75,74.3,14,17:31.0,101623
85,2,00:00.0,00:00.0,40,40.2,75,75.2,14,17:33.0,101624
85,2,30:00.0,30:00.0,40,39.9,75,74.9,14,17:34.0,101625
85,2,00:00.0,00:00.0,40,40.3,75,74.5,14,17:36.0,101626
85,2,30:00.0,30:00.0,40,40,75,75.1,14,17:38.0,101627
85,2,00:00.0,00:00.0,40,40.1,75,75,14,17:40.0,101628
85,2,30:00.0,30:00.0,40,40,75,74.9,14,17:42.0,101629
85,2,00:00.0,00:00.0,40,40,75,74.9,14,17:44.0,101630
85,1,00:00.0,00:00.0,25,25.2,60,59.4,14,34:05.0,105208
85,2,30:00.0,30:00.0,40,40,75,75.4,14,17:48.0,101632
85,2,00:00.0,00:00.0,40,39.9,75,75.2,14,17:50.0,101633
85,2,30:00.0,30:00.0,40,40,75,74.9,14,17:52.0,101634
85,2,00:00.0,00:00.0,40,40,75,74.6,14,17:54.0,101635
85,2,30:00.0,30:00.0,40,40,75,75.2,14,17:55.0,101636
85,2,00:00.0,00:00.0,40,40,75,75.4,14,17:57.0,101637
85,2,30:00.0,30:00.0,40,40,75,75,14,17:59.0,101638
85,2,00:00.0,00:00.0,40,40,75,74.7,14,18:01.0,101639
85,2,30:00.0,30:00.0,40,40,75,75.2,14,18:03.0,101640
85,2,00:00.0,00:00.0,40,40.1,75,75.1,14,18:06.0,101641
85,2,30:00.0,30:00.0,40,40.1,75,74.7,14,18:08.0,101642
85,2,00:00.0,00:00.0,40,40,75,74.9,14,18:10.0,101643
85,1,00:00.0,00:00.0,25,28,60,66.9,14,34:05.0,105214
85,2,30:00.0,30:00.0,40,40,75,75.1,14,18:14.0,101645
85,2,00:00.0,00:00.0,40,40,75,74.7,14,18:16.0,101646
85,2,30:00.0,30:00.0,40,40.1,75,74.6,14,18:18.0,101647
85,1,00:00.0,00:00.0,25,27.7,60,59.6,14,34:05.0,105216
85,2,00:00.0,00:00.0,40,40,75,75,14,18:22.0,101649
85,2,30:00.0,30:00.0,40,40,75,75,14,18:24.0,101650
85,2,00:00.0,00:00.0,40,40,75,75,14,18:25.0,101651
85,2,30:00.0,30:00.0,40,40,75,75,14,18:27.0,101652
85,2,00:00.0,00:00.0,40,40,75,74.5,14,18:29.0,101653
85,2,30:00.0,30:00.0,40,40,75,75.2,14,18:31.0,101654
85,1,53:00.0,53:00.0,0.2,0,0,0,12,49:23.0,99214
85,1,00:00.0,00:00.0,25,24.9,60,61.1,14,46:20.0,100295
85,1,00:00.0,00:00.0,25,24.9,60,59.8,14,46:20.0,100311
85,2,30:00.0,30:00.0,40,40,75,75,14,51:49.0,100436
85,2,30:00.0,30:00.0,40,40,75,74.6,14,51:49.0,100589
85,2,30:00.0,30:00.0,40,40,75,75.1,14,51:49.0,100597
85,2,30:00.0,30:00.0,40,40,75,75.3,14,51:49.0,100605
85,2,00:00.0,00:00.0,40,40.1,75,75.1,14,51:49.0,100614
85,1,30:00.0,30:00.0,25,24.9,60,60.9,14,21:53.0,100622
85,1,30:00.0,30:00.0,25,24.9,60,61,14,21:53.0,100638
85,1,00:00.0,00:00.0,25,25.1,60,59.9,12,48:04.0,101775
85,1,30:00.0,30:00.0,25,25.1,60,60.1,14,03:00.0,101779
85,1,00:00.0,00:00.0,25,25.1,60,60.2,14,03:00.0,101795
85,2,30:00.0,30:00.0,40,40.1,75,74.1,12,27:01.0,103682
85,2,00:00.0,00:00.0,40,38.6,75,76.8,12,27:01.0,103697
85,1,30:00.0,30:00.0,25,25.1,60,59.1,12,00:41.0,103708
85,1,30:00.0,30:00.0,25,25,60,60.5,12,00:41.0,103724
85,1,30:00.0,30:00.0,25,24.9,60,60.6,12,00:41.0,103740
85,1,30:00.0,30:00.0,25,24.9,60,59.9,12,00:41.0,103750
85,2,30:00.0,30:00.0,40,40.1,75,75.3,12,04:15.0,103756
85,2,00:00.0,00:00.0,40,40,75,75,12,04:15.0,103757
85,2,30:00.0,30:00.0,40,40,75,75.3,12,04:15.0,103760
85,2,00:00.0,00:00.0,40,40.1,75,77,12,04:15.0,103771
85,2,00:00.0,00:00.0,40,40.3,75,76.6,12,04:15.0,103777
85,2,30:00.0,30:00.0,40,38.9,75,75,12,04:15.0,103784
85,2,00:00.0,00:00.0,40,39.4,75,75.1,12,04:15.0,103791
85,2,00:00.0,00:00.0,40,40,75,75.4,12,04:15.0,103801
85,1,00:00.0,00:00.0,25,24.9,60,59.8,12,10:34.0,104191
85,1,30:00.0,30:00.0,25,24.9,60,60.2,12,10:34.0,104207
85,1,00:00.0,00:00.0,25,25,60,59.5,12,10:34.0,104223
85,1,00:00.0,00:00.0,25,25,60,59.7,12,10:34.0,104236
85,1,30:00.0,30:00.0,25,25,60,59.6,12,10:34.0,104237
85,1,00:00.0,00:00.0,25,25.1,60,59.8,12,10:34.0,104242
85,1,00:00.0,00:00.0,25,25.1,60,59.9,12,10:34.0,104246
85,1,00:00.0,00:00.0,25,25.1,60,59.8,12,10:34.0,104250
85,1,00:00.0,00:00.0,25,25.1,60,60.1,12,10:34.0,104262
85,1,30:00.0,30:00.0,25,25.1,60,60,12,10:34.0,104263
85,1,00:00.0,00:00.0,25,25.1,60,60,12,10:34.0,104266
85,2,30:00.0,30:00.0,40,39.9,75,74.4,12,15:36.0,104282
85,2,00:00.0,00:00.0,40,40,75,74.4,12,15:36.0,104283
85,2,00:00.0,00:00.0,40,40,75,74.3,12,15:36.0,104285
85,2,00:00.0,00:00.0,40,40,75,75.6,12,15:36.0,104293
85,2,00:00.0,00:00.0,40,40,75,76.3,12,15:36.0,104295
85,2,00:00.0,00:00.0,40,40,75,72.6,12,15:36.0,104301
85,2,30:00.0,30:00.0,40,38.9,75,76.2,12,15:36.0,104302
85,2,00:00.0,00:00.0,40,39.4,75,74.3,12,15:36.0,104307
85,2,00:00.0,00:00.0,40,39,75,75,12,15:36.0,104315
85,2,30:00.0,30:00.0,40,40.3,75,76,12,15:36.0,104318
85,2,30:00.0,30:00.0,40,40,75,77.8,12,15:36.0,104324
85,2,30:00.0,30:00.0,40,40.1,75,77.9,12,15:36.0,104326
85,2,00:00.0,00:00.0,40,40,75,73.5,12,15:36.0,104335
85,2,30:00.0,30:00.0,40,40,75,72.9,12,15:36.0,104338
85,2,30:00.0,30:00.0,40,40,75,74.3,12,15:36.0,104348
85,2,00:00.0,00:00.0,40,40,75,76.3,12,15:36.0,104359
85,2,30:00.0,30:00.0,40,39,75,73.5,12,15:36.0,104368
85,2,00:00.0,00:00.0,40,40.1,75,75.6,12,15:36.0,104373
85,2,00:00.0,00:00.0,40,40.3,75,75.1,12,15:36.0,104392
85,2,30:00.0,30:00.0,40,38.1,75,74.7,12,15:36.0,104409
85,2,00:00.0,00:00.0,40,39.9,75,74.9,12,49:27.0,104428
85,2,00:00.0,00:00.0,40,39.9,75,75,12,55:26.0,104455
85,2,00:00.0,00:00.0,40,40,75,74.7,12,55:26.0,104459
85,2,30:00.0,30:00.0,40,40,75,75.7,12,55:26.0,104462
85,2,00:00.0,00:00.0,40,40,75,75.2,12,55:26.0,104468
85,2,00:00.0,00:00.0,40,40,75,77.2,12,55:26.0,104474
85,2,00:00.0,00:00.0,40,40,75,75.9,12,55:26.0,104478
85,2,30:00.0,30:00.0,40,40,75,78.5,12,55:26.0,104483
85,2,00:00.0,00:00.0,40,40,75,75.4,12,55:26.0,104486
85,2,00:00.0,00:00.0,40,40,75,74.3,12,55:26.0,104490
85,2,30:00.0,30:00.0,40,40,75,74.4,12,55:26.0,104493
85,2,30:00.0,30:00.0,40,39.9,75,74.5,12,58:58.0,104564
85,1,00:00.0,00:00.0,25,23.6,60,59.8,14,34:05.0,105128
85,2,30:00.0,30:00.0,40,40,75,73.4,12,58:58.0,104585
85,2,30:00.0,30:00.0,40,40,75,74.8,12,58:58.0,104601
85,2,30:00.0,30:00.0,40,40,75,76,12,58:58.0,104605
85,2,30:00.0,30:00.0,40,40,75,73.1,12,58:58.0,104609
85,2,30:00.0,30:00.0,40,40,75,75,12,58:58.0,104613
85,2,30:00.0,30:00.0,40,40,75,74.3,12,58:58.0,104619
85,2,00:00.0,00:00.0,40,40,75,79.3,12,58:58.0,104654
85,2,30:00.0,30:00.0,40,40.1,75,74,12,58:58.0,104657
85,2,30:00.0,30:00.0,40,40,75,77.4,12,58:58.0,104663
85,1,30:00.0,30:00.0,25,26.4,60,62.6,14,34:05.0,105139
85,1,30:00.0,30:00.0,25,24.7,60,59.3,14,34:05.0,105152
85,1,00:00.0,00:00.0,25,26.2,60,61.5,14,34:05.0,105161
85,1,30:00.0,30:00.0,25,28,60,69.5,14,34:05.0,105176
85,1,00:00.0,00:00.0,25,25.7,60,61.7,14,34:05.0,105178
85,1,00:00.0,00:00.0,25,27.1,60,54.3,14,34:05.0,105192
85,1,00:00.0,00:00.0,25,27.9,60,61.2,14,34:05.0,105202
85,1,00:00.0,00:00.0,25,28.1,60,56.7,14,34:05.0,105220
85,2,00:00.0,00:00.0,40,40,75,78.1,14,45:58.0,105232
85,2,00:00.0,00:00.0,40,40,75,74.8,14,45:58.0,105251
85,2,30:00.0,30:00.0,40,40,75,74.8,14,45:58.0,105258
85,2,30:00.0,30:00.0,40,40,75,76.4,14,45:58.0,105264
85,2,00:00.0,00:00.0,40,40,75,74.9,14,45:58.0,105286
85,1,00:00.0,00:00.0,25,24.9,60,59.3,14,46:20.0,100281
85,1,00:00.0,00:00.0,25,24.9,60,60,14,46:20.0,100297
85,1,00:00.0,00:00.0,25,24.9,60,60.3,14,46:20.0,100313
85,1,30:00.0,30:00.0,25,25,60,59.1,14,46:20.0,100326
85,2,30:00.0,30:00.0,40,40,75,74.8,14,51:49.0,100438
85,2,30:00.0,30:00.0,40,40,75,75.5,14,51:49.0,100453
85,2,30:00.0,30:00.0,40,40.1,75,75.3,14,51:49.0,100465
85,2,00:00.0,00:00.0,40,40.1,75,75.4,14,51:49.0,100480
85,2,30:00.0,30:00.0,40,40,75,74.8,14,51:49.0,100491
85,2,30:00.0,30:00.0,40,40,75,75.1,14,51:49.0,100507
85,2,00:00.0,00:00.0,40,40.1,75,75.5,14,51:49.0,100522
85,2,30:00.0,30:00.0,40,40,75,75.5,14,51:49.0,100533
85,2,00:00.0,00:00.0,40,40,75,75.3,14,51:49.0,100548
85,2,30:00.0,30:00.0,40,40,75,74.6,14,51:49.0,100561
85,2,00:00.0,00:00.0,40,39.9,75,75.3,14,51:49.0,100572
85,2,00:00.0,00:00.0,40,40,75,74.9,14,51:49.0,100586
85,2,00:00.0,00:00.0,40,39.9,75,75.2,14,51:49.0,100598
85,2,30:00.0,30:00.0,40,40,75,74.9,14,51:49.0,100607
85,2,00:00.0,00:00.0,40,39.9,75,75.3,14,51:49.0,100618
85,1,00:00.0,00:00.0,25,24.9,60,59.9,14,21:53.0,100625
85,2,30:00.0,30:00.0,40,40.1,75,75.2,14,16:30.0,101591
85,1,00:00.0,00:00.0,25,25.1,60,60.2,14,19:13.0,101669
85,1,30:00.0,30:00.0,25,25.1,60,60,14,56:36.0,101670
85,1,00:00.0,00:00.0,25,25.1,60,59.6,14,56:36.0,101671
85,1,30:00.0,30:00.0,25,25.1,60,59.8,14,56:36.0,101672
85,1,00:00.0,00:00.0,25,25.1,60,60,14,56:36.0,101673
85,1,30:00.0,30:00.0,25,25,60,60.2,14,56:36.0,101674
85,1,00:00.0,00:00.0,25,25.1,60,60.1,14,56:36.0,101675
85,1,30:00.0,30:00.0,25,25.1,60,59.1,14,56:36.0,101676
85,1,00:00.0,00:00.0,25,25,60,59.9,14,56:36.0,101677
85,1,30:00.0,30:00.0,25,25.1,60,59.4,14,56:36.0,101678
85,1,00:00.0,00:00.0,25,25,60,60.1,14,56:36.0,101679
85,1,30:00.0,30:00.0,25,25,60,60.1,14,56:36.0,101680
85,1,00:00.0,00:00.0,25,25,60,60.6,14,56:36.0,101681
85,2,00:00.0,00:00.0,40,40.1,75,76,14,57:42.0,102198
85,1,30:00.0,30:00.0,25,25,60,60.2,14,57:01.0,101683
85,1,30:00.0,30:00.0,25,24.9,60,58.8,14,58:20.0,101703
85,1,30:00.0,30:00.0,25,25.1,60,59.6,12,48:04.0,101773
85,1,30:00.0,30:00.0,25,25.1,60,60.8,14,03:00.0,101777
85,1,30:00.0,30:00.0,25,25.1,60,60.4,14,03:00.0,101792
85,1,00:00.0,00:00.0,25,25.1,60,59.8,14,03:00.0,101808
85,1,00:00.0,00:00.0,25,25.1,60,61.3,14,03:00.0,101812
85,1,30:00.0,30:00.0,25,25,60,58.9,14,03:00.0,101829
85,1,30:00.0,30:00.0,25,24.9,60,60,14,03:00.0,101845
85,1,00:00.0,00:00.0,25,24.9,60,60.5,14,03:00.0,101860
85,1,30:00.0,30:00.0,25,24.9,60,60.2,14,03:00.0,101871
85,1,00:00.0,00:00.0,25,24.9,60,59.8,14,03:00.0,101886
85,1,00:00.0,00:00.0,25,25,60,59.3,14,03:00.0,101900
85,1,30:00.0,30:00.0,25,25.1,60,60.3,14,03:00.0,101911
85,1,30:00.0,30:00.0,25,25.1,60,59.6,14,59:08.0,102223
85,1,30:00.0,30:00.0,25,25.1,60,60.1,12,44:14.0,102246
85,1,30:00.0,30:00.0,25,25.1,60,60.2,12,44:14.0,102262
85,2,00:00.0,00:00.0,40,40.1,75,74,12,27:01.0,103687
85,1,00:00.0,00:00.0,25,25,60,59.8,12,48:43.0,102285
85,1,30:00.0,30:00.0,25,25,60,61.3,12,48:43.0,102310
85,1,00:00.0,00:00.0,25,25.1,60,61.1,12,48:43.0,102330
85,1,00:00.0,00:00.0,25,25.1,60,59.5,12,48:43.0,102348
85,1,00:00.0,00:00.0,25,25.1,60,59.6,12,48:43.0,102360
85,1,00:00.0,00:00.0,25,25,60,60.2,12,00:41.0,103717
85,1,00:00.0,00:00.0,25,24.9,60,60.2,12,00:41.0,103733
85,1,30:00.0,30:00.0,25,24.9,60,60.4,14,01:00.0,103818
85,1,00:00.0,00:00.0,25,24.9,60,59.3,14,01:00.0,103819
85,1,00:00.0,00:00.0,25,25,60,60.9,14,01:00.0,103831
85,1,30:00.0,30:00.0,25,24.9,60,60.2,14,01:00.0,103832
85,1,00:00.0,00:00.0,25,25,60,59.8,14,01:00.0,103833
85,1,30:00.0,30:00.0,25,25,60,60.1,14,01:00.0,103834
85,1,00:00.0,00:00.0,25,25,60,59.4,14,01:00.0,103835
85,1,30:00.0,30:00.0,25,24.9,60,59.6,14,01:00.0,103836
85,1,00:00.0,00:00.0,25,25,60,59.7,14,01:00.0,103837
85,1,30:00.0,30:00.0,25,25,60,58.8,14,01:00.0,103838
85,1,00:00.0,00:00.0,25,25,60,58.7,14,01:00.0,103839
85,1,30:00.0,30:00.0,25,25.1,60,60,14,01:00.0,103850
85,1,00:00.0,00:00.0,25,25,60,59.9,14,01:00.0,103851
85,1,30:00.0,30:00.0,25,25,60,60.5,14,01:00.0,103852
85,1,00:00.0,00:00.0,25,25,60,61.3,14,01:00.0,103853
85,1,30:00.0,30:00.0,25,25,60,60.6,14,01:00.0,103854
85,1,00:00.0,00:00.0,25,25,60,59.4,14,01:00.0,103855
85,1,30:00.0,30:00.0,25,25,60,60.6,14,01:00.0,103856
85,1,00:00.0,00:00.0,25,25,60,59.8,14,01:00.0,103857
85,1,30:00.0,30:00.0,25,25.1,60,60.2,14,01:00.0,103858
85,1,30:00.0,30:00.0,25,25.1,60,59.4,14,01:00.0,103870
85,1,00:00.0,00:00.0,25,25,60,59.3,14,01:00.0,103871
85,1,30:00.0,30:00.0,25,25.1,60,59.8,14,01:00.0,103872
85,1,00:00.0,00:00.0,25,25.1,60,60.7,14,01:00.0,103873
85,1,30:00.0,30:00.0,25,25.1,60,59.3,14,01:00.0,103874
85,1,00:00.0,00:00.0,25,25.1,60,58.6,14,01:00.0,103875
85,1,30:00.0,30:00.0,25,25.1,60,60.1,14,01:00.0,103876
85,1,00:00.0,00:00.0,25,25.1,60,58.8,14,01:00.0,103877
85,1,00:00.0,00:00.0,25,25.1,60,60.1,14,01:00.0,103889
85,1,30:00.0,30:00.0,25,25.1,60,60.7,14,01:00.0,103890
85,1,00:00.0,00:00.0,25,25.1,60,60.7,14,01:00.0,103891
85,1,30:00.0,30:00.0,25,25.1,60,60,14,01:00.0,103892
85,1,00:00.0,00:00.0,25,25.1,60,58.9,14,01:00.0,103893
85,1,30:00.0,30:00.0,25,24.9,60,60.1,14,46:20.0,100280
85,1,30:00.0,30:00.0,25,24.9,60,60.8,14,46:20.0,100296
85,1,30:00.0,30:00.0,25,25,60,60.7,14,46:20.0,100312
85,1,30:00.0,30:00.0,25,25,60,60.6,14,46:20.0,100324
85,1,00:00.0,00:00.0,25,25,60,60.4,14,46:20.0,100332
85,1,30:00.0,30:00.0,25,25.1,60,60.2,14,46:20.0,100341
85,1,30:00.0,30:00.0,25,25.1,60,59.8,14,46:20.0,100347
85,1,30:00.0,30:00.0,25,25.1,60,59.8,14,46:20.0,100357
85,1,00:00.0,00:00.0,25,25.1,60,59.6,14,46:20.0,100358
85,1,30:00.0,30:00.0,25,25.1,60,60.2,14,46:20.0,100372
85,1,30:00.0,30:00.0,25,25.1,60,59.3,14,46:20.0,100374
85,1,00:00.0,00:00.0,25,25.2,60,60.1,14,46:20.0,100383
85,1,30:00.0,30:00.0,25,25.1,60,58.3,14,46:20.0,100388
85,1,00:00.0,00:00.0,25,25.1,60,60.5,14,46:20.0,100399
85,1,30:00.0,30:00.0,25,25,60,60.3,14,46:20.0,100400
85,1,30:00.0,30:00.0,25,24.9,60,60.1,14,46:20.0,100412
85,1,30:00.0,30:00.0,25,25,60,60,14,46:20.0,100414
85,1,00:00.0,00:00.0,25,24.9,60,58.7,14,46:20.0,100423
85,2,00:00.0,00:00.0,40,39.8,75,75.5,14,51:49.0,100427
85,2,00:00.0,00:00.0,40,40,75,75.3,14,51:49.0,100437
85,2,00:00.0,00:00.0,40,39.9,75,75.5,14,51:49.0,100448
85,2,30:00.0,30:00.0,40,40,75,75.7,14,51:49.0,100451
85,2,30:00.0,30:00.0,40,40,75,75.2,14,51:49.0,100461
85,2,00:00.0,00:00.0,40,40,75,74.6,14,51:49.0,100464
85,2,00:00.0,00:00.0,40,39.9,75,74.9,14,51:49.0,100472
85,2,00:00.0,00:00.0,40,39.9,75,75,14,51:49.0,100478
85,2,00:00.0,00:00.0,40,40.1,75,74.9,14,51:49.0,100486
85,2,30:00.0,30:00.0,40,40,75,75.1,14,51:49.0,100487
85,2,00:00.0,00:00.0,40,40.1,75,74.9,14,51:49.0,100496
85,2,00:00.0,00:00.0,40,40,75,74.7,14,51:49.0,100498
85,1,00:00.0,00:00.0,25,24.9,60,61.3,14,21:53.0,100639
85,2,00:00.0,00:00.0,40,40,75,74.8,14,51:49.0,100512
85,2,00:00.0,00:00.0,40,40.1,75,75.3,14,51:49.0,100520
85,2,30:00.0,30:00.0,40,40.2,75,74.5,14,51:49.0,100523
85,2,30:00.0,30:00.0,40,40,75,75.6,14,51:49.0,100529
85,2,00:00.0,00:00.0,40,40,75,75.1,14,51:49.0,100536
85,2,30:00.0,30:00.0,40,39.9,75,75,14,51:49.0,100539
85,2,30:00.0,30:00.0,40,39.9,75,75,14,51:49.0,100545
85,2,00:00.0,00:00.0,40,40,75,75.3,14,51:49.0,100554
85,2,30:00.0,30:00.0,40,40,75,75.3,14,51:49.0,100557
85,2,30:00.0,30:00.0,40,39.9,75,74.9,14,51:49.0,100563
85,2,30:00.0,30:00.0,40,40,75,75,14,51:49.0,100573
85,2,00:00.0,00:00.0,40,39.9,75,74.9,14,51:49.0,100574
85,2,00:00.0,00:00.0,40,40,75,75.1,14,51:49.0,100582
85,2,30:00.0,30:00.0,40,39.9,75,75.2,14,51:49.0,100587
85,2,00:00.0,00:00.0,40,40,75,75.1,14,51:49.0,100592
85,2,30:00.0,30:00.0,40,40,75,74.6,14,51:49.0,100601
85,2,30:00.0,30:00.0,40,40,75,74.9,14,51:49.0,100603
85,2,00:00.0,00:00.0,40,40,75,75.2,14,51:49.0,100610
85,2,30:00.0,30:00.0,40,40,75,75.5,14,51:49.0,100615
85,2,30:00.0,30:00.0,40,40.1,75,74.9,14,51:49.0,100617
85,2,00:00.0,00:00.0,40,40,75,74.9,14,18:33.0,101655
85,2,00:00.0,00:00.0,40,40.1,75,74.1,12,27:01.0,103681
85,2,00:00.0,00:00.0,40,40,75,77.2,12,27:01.0,103691
85,2,30:00.0,30:00.0,40,40,75,76.8,12,27:01.0,103694
85,2,00:00.0,00:00.0,40,40.2,75,75.7,12,27:01.0,103703
85,1,00:00.0,00:00.0,25,25.1,60,60.7,12,00:41.0,103711
85,1,00:00.0,00:00.0,25,25,60,59.8,12,00:41.0,103727
85,1,00:00.0,00:00.0,25,24.9,60,60.6,12,00:41.0,103743
85,2,00:00.0,00:00.0,40,40,75,73.6,12,04:15.0,103765
85,2,30:00.0,30:00.0,40,40.2,75,73.4,12,04:15.0,103778
85,2,30:00.0,30:00.0,40,40.1,75,75.4,12,04:15.0,103794
85,1,30:00.0,30:00.0,25,24.9,60,59.5,14,01:00.0,103808
85,1,00:00.0,00:00.0,25,24.9,60,60.3,14,01:00.0,103809
85,1,30:00.0,30:00.0,25,25,60,60,14,01:00.0,103830
85,1,00:00.0,00:00.0,25,25,60,61.1,14,01:00.0,103843
85,1,30:00.0,30:00.0,25,25.1,60,60.1,14,01:00.0,103844
85,1,00:00.0,00:00.0,25,25,60,59.5,14,01:00.0,103845
85,1,30:00.0,30:00.0,25,25,60,60.6,14,01:00.0,103846
85,1,00:00.0,00:00.0,25,25,60,60.5,14,01:00.0,103847
85,1,30:00.0,30:00.0,25,25,60,59.2,14,01:00.0,103848
85,1,00:00.0,00:00.0,25,25,60,60.5,14,01:00.0,103849
85,1,30:00.0,30:00.0,25,25.1,60,59.7,14,01:00.0,103860
85,1,00:00.0,00:00.0,25,25.1,60,59.8,14,01:00.0,103861
85,1,30:00.0,30:00.0,25,25.1,60,60.7,14,01:00.0,103862
85,1,00:00.0,00:00.0,25,25.1,60,60.5,14,01:00.0,103863
85,1,30:00.0,30:00.0,25,25.1,60,60,14,01:00.0,103864
85,1,00:00.0,00:00.0,25,25.1,60,61.3,14,01:00.0,103865
85,1,30:00.0,30:00.0,25,25.1,60,60.9,14,01:00.0,103866
85,1,00:00.0,00:00.0,25,25.1,60,59.9,14,01:00.0,103867
85,1,30:00.0,30:00.0,25,25.1,60,61.7,14,01:00.0,103868
85,1,00:00.0,00:00.0,25,25.1,60,59.5,14,01:00.0,103869
85,1,00:00.0,00:00.0,25,25.1,60,59,14,01:00.0,103879
85,1,30:00.0,30:00.0,25,25.2,60,61.4,14,01:00.0,103880
85,1,00:00.0,00:00.0,25,25.1,60,59,14,01:00.0,103881
85,1,30:00.0,30:00.0,25,25.1,60,60.5,14,01:00.0,103882
85,1,00:00.0,00:00.0,25,25.1,60,61.2,14,01:00.0,103883
85,1,30:00.0,30:00.0,25,25.1,60,61,14,01:00.0,103884
85,1,00:00.0,00:00.0,25,25.1,60,60.5,14,01:00.0,103885
85,1,30:00.0,30:00.0,25,25,60,60.8,14,01:00.0,103886
85,1,00:00.0,00:00.0,25,25.1,60,60.4,14,01:00.0,103887
85,1,30:00.0,30:00.0,25,25.1,60,60.5,14,01:00.0,103888
85,1,00:00.0,00:00.0,25,26.4,60,61.1,14,34:05.0,105086
85,1,00:00.0,00:00.0,25,24.9,60,60.6,14,46:20.0,100293
85,1,00:00.0,00:00.0,25,25,60,59.5,14,46:20.0,100309
85,1,30:00.0,30:00.0,25,25,60,59,14,46:20.0,100328
85,1,00:00.0,00:00.0,25,25,60,59.7,14,46:20.0,100340
85,1,30:00.0,30:00.0,25,25.1,60,60.3,14,46:20.0,100355
85,1,00:00.0,00:00.0,25,25.1,60,59.6,14,46:20.0,100367
85,1,30:00.0,30:00.0,25,25.1,60,59,14,46:20.0,100382
85,1,00:00.0,00:00.0,25,25.1,60,60.5,14,46:20.0,100397
85,1,30:00.0,30:00.0,25,25,60,60,14,46:20.0,100408
85,1,30:00.0,30:00.0,25,24.8,60,60.1,14,46:20.0,100422
85,2,30:00.0,30:00.0,40,40.1,75,74.9,14,51:49.0,100445
85,2,30:00.0,30:00.0,40,40,75,74.9,14,51:49.0,100457
85,2,30:00.0,30:00.0,40,39.9,75,75.2,14,51:49.0,100473
85,2,00:00.0,00:00.0,40,40.1,75,75.1,14,51:49.0,100488
85,2,00:00.0,00:00.0,40,40,75,75,14,51:49.0,100500
85,2,00:00.0,00:00.0,40,40,75,74.7,14,51:49.0,100516
85,2,00:00.0,00:00.0,40,39.8,75,75.1,14,51:49.0,100530
85,2,30:00.0,30:00.0,40,40,75,75.1,14,51:49.0,100541
85,2,00:00.0,00:00.0,40,39.9,75,74.6,14,51:49.0,100558
85,2,00:00.0,00:00.0,40,40,75,74.8,14,51:49.0,100588
85,2,00:00.0,00:00.0,40,39.9,75,74.9,14,51:49.0,100602
85,1,30:00.0,30:00.0,25,24.9,60,61.1,14,21:53.0,100636
85,2,30:00.0,30:00.0,40,40,75,74.8,14,18:35.0,101656
85,2,00:00.0,00:00.0,40,40,75,75.1,14,18:37.0,101657
85,2,30:00.0,30:00.0,40,40,75,74.8,14,18:39.0,101658
85,2,00:00.0,00:00.0,40,40,75,75.2,14,18:40.0,101659
85,2,30:00.0,30:00.0,40,40,75,75,14,18:42.0,101660
85,2,00:00.0,00:00.0,40,40,75,75.2,14,18:44.0,101661
85,2,30:00.0,30:00.0,40,39.9,75,74.6,14,18:46.0,101662
85,2,00:00.0,00:00.0,40,40,75,75.1,14,18:49.0,101663
85,2,30:00.0,30:00.0,40,39.9,75,74.8,14,18:51.0,101664
85,2,00:00.0,00:00.0,40,39.7,75,75.2,14,18:53.0,101665
85,2,30:00.0,30:00.0,40,40,75,74.5,14,18:55.0,101666
85,2,00:00.0,00:00.0,40,39.8,75,74.8,14,18:57.0,101667
85,1,30:00.0,30:00.0,25,25.1,60,60.3,14,19:13.0,101668
85,1,00:00.0,00:00.0,25,25,60,60.1,14,57:05.0,101684
85,1,30:00.0,30:00.0,25,25,60,61.2,14,57:07.0,101685
85,1,30:00.0,30:00.0,25,23.4,60,60.6,14,34:05.0,105089
85,1,00:00.0,00:00.0,25,25.2,60,59.8,14,34:05.0,105140
85,1,00:00.0,00:00.0,25,25,60,60.1,14,57:13.0,101688
85,1,30:00.0,30:00.0,25,25,60,60.6,14,57:15.0,101689
85,1,00:00.0,00:00.0,25,25,60,59.5,14,57:16.0,101690
85,1,30:00.0,30:00.0,25,25,60,60.2,14,57:18.0,101691
85,1,00:00.0,00:00.0,25,24.9,60,60.3,14,57:20.0,101692
85,1,30:00.0,30:00.0,25,25,60,60,14,57:36.0,101693
85,1,00:00.0,00:00.0,25,25,60,59.4,14,57:36.0,101694
85,1,30:00.0,30:00.0,25,25,60,58.2,14,57:36.0,101695
85,1,00:00.0,00:00.0,25,24.9,60,59.7,14,57:36.0,101696
85,1,30:00.0,30:00.0,25,24.7,60,59.1,14,34:05.0,105164
85,1,30:00.0,30:00.0,25,24.9,60,59.5,14,57:36.0,101698
85,1,00:00.0,00:00.0,25,24.9,60,60.1,14,57:36.0,101699
85,1,30:00.0,30:00.0,25,23.6,60,63.5,14,34:05.0,105187
85,1,30:00.0,30:00.0,25,24.9,60,60.2,14,58:01.0,101701
85,1,00:00.0,00:00.0,25,24.9,60,59.9,14,58:20.0,101702
85,1,30:00.0,30:00.0,25,27.9,60,66.3,14,34:05.0,105201
85,1,00:00.0,00:00.0,25,26.9,60,77.1,14,34:05.0,105212
85,1,00:00.0,00:00.0,25,25.1,60,60.4,14,03:00.0,101793
85,1,30:00.0,30:00.0,25,25.1,60,59.3,14,03:00.0,101809
85,1,00:00.0,00:00.0,25,25.1,60,60.4,14,03:00.0,101814
85,1,30:00.0,30:00.0,25,25,60,59.7,14,15:19.0,101918
85,1,00:00.0,00:00.0,25,25.1,60,60.1,14,15:19.0,101919
85,1,30:00.0,30:00.0,25,25.1,60,60,14,15:19.0,101920
85,1,00:00.0,00:00.0,25,25.1,60,59.4,14,15:19.0,101921
85,1,30:00.0,30:00.0,25,25.1,60,59.8,14,15:19.0,101922
85,1,00:00.0,00:00.0,25,25,60,59.8,14,15:19.0,101923
85,1,30:00.0,30:00.0,25,25.1,60,59.8,14,15:19.0,101924
85,1,00:00.0,00:00.0,25,25.1,60,59.9,14,15:19.0,101925
85,1,30:00.0,30:00.0,25,25.1,60,59.7,14,15:19.0,101926
85,1,00:00.0,00:00.0,25,25.1,60,59.6,14,15:19.0,101927
85,1,30:00.0,30:00.0,25,25.1,60,60.1,14,15:19.0,101928
85,1,00:00.0,00:00.0,25,25.1,60,60.1,14,15:19.0,101929
85,1,30:00.0,30:00.0,25,25.1,60,61.1,14,15:19.0,101930
85,1,00:00.0,00:00.0,25,25.1,60,59.3,14,15:19.0,101931
85,1,30:00.0,30:00.0,25,25.1,60,60.4,14,15:19.0,101932
85,1,00:00.0,00:00.0,25,25.1,60,60.3,14,15:19.0,101933
85,1,30:00.0,30:00.0,25,25.1,60,61.3,14,15:19.0,101934
85,1,00:00.0,00:00.0,25,25.1,60,60.2,14,15:19.0,101935
85,1,30:00.0,30:00.0,25,25.1,60,60.4,14,15:19.0,101936
85,1,00:00.0,00:00.0,25,25.1,60,60.4,14,15:19.0,101937
85,1,30:00.0,30:00.0,25,25.1,60,60.3,14,15:19.0,101938
85,1,00:00.0,00:00.0,25,25.1,60,61.2,14,15:19.0,101939
85,1,30:00.0,30:00.0,25,25.1,60,59,14,15:19.0,101940
85,1,00:00.0,00:00.0,25,25.1,60,59.5,14,15:19.0,101941
85,1,30:00.0,30:00.0,25,25.1,60,59.4,14,15:19.0,101942
85,1,00:00.0,00:00.0,25,25.1,60,59.1,14,15:19.0,101943
85,1,30:00.0,30:00.0,25,25.1,60,59.9,14,15:19.0,101944
85,1,00:00.0,00:00.0,25,25.1,60,59.6,14,15:19.0,101945
85,1,30:00.0,30:00.0,25,25.1,60,59.8,14,15:19.0,101946
85,1,00:00.0,00:00.0,25,25.1,60,58.8,14,15:19.0,101947
85,1,30:00.0,30:00.0,25,25.1,60,60.2,14,15:19.0,101948
85,1,00:00.0,00:00.0,25,25.1,60,59.7,14,15:19.0,101949
85,1,30:00.0,30:00.0,25,25,60,59.9,14,15:19.0,101950
85,1,00:00.0,00:00.0,25,25.1,60,60.4,14,15:19.0,101951
85,1,30:00.0,30:00.0,25,25,60,60,14,46:20.0,100286
85,1,30:00.0,30:00.0,25,24.9,60,60,14,46:20.0,100302
85,1,30:00.0,30:00.0,25,25,60,60.1,14,46:20.0,100318
85,1,00:00.0,00:00.0,25,25,60,60.2,14,46:20.0,100330
85,1,00:00.0,00:00.0,25,25.1,60,60.2,14,46:20.0,100336
85,1,00:00.0,00:00.0,25,25,60,60.6,14,46:20.0,100346
85,1,00:00.0,00:00.0,25,25.1,60,59.9,14,46:20.0,100356
85,1,30:00.0,30:00.0,25,25.1,60,59.9,14,46:20.0,100370
85,1,00:00.0,00:00.0,25,25.1,60,59.5,14,46:20.0,100379
85,1,00:00.0,00:00.0,25,25.1,60,59.8,14,46:20.0,100389
85,2,00:00.0,00:00.0,40,39.9,75,75.1,14,51:49.0,100433
85,1,00:00.0,00:00.0,25,24.9,60,60.5,14,21:53.0,100629
85,2,00:00.0,00:00.0,40,40,75,74.8,14,51:49.0,100456
85,2,30:00.0,30:00.0,40,40.1,75,74.9,14,51:49.0,100471
85,2,30:00.0,30:00.0,40,40,75,74.9,14,51:49.0,100483
85,2,30:00.0,30:00.0,40,40,75,75.2,14,51:49.0,100499
85,2,00:00.0,00:00.0,40,40.1,75,74.8,14,51:49.0,100514
85,1,00:00.0,00:00.0,25,25.2,60,59.8,14,03:00.0,101782
85,1,30:00.0,30:00.0,25,25.1,60,59.7,14,03:00.0,101798
85,1,00:00.0,00:00.0,25,25,60,60.3,14,03:00.0,101818
85,1,30:00.0,30:00.0,25,25,60,61,14,03:00.0,101821
85,1,30:00.0,30:00.0,25,24.9,60,60.8,14,03:00.0,101837
85,1,30:00.0,30:00.0,25,24.9,60,60.5,14,03:00.0,101851
85,1,30:00.0,30:00.0,25,24.9,60,59.2,14,03:00.0,101863
85,1,00:00.0,00:00.0,25,24.8,60,59.8,14,03:00.0,101878
85,1,00:00.0,00:00.0,25,24.9,60,61.4,14,03:00.0,101892
85,1,30:00.0,30:00.0,25,25,60,58.8,14,03:00.0,101903
85,1,00:00.0,00:00.0,25,25,60,59.8,14,03:00.0,101917
85,2,30:00.0,30:00.0,40,39.9,75,72.2,12,27:01.0,103684
85,2,00:00.0,00:00.0,40,40.1,75,75.2,12,27:01.0,103693
85,2,00:00.0,00:00.0,40,40.2,75,77,12,27:01.0,103701
85,1,00:00.0,00:00.0,25,25.1,60,60.5,12,00:41.0,103705
85,1,30:00.0,30:00.0,25,25,60,60.1,12,00:41.0,103720
85,1,30:00.0,30:00.0,25,25,60,60.1,12,00:41.0,103736
85,1,30:00.0,30:00.0,25,24.9,60,60.1,12,00:41.0,103752
85,2,30:00.0,30:00.0,40,40,75,74,12,04:15.0,103766
85,2,30:00.0,30:00.0,40,40,75,76,12,04:15.0,103770
85,2,30:00.0,30:00.0,40,40.2,75,74.5,12,04:15.0,103780
85,2,00:00.0,00:00.0,40,39.9,75,74,12,04:15.0,103781
85,2,30:00.0,30:00.0,40,40,75,75.8,12,04:15.0,103792
85,2,30:00.0,30:00.0,40,40,75,74,12,04:15.0,103800
85,1,00:00.0,00:00.0,25,24.9,60,60.1,14,01:00.0,103803
85,1,30:00.0,30:00.0,25,25,60,59.7,14,01:00.0,104008
85,1,30:00.0,30:00.0,25,24.9,60,60.2,12,10:34.0,104188
85,1,30:00.0,30:00.0,25,24.9,60,60.3,12,10:34.0,104203
85,1,00:00.0,00:00.0,25,24.9,60,59.8,12,10:34.0,104219
85,2,30:00.0,30:00.0,40,40.2,75,74.5,12,15:36.0,104276
85,2,00:00.0,00:00.0,40,40,75,76.8,12,15:36.0,104289
85,2,30:00.0,30:00.0,40,39.9,75,73.1,12,15:36.0,104300
85,2,30:00.0,30:00.0,40,38.4,75,75.6,12,15:36.0,104312
85,2,00:00.0,00:00.0,40,40,75,75,12,15:36.0,104325
85,2,30:00.0,30:00.0,40,40,75,74.2,12,15:36.0,104346
85,2,00:00.0,00:00.0,40,40,75,73.8,12,15:36.0,104357
85,2,30:00.0,30:00.0,40,39.8,75,77.9,12,15:36.0,104370
85,2,30:00.0,30:00.0,40,38.6,75,75.2,12,15:36.0,104378
85,2,00:00.0,00:00.0,40,38.4,75,74.9,12,15:36.0,104390
85,2,00:00.0,00:00.0,40,39.1,75,74.6,12,15:36.0,104402
85,2,00:00.0,00:00.0,40,39.8,75,75.5,12,15:36.0,104419
85,1,30:00.0,30:00.0,25,25.1,60,60.6,12,49:16.0,104424
85,2,30:00.0,30:00.0,40,40,75,76.6,12,55:26.0,104497
85,2,30:00.0,30:00.0,40,40.1,75,77.7,12,55:26.0,104503
85,2,30:00.0,30:00.0,40,40,75,75,12,55:26.0,104507
85,2,00:00.0,00:00.0,40,40,75,78.1,12,55:26.0,104512
85,2,00:00.0,00:00.0,40,40,75,74.8,12,55:26.0,104516
85,2,00:00.0,00:00.0,40,40,75,75.8,12,55:26.0,104519
85,2,30:00.0,30:00.0,40,40,75,73.9,12,55:26.0,104525
85,2,00:00.0,00:00.0,40,40,75,76.1,12,55:26.0,104528
85,2,30:00.0,30:00.0,40,40,75,77.6,12,58:58.0,104531
85,2,00:00.0,00:00.0,40,40,75,76.1,12,58:58.0,104534
85,2,00:00.0,00:00.0,40,40,75,73.9,12,58:58.0,104540
85,2,00:00.0,00:00.0,40,40,75,75.3,12,58:58.0,104544
85,2,30:00.0,30:00.0,40,39.9,75,73,12,58:58.0,104549
85,2,00:00.0,00:00.0,40,40,75,73.6,12,58:58.0,104553
85,2,30:00.0,30:00.0,40,39.9,75,73,12,58:58.0,104556
85,2,30:00.0,30:00.0,40,40,75,73.4,12,58:58.0,104560
85,2,30:00.0,30:00.0,40,39.9,75,75,12,58:58.0,104568
85,2,30:00.0,30:00.0,40,39.9,75,74.4,12,58:58.0,104571
85,2,30:00.0,30:00.0,40,40,75,79.6,12,58:58.0,104573
85,2,00:00.0,00:00.0,40,40,75,74.7,12,58:58.0,104576
85,2,00:00.0,00:00.0,40,40,75,77.4,12,58:58.0,104578
85,2,30:00.0,30:00.0,40,40,75,77.2,12,58:58.0,104579
85,2,30:00.0,30:00.0,40,40,75,76.6,12,58:58.0,104581
85,2,00:00.0,00:00.0,40,40,75,73.3,12,58:58.0,104586
85,2,30:00.0,30:00.0,40,40,75,79,12,58:58.0,104589
85,2,00:00.0,00:00.0,40,40,75,76.5,12,58:58.0,104592
85,2,30:00.0,30:00.0,40,40,75,72.8,12,58:58.0,104595
85,2,00:00.0,00:00.0,40,40,75,73,12,58:58.0,104618
85,2,00:00.0,00:00.0,40,40,75,75.3,12,58:58.0,104621
85,2,30:00.0,30:00.0,40,40,75,74.1,12,58:58.0,104626
85,2,00:00.0,00:00.0,40,40.1,75,75.7,12,58:58.0,104629
85,2,30:00.0,30:00.0,40,40,75,75.6,12,58:58.0,104633
85,2,00:00.0,00:00.0,40,40,75,78.8,12,58:58.0,104638
85,2,00:00.0,00:00.0,40,40,75,73.6,12,58:58.0,104642
85,2,30:00.0,30:00.0,40,40.1,75,75,12,22:40.0,99343
85,2,30:00.0,30:00.0,40,39.9,75,75.4,12,22:40.0,99359
85,2,30:00.0,30:00.0,40,40,75,74.6,12,22:40.0,99375
85,2,00:00.0,00:00.0,40,40,75,74.5,12,22:40.0,99391
85,2,02:00.0,02:00.0,40,40.1,75,74.7,14,13:15.0,99461
85,2,20:00.0,20:00.0,40,39.9,75,75.1,14,13:15.0,99470
85,2,28:00.0,28:00.0,40,39.8,75,75.5,14,13:15.0,99474
85,2,40:00.0,40:00.0,40,40.1,75,75.2,14,14:45.0,99481
85,1,04:00.0,04:00.0,42,888.8,0,0,12,05:21.0,99491
85,1,30:00.0,30:00.0,25,25.1,60,60.4,14,14:25.0,99514
85,1,00:00.0,00:00.0,25,25.1,60,59.4,14,14:25.0,99525
85,1,00:00.0,00:00.0,25,25,60,60.9,14,14:25.0,99535
85,1,30:00.0,30:00.0,25,24.9,60,59.9,14,14:25.0,99546
85,2,30:00.0,30:00.0,40,40,75,75.1,14,27:47.0,99553
85,2,30:00.0,30:00.0,40,39.9,75,74.9,14,27:47.0,99582
85,2,00:00.0,00:00.0,40,40.2,75,75.1,14,27:47.0,99609
85,2,30:00.0,30:00.0,40,40,75,74.9,14,27:47.0,99624
85,2,30:00.0,30:00.0,40,40.1,75,75.2,14,27:47.0,99638
85,1,00:00.0,00:00.0,25,25,60,60.4,12,09:26.0,99658
85,2,30:00.0,30:00.0,40,40,75,74.9,12,10:05.0,99674
85,2,30:00.0,30:00.0,40,40,75,75,12,10:05.0,99682
85,2,00:00.0,00:00.0,40,40,75,74.5,12,10:05.0,99685
85,2,30:00.0,30:00.0,40,40,75,74.9,12,13:13.0,99688
85,2,30:00.0,30:00.0,40,40,75,74.9,12,13:13.0,99692
85,2,00:00.0,00:00.0,40,40,75,75,12,13:13.0,99703
85,1,30:00.0,30:00.0,25,24.9,60,59.8,14,44:10.0,99710
85,1,00:00.0,00:00.0,25,24.9,60,60.1,14,44:10.0,99726
85,1,30:00.0,30:00.0,25,25,60,60,14,44:10.0,99742
85,2,00:00.0,00:00.0,40,39.9,75,75.7,14,52:11.0,99748
85,2,00:00.0,00:00.0,40,40,75,74.9,14,52:11.0,99766
85,2,30:00.0,30:00.0,40,40,75,74.6,14,52:11.0,99769
85,1,00:00.0,00:00.0,25,25,60,60,14,42:33.0,99788
85,1,00:00.0,00:00.0,25,25,60,60.5,14,42:33.0,99804
85,1,00:00.0,00:00.0,25,25.1,60,60.9,14,42:33.0,99823
85,1,00:00.0,00:00.0,25,25.1,60,59.4,14,42:33.0,99837
85,1,00:00.0,00:00.0,25,25.1,60,60,14,42:33.0,99849
85,1,30:00.0,30:00.0,25,25.1,60,59.4,14,42:33.0,99856
85,1,30:00.0,30:00.0,25,25,60,61,14,42:33.0,99864
85,1,00:00.0,00:00.0,25,24.9,60,59.5,14,42:33.0,99871
85,1,30:00.0,30:00.0,25,25,60,59.7,14,42:33.0,99878
85,2,30:00.0,30:00.0,40,39.8,75,74.8,14,51:22.0,99884
85,2,30:00.0,30:00.0,40,40,75,75.1,14,51:22.0,99907
85,2,00:00.0,00:00.0,40,40,75,75,14,51:22.0,99924
85,2,30:00.0,30:00.0,40,40,75,74.7,14,51:22.0,99936
85,2,30:00.0,30:00.0,40,40,75,74.9,14,51:22.0,99946
85,1,00:00.0,00:00.0,25,25,60,60,14,01:24.0,100090
85,1,30:00.0,30:00.0,25,24.9,60,59.1,14,50:40.0,99970
85,1,30:00.0,30:00.0,25,24.9,60,60.7,14,50:40.0,99986
85,1,30:00.0,30:00.0,25,25,60,59.9,14,50:40.0,100010
85,1,00:00.0,00:00.0,25,25.1,60,59.6,14,50:40.0,100024
85,1,30:00.0,30:00.0,25,25.1,60,59.5,14,50:40.0,100037
85,1,30:00.0,30:00.0,25,25.1,60,60,14,50:40.0,100051
85,1,30:00.0,30:00.0,25,25.1,60,59.8,14,50:40.0,100061
85,2,00:00.0,00:00.0,40,40,75,74.8,14,55:22.0,100071
85,2,30:00.0,30:00.0,40,40.1,75,75.2,14,55:22.0,100082
85,1,30:00.0,30:00.0,25,24.9,60,59.9,14,01:24.0,100109
85,2,00:00.0,00:00.0,40,40.3,75,74.7,14,05:26.0,100122
85,2,30:00.0,30:00.0,40,40.1,75,75,14,05:26.0,100144
85,2,00:00.0,00:00.0,40,39.9,75,75.1,14,05:26.0,100165
85,1,30:00.0,30:00.0,25,25.1,60,60.2,14,15:19.0,101952
85,2,30:00.0,30:00.0,40,40,75,78.1,12,27:01.0,103676
85,2,30:00.0,30:00.0,40,40.1,75,75,12,27:01.0,103688
85,2,30:00.0,30:00.0,40,38.4,75,77.1,12,27:01.0,103700
85,1,00:00.0,00:00.0,25,25.1,60,60.1,12,00:41.0,103709
85,1,00:00.0,00:00.0,25,25,60,60,12,00:41.0,103725
85,1,00:00.0,00:00.0,25,24.9,60,60.3,12,00:41.0,103741
85,2,30:00.0,30:00.0,40,39.9,75,73.2,12,04:15.0,103754
85,1,30:00.0,30:00.0,25,24.9,60,59.7,14,01:00.0,103806
85,1,00:00.0,00:00.0,25,24.9,60,60.6,14,01:00.0,103807
85,1,00:00.0,00:00.0,25,27.5,60,56.5,14,34:05.0,105082
85,1,30:00.0,30:00.0,25,27.4,60,54.5,14,34:05.0,105099
85,1,00:00.0,00:00.0,25,26.7,60,59.9,14,34:05.0,105115
85,1,00:00.0,00:00.0,25,29.4,60,85.3,14,34:05.0,105138
85,1,30:00.0,30:00.0,25,27.1,60,54.7,14,34:05.0,105158
85,1,30:00.0,30:00.0,25,27.7,60,73.8,14,34:05.0,105170
85,1,00:00.0,00:00.0,25,27.1,60,79.8,14,34:05.0,105182
85,1,30:00.0,30:00.0,25,32.2,60,85.3,14,34:05.0,105193
85,1,30:00.0,30:00.0,25,24.5,60,58.4,14,34:05.0,105209
85,1,00:00.0,00:00.0,25,27.5,60,56.8,14,34:05.0,105218
85,2,00:00.0,00:00.0,40,40,75,77,14,45:58.0,105244
85,2,00:00.0,00:00.0,40,40,75,73.8,14,45:58.0,105253
85,2,00:00.0,00:00.0,40,40.1,75,73.8,14,45:58.0,105269
85,2,30:00.0,30:00.0,40,40,75,75.1,14,45:58.0,105274
85,2,30:00.0,30:00.0,40,40,75,75.2,14,45:58.0,105287
85,1,30:00.0,30:00.0,25,25.4,60,57.3,12,08:20.0,105417
85,2,00:00.0,00:00.0,40,40,75,73.3,12,08:31.0,105421
85,1,30:00.0,30:00.0,25,26.4,60,64.4,12,08:47.0,105518
85,1,00:00.0,00:00.0,25,29.2,60,79.5,14,21:28.0,105558
85,2,00:00.0,00:00.0,40,39.9,75,78.2,14,21:37.0,105559
85,2,30:00.0,30:00.0,40,39.8,75,72.5,14,21:37.0,105560
85,2,00:00.0,00:00.0,40,40,75,78.4,14,21:37.0,105561
85,2,30:00.0,30:00.0,40,40.1,75,75.7,14,21:37.0,105562
85,1,00:00.0,00:00.0,25,24.9,60,59.6,14,46:20.0,100283
85,1,00:00.0,00:00.0,25,24.9,60,60.2,14,46:20.0,100299
85,1,00:00.0,00:00.0,25,24.9,60,59.5,14,46:20.0,100315
85,2,30:00.0,30:00.0,40,40,75,75,14,51:49.0,100440
85,1,30:00.0,30:00.0,25,24.9,60,58.8,14,21:53.0,100626
85,2,30:00.0,30:00.0,40,40.1,75,74.6,14,51:49.0,100475
85,2,00:00.0,00:00.0,40,40,75,74.7,14,51:49.0,100492
85,2,30:00.0,30:00.0,40,40.1,75,74.8,14,51:49.0,100509
85,2,00:00.0,00:00.0,40,40,75,75.6,14,51:49.0,100526
85,2,00:00.0,00:00.0,40,40,75,74.8,14,51:49.0,100542
85,2,30:00.0,30:00.0,40,40,75,74.9,14,51:49.0,100567
85,2,30:00.0,30:00.0,40,40,75,75.4,14,51:49.0,100575
85,2,30:00.0,30:00.0,40,39.9,75,74.8,14,51:49.0,100583
85,2,00:00.0,00:00.0,40,40,75,75,14,51:49.0,100594
85,2,00:00.0,00:00.0,40,40,75,75,14,51:49.0,100608
85,2,00:00.0,00:00.0,40,39.9,75,74.2,14,51:49.0,100620
85,2,00:00.0,00:00.0,40,40,75,74.2,12,27:01.0,103683
85,1,00:00.0,00:00.0,25,25,60,60.3,12,00:41.0,103719
85,1,00:00.0,00:00.0,25,25,60,59.9,12,00:41.0,103735
85,1,00:00.0,00:00.0,25,24.9,60,59.7,12,00:41.0,103751
85,2,00:00.0,00:00.0,40,40,75,76.4,12,04:15.0,103763
85,2,00:00.0,00:00.0,40,40,75,76.5,12,04:15.0,103773
85,2,30:00.0,30:00.0,40,40.2,75,74,12,04:15.0,103790
85,1,00:00.0,00:00.0,25,24.9,60,60.4,12,10:34.0,104202
85,1,30:00.0,30:00.0,25,24.9,60,59.7,12,10:34.0,104218
85,1,30:00.0,30:00.0,25,25.1,60,60.3,12,10:34.0,104234
85,1,30:00.0,30:00.0,25,25.1,60,59.5,12,10:34.0,104251
85,1,30:00.0,30:00.0,25,25.1,60,60,12,10:34.0,104269
85,2,00:00.0,00:00.0,40,39.9,75,74.4,12,15:36.0,104281
85,2,00:00.0,00:00.0,40,40,75,77.6,12,15:36.0,104291
85,2,30:00.0,30:00.0,40,38.8,75,74.1,12,15:36.0,104306
85,2,30:00.0,30:00.0,40,40.3,75,75.7,12,15:36.0,104320
85,2,00:00.0,00:00.0,40,40,75,73.8,12,15:36.0,104345
85,1,00:00.0,00:00.0,25,25,60,60.2,14,04:49.0,104779
85,1,00:00.0,00:00.0,25,25,60,60.1,14,29:14.0,104916
85,1,30:00.0,30:00.0,25,25,60,60.1,14,34:05.0,104951
85,1,00:00.0,00:00.0,25,25.1,60,60.2,14,34:05.0,104973
85,1,00:00.0,00:00.0,25,25.1,60,59.7,14,34:05.0,104995
85,1,30:00.0,30:00.0,25,27.5,60,56.2,14,34:05.0,105012
85,1,30:00.0,30:00.0,25,26.6,60,63.5,14,34:05.0,105025
85,1,30:00.0,30:00.0,25,24.6,60,58.9,14,34:05.0,105049
85,1,00:00.0,00:00.0,25,29.3,60,84.1,14,34:05.0,105084
85,1,00:00.0,00:00.0,25,26.3,60,59.5,14,34:05.0,105105
85,1,30:00.0,30:00.0,25,27.9,60,78.3,14,34:05.0,105125
85,1,00:00.0,00:00.0,25,25.8,60,76.2,14,34:05.0,105143
85,1,00:00.0,00:00.0,25,32,60,83.3,14,34:05.0,105159
85,1,00:00.0,00:00.0,25,28,60,71.9,14,34:05.0,105171
85,1,30:00.0,30:00.0,25,24.7,60,60.7,14,34:05.0,105185
85,1,30:00.0,30:00.0,25,24.3,60,58.6,14,34:05.0,105197
85,1,00:00.0,00:00.0,25,23.4,60,59.4,14,34:05.0,105210
85,1,30:00.0,30:00.0,25,23.3,60,59.9,14,34:05.0,105221
85,2,30:00.0,30:00.0,40,40,75,77.8,14,45:58.0,105243
85,2,30:00.0,30:00.0,40,40.1,75,75.2,14,45:58.0,105270
85,2,00:00.0,00:00.0,40,39.9,75,75,14,45:58.0,105290
85,1,00:00.0,00:00.0,25,24.9,60,59.9,14,46:20.0,100287
85,1,00:00.0,00:00.0,25,24.9,60,60.8,14,46:20.0,100303
85,1,00:00.0,00:00.0,25,25,60,61.1,14,46:20.0,100319
85,1,30:00.0,30:00.0,25,25.1,60,60.2,14,46:20.0,100339
85,1,30:00.0,30:00.0,25,25.1,60,60.1,14,46:20.0,100353
85,1,30:00.0,30:00.0,25,25.1,60,59.7,14,46:20.0,100363
85,1,00:00.0,00:00.0,25,25.1,60,60.3,14,46:20.0,100373
85,1,30:00.0,30:00.0,25,25.1,60,59.6,14,46:20.0,100386
85,1,30:00.0,30:00.0,25,25,60,60.9,14,46:20.0,100396
85,1,30:00.0,30:00.0,25,25,60,60.3,14,46:20.0,100406
85,1,30:00.0,30:00.0,25,24.9,60,60.3,14,46:20.0,100418
85,2,30:00.0,30:00.0,40,40,75,74.9,14,51:49.0,100426
85,2,30:00.0,30:00.0,40,40,75,75.4,14,51:49.0,100449
85,2,00:00.0,00:00.0,40,40,75,74.8,14,51:49.0,100466
85,2,00:00.0,00:00.0,40,40,75,75.2,14,51:49.0,100482
85,2,30:00.0,30:00.0,40,40,75,76,14,51:49.0,100497
85,2,00:00.0,00:00.0,40,40.1,75,75.1,14,51:49.0,100508
85,2,00:00.0,00:00.0,40,40.1,75,74.6,14,51:49.0,100524
85,2,00:00.0,00:00.0,40,40,75,75,14,51:49.0,100538
85,2,30:00.0,30:00.0,40,40,75,74.9,14,51:49.0,100549
85,2,00:00.0,00:00.0,40,40,75,74.7,14,51:49.0,100564
85,2,30:00.0,30:00.0,40,39.9,75,75,14,51:49.0,100577
85,2,30:00.0,30:00.0,40,40,75,75.2,14,51:49.0,100591
85,2,00:00.0,00:00.0,40,40.1,75,75.2,14,51:49.0,100600
85,2,30:00.0,30:00.0,40,40,75,75.1,14,51:49.0,100613
85,1,30:00.0,30:00.0,25,24.9,60,59.2,14,21:53.0,100630
85,2,30:00.0,30:00.0,40,40,75,74.8,12,27:01.0,103680
85,2,30:00.0,30:00.0,40,40,75,76.9,12,27:01.0,103686
85,1,30:00.0,30:00.0,25,25.1,60,59.7,12,00:41.0,103706
85,1,30:00.0,30:00.0,25,24.9,60,60,12,00:41.0,103722
85,1,30:00.0,30:00.0,25,24.9,60,60,12,00:41.0,103738
85,1,30:00.0,30:00.0,25,24.9,60,59.4,12,00:41.0,103746
85,2,00:00.0,00:00.0,40,40,75,74.2,12,04:15.0,103759
85,2,30:00.0,30:00.0,40,38.3,75,76,12,04:15.0,103774
85,2,30:00.0,30:00.0,40,39.9,75,75.8,12,04:15.0,103782
85,2,00:00.0,00:00.0,40,40,75,75.2,12,04:15.0,103795
85,1,00:00.0,00:00.0,25,24.8,60,60,14,01:00.0,103805
85,1,00:00.0,00:00.0,25,25.1,60,59.3,12,03:59.0,104031
85,1,00:00.0,00:00.0,25,24.9,60,59.4,12,10:34.0,104189
85,1,30:00.0,30:00.0,25,24.9,60,59.4,12,10:34.0,104205
85,1,00:00.0,00:00.0,25,25,60,60,12,10:34.0,104221
85,1,00:00.0,00:00.0,25,25,60,60,12,10:34.0,104229
85,1,30:00.0,30:00.0,25,25.1,60,60.5,12,10:34.0,104245
85,1,00:00.0,00:00.0,25,25.1,60,60.1,12,10:34.0,104260
85,2,00:00.0,00:00.0,40,40,75,76.8,12,15:36.0,104273
85,2,30:00.0,30:00.0,40,39.9,75,74.6,12,15:36.0,104288
85,2,30:00.0,30:00.0,40,39.9,75,74.7,12,15:36.0,104310
85,2,30:00.0,30:00.0,40,40,75,75.1,12,15:36.0,104332
85,2,30:00.0,30:00.0,40,40,75,75.1,12,15:36.0,104344
85,2,00:00.0,00:00.0,40,40.1,75,76.6,12,15:36.0,104349
85,2,30:00.0,30:00.0,40,39.9,75,75.1,12,15:36.0,104403
85,2,00:00.0,00:00.0,40,40,75,74.4,12,49:27.0,104426
85,2,00:00.0,00:00.0,40,40,75,75,12,55:26.0,104457
85,1,30:00.0,30:00.0,25,25.1,60,60.3,14,04:49.0,104761
85,2,00:00.0,00:00.0,40,39.9,75,75.5,12,55:26.0,104472
85,2,00:00.0,00:00.0,40,40,75,75.1,12,55:26.0,104476
85,2,00:00.0,00:00.0,40,40,75,77,12,55:26.0,104480
85,2,30:00.0,30:00.0,40,40,75,74.6,12,55:26.0,104485
85,1,30:00.0,30:00.0,25,25.1,60,60.1,14,04:49.0,104771
85,2,00:00.0,00:00.0,40,40,75,74.2,12,55:26.0,104492
85,2,00:00.0,00:00.0,40,40,75,76.8,12,55:26.0,104496
85,2,00:00.0,00:00.0,40,40,75,75.6,12,55:26.0,104498
85,2,30:00.0,30:00.0,40,40,75,74.4,12,55:26.0,104501
85,2,30:00.0,30:00.0,40,40,75,76.4,12,55:26.0,104505
85,2,30:00.0,30:00.0,40,40,75,76.1,12,55:26.0,104509
85,2,00:00.0,00:00.0,40,40.1,75,77.7,12,55:26.0,104514
85,2,30:00.0,30:00.0,40,40,75,75.8,12,55:26.0,104520
85,2,30:00.0,30:00.0,40,40,75,78.7,12,55:26.0,104523
85,2,30:00.0,30:00.0,40,40,75,76.2,12,55:26.0,104527
85,2,00:00.0,00:00.0,40,40,75,76.9,12,55:26.0,104530
85,2,30:00.0,30:00.0,40,40,75,74,12,58:58.0,104533
85,2,30:00.0,30:00.0,40,40,75,76,12,58:58.0,104539
85,2,00:00.0,00:00.0,40,39.9,75,73.6,12,58:58.0,104546
85,2,00:00.0,00:00.0,40,40,75,77,12,58:58.0,104548
85,1,00:00.0,00:00.0,25,25,60,59.5,14,04:49.0,104787
85,2,00:00.0,00:00.0,40,39.9,75,73.4,12,58:58.0,104555
85,2,30:00.0,30:00.0,40,40,75,78.8,12,58:58.0,104558
85,2,00:00.0,00:00.0,40,39.9,75,78.3,12,58:58.0,104563
85,2,00:00.0,00:00.0,40,39.9,75,73.8,12,58:58.0,104565
85,2,30:00.0,30:00.0,40,40,75,76.1,12,58:58.0,104615
85,2,30:00.0,30:00.0,40,40,75,73.8,12,58:58.0,104617
85,2,00:00.0,00:00.0,40,40,75,74.3,12,58:58.0,104623
85,2,00:00.0,00:00.0,40,40,75,73.4,12,58:58.0,104625
85,2,30:00.0,30:00.0,40,40,75,74.2,12,58:58.0,104628
85,2,00:00.0,00:00.0,40,40,75,75.4,12,58:58.0,104632
85,2,00:00.0,00:00.0,40,40.1,75,77.6,12,58:58.0,104634
85,2,30:00.0,30:00.0,40,39.9,75,79.8,12,58:58.0,104637
85,2,30:00.0,30:00.0,40,40,75,75.5,12,58:58.0,104645
85,2,00:00.0,00:00.0,40,40,75,72.9,12,58:58.0,104650
85,2,00:00.0,00:00.0,40,40.1,75,77.2,12,58:58.0,104652
85,2,00:00.0,00:00.0,40,40,75,76,12,58:58.0,104656
85,2,00:00.0,00:00.0,40,40,75,74.6,12,58:58.0,104658
85,2,00:00.0,00:00.0,40,39.9,75,76.4,12,58:58.0,104660
85,1,51:00.0,51:00.0,1.2,0,0,0,12,49:23.0,99211
85,1,00:00.0,00:00.0,25,24.9,60,60.4,14,46:20.0,100285
85,1,00:00.0,00:00.0,25,24.9,60,60.6,14,46:20.0,100301
85,1,00:00.0,00:00.0,25,25,60,60.4,14,46:20.0,100317
85,1,30:00.0,30:00.0,25,24.9,60,59.1,14,46:20.0,100322
85,1,30:00.0,30:00.0,25,24.9,60,59.3,14,21:53.0,100628
85,1,30:00.0,30:00.0,25,25,60,60.1,14,46:20.0,100335
85,1,00:00.0,00:00.0,25,25,60,59.1,14,46:20.0,100342
85,1,00:00.0,00:00.0,25,25,60,59.9,14,46:20.0,100344
85,1,00:00.0,00:00.0,25,25.1,60,60.8,14,46:20.0,100352
85,1,30:00.0,30:00.0,25,25.1,60,59.4,14,46:20.0,100359
85,1,30:00.0,30:00.0,25,25.1,60,60.2,14,46:20.0,100361
85,1,00:00.0,00:00.0,25,25.1,60,61.1,14,46:20.0,100369
85,1,30:00.0,30:00.0,25,25.1,60,60.2,14,46:20.0,100376
85,1,00:00.0,00:00.0,25,25.1,60,60.1,14,46:20.0,100377
85,1,00:00.0,00:00.0,25,25.1,60,59.8,14,46:20.0,100385
85,1,30:00.0,30:00.0,25,25.1,60,59.6,14,46:20.0,100392
85,1,30:00.0,30:00.0,25,25.1,60,59.6,14,46:20.0,100394
85,1,30:00.0,30:00.0,25,25,60,59.7,14,46:20.0,100402
85,1,00:00.0,00:00.0,25,25,60,60.2,14,46:20.0,100407
85,1,00:00.0,00:00.0,25,24.9,60,59.2,14,46:20.0,100409
85,1,00:00.0,00:00.0,25,25,60,60.5,14,46:20.0,100417
85,1,30:00.0,30:00.0,25,24.9,60,59.2,14,46:20.0,100420
85,2,30:00.0,30:00.0,40,39.7,75,75.4,14,51:49.0,100424
85,2,30:00.0,30:00.0,40,40,75,74.6,14,51:49.0,100430
85,2,00:00.0,00:00.0,40,40,75,75.7,14,51:49.0,100443
85,2,00:00.0,00:00.0,40,40,75,75,14,51:49.0,100454
85,2,30:00.0,30:00.0,40,40,75,74.4,14,51:49.0,100467
85,2,00:00.0,00:00.0,40,39.9,75,75,14,51:49.0,100484
85,2,30:00.0,30:00.0,40,40,75,75.2,14,51:49.0,100501
85,2,00:00.0,00:00.0,40,40,75,74.7,14,51:49.0,100518
85,2,00:00.0,00:00.0,40,40.1,75,75.1,14,51:49.0,100534
85,2,00:00.0,00:00.0,40,39.9,75,74.9,14,51:49.0,100550
85,2,30:00.0,30:00.0,40,39.9,75,74.7,14,51:49.0,100565
85,2,30:00.0,30:00.0,40,40,75,74.9,14,51:49.0,100579
85,2,30:00.0,30:00.0,40,40,75,74.9,14,51:49.0,100595
85,2,30:00.0,30:00.0,40,40,75,75.1,14,51:49.0,100609
85,1,00:00.0,00:00.0,25,25,60,60.4,14,15:19.0,101953
85,1,30:00.0,30:00.0,25,25.1,60,60.7,14,15:19.0,101954
85,1,00:00.0,00:00.0,25,25.1,60,60.9,14,15:19.0,101955
85,1,30:00.0,30:00.0,25,25.1,60,60.6,14,15:19.0,101956
85,1,00:00.0,00:00.0,25,25.1,60,60.5,14,15:19.0,101957
85,1,30:00.0,30:00.0,25,25.1,60,59.7,14,15:19.0,101958
85,1,00:00.0,00:00.0,25,25.1,60,59.6,14,15:19.0,101959
85,1,30:00.0,30:00.0,25,25,60,59.9,14,15:19.0,101960
85,1,00:00.0,00:00.0,25,25.1,60,59.6,14,15:19.0,101961
85,1,30:00.0,30:00.0,25,25,60,60.8,14,15:19.0,101962
85,1,00:00.0,00:00.0,25,25,60,60.1,14,15:19.0,101963
85,1,30:00.0,30:00.0,25,25,60,59.5,14,15:19.0,101964
85,1,00:00.0,00:00.0,25,25,60,59.7,14,15:19.0,101965
85,1,30:00.0,30:00.0,25,25.1,60,60.4,14,15:19.0,101966
85,1,00:00.0,00:00.0,25,25,60,59.8,14,15:19.0,101967
85,1,30:00.0,30:00.0,25,25.1,60,60.1,14,15:19.0,101968
85,1,00:00.0,00:00.0,25,25.1,60,60.6,14,15:19.0,101969
85,1,30:00.0,30:00.0,25,25,60,59.8,14,15:19.0,101970
85,1,00:00.0,00:00.0,25,25,60,60.2,14,15:19.0,101971
85,1,30:00.0,30:00.0,25,25,60,60.4,14,15:19.0,101972
85,1,00:00.0,00:00.0,25,25,60,60,14,15:19.0,101973
85,1,30:00.0,30:00.0,25,25,60,60,14,15:19.0,101974
85,1,00:00.0,00:00.0,25,25,60,59.7,14,15:19.0,101975
85,1,30:00.0,30:00.0,25,25,60,59.5,14,15:19.0,101976
85,1,00:00.0,00:00.0,25,25,60,59.7,14,15:19.0,101977
85,1,30:00.0,30:00.0,25,24.9,60,60.3,14,15:19.0,101978
85,1,00:00.0,00:00.0,25,25,60,59.5,14,15:19.0,101979
85,1,30:00.0,30:00.0,25,25,60,59.3,14,15:19.0,101980
85,1,00:00.0,00:00.0,25,25,60,59.3,14,15:19.0,101981
85,1,30:00.0,30:00.0,25,24.9,60,59.5,14,15:19.0,101982
85,1,00:00.0,00:00.0,25,24.9,60,60.4,14,15:19.0,101983
85,1,30:00.0,30:00.0,25,25,60,59.6,14,15:19.0,101984
85,1,00:00.0,00:00.0,25,24.9,60,59.7,14,15:19.0,101985
85,1,30:00.0,30:00.0,25,24.9,60,58.6,14,15:19.0,101986
85,1,00:00.0,00:00.0,25,24.9,60,60.2,14,15:19.0,101987
85,1,30:00.0,30:00.0,25,24.9,60,59.2,14,15:19.0,101988
85,1,00:00.0,00:00.0,25,24.9,60,58.9,14,15:19.0,101989
85,1,30:00.0,30:00.0,25,24.9,60,61.1,14,15:19.0,101990
85,1,00:00.0,00:00.0,25,24.9,60,60.1,14,15:19.0,101991
85,1,30:00.0,30:00.0,25,24.9,60,60.6,14,15:19.0,101992
85,1,00:00.0,00:00.0,25,24.9,60,60.2,14,15:19.0,101993
85,1,30:00.0,30:00.0,25,24.9,60,60.1,14,15:19.0,101994
85,1,00:00.0,00:00.0,25,24.9,60,61.5,14,15:19.0,101995
85,1,30:00.0,30:00.0,25,24.9,60,61,14,15:19.0,101996
85,1,00:00.0,00:00.0,25,24.9,60,60,14,15:19.0,101997
85,1,30:00.0,30:00.0,25,24.9,60,59.7,14,15:19.0,101998
85,1,00:00.0,00:00.0,25,24.9,60,59.9,14,15:19.0,101999
85,1,30:00.0,30:00.0,25,24.9,60,60.2,14,15:19.0,102000
85,1,00:00.0,00:00.0,25,24.9,60,59.8,14,15:19.0,102002
85,1,30:00.0,30:00.0,25,24.9,60,59.7,14,15:19.0,102003
85,1,00:00.0,00:00.0,25,24.9,60,59.5,14,15:19.0,102004
85,1,00:00.0,00:00.0,25,28.4,60,68.8,14,34:05.0,105113
85,1,30:00.0,30:00.0,25,24.9,60,60.1,14,15:19.0,102006
85,1,00:00.0,00:00.0,25,24.9,60,60.2,14,15:19.0,102007
85,1,30:00.0,30:00.0,25,24.9,60,60.3,14,15:19.0,102008
85,1,00:00.0,00:00.0,25,24.9,60,58.9,14,46:20.0,100289
85,1,00:00.0,00:00.0,25,24.9,60,59.6,14,46:20.0,100305
85,1,00:00.0,00:00.0,25,24.9,60,60.5,14,46:20.0,100321
85,1,00:00.0,00:00.0,25,24.9,60,59.4,14,46:20.0,100327
85,1,30:00.0,30:00.0,25,25,60,59.7,14,46:20.0,100337
85,1,00:00.0,00:00.0,25,25.1,60,60.4,14,46:20.0,100348
85,1,00:00.0,00:00.0,25,25.1,60,59.7,14,46:20.0,100362
85,1,00:00.0,00:00.0,25,25,60,60.3,14,46:20.0,100371
85,1,00:00.0,00:00.0,25,25,60,60.3,14,46:20.0,100381
85,1,00:00.0,00:00.0,25,25.1,60,60.1,14,46:20.0,100395
85,1,30:00.0,30:00.0,25,25,60,59.5,14,46:20.0,100404
85,1,00:00.0,00:00.0,25,25,60,59.3,14,46:20.0,100413
85,2,00:00.0,00:00.0,40,40,75,74.6,14,51:49.0,100425
85,2,00:00.0,00:00.0,40,40,75,74.7,14,51:49.0,100446
85,1,30:00.0,30:00.0,25,24.9,60,58.9,14,21:53.0,100632
85,2,00:00.0,00:00.0,40,40,75,74.4,14,51:49.0,100470
85,2,30:00.0,30:00.0,40,39.9,75,74.9,14,51:49.0,100481
85,2,30:00.0,30:00.0,40,40,75,74.4,14,51:49.0,100495
85,2,00:00.0,00:00.0,40,40,75,74.9,14,51:49.0,100504
85,2,30:00.0,30:00.0,40,40,75,74.8,14,51:49.0,100515
85,2,00:00.0,00:00.0,40,40,75,75,14,51:49.0,100528
85,2,30:00.0,30:00.0,40,40.1,75,75,14,51:49.0,100537
85,2,30:00.0,30:00.0,40,40,75,74.8,14,51:49.0,100547
85,2,30:00.0,30:00.0,40,39.9,75,75,14,51:49.0,100559
85,2,30:00.0,30:00.0,40,39.9,75,75.1,14,51:49.0,100569
85,2,00:00.0,00:00.0,40,39.9,75,74.7,14,51:49.0,100578
85,2,30:00.0,30:00.0,40,40,75,75.5,14,51:49.0,100593
85,2,00:00.0,00:00.0,40,39.9,75,75.2,14,51:49.0,100606
85,2,00:00.0,00:00.0,40,40.1,75,75.5,14,51:49.0,100616
85,2,00:00.0,00:00.0,40,39.1,75,74.9,12,27:01.0,103685
85,2,30:00.0,30:00.0,40,40.1,75,77.9,12,27:01.0,103696
85,1,30:00.0,30:00.0,25,25.1,60,60.7,12,00:41.0,103704
85,1,00:00.0,00:00.0,25,25,60,59.8,12,00:41.0,103721
85,1,00:00.0,00:00.0,25,24.9,60,60,12,00:41.0,103737
85,2,00:00.0,00:00.0,40,40.1,75,73.7,12,04:15.0,103769
85,2,00:00.0,00:00.0,40,39.7,75,76.1,12,04:15.0,103789
85,1,30:00.0,30:00.0,25,24.9,60,60,14,01:00.0,103802
85,1,00:00.0,00:00.0,25,25.1,60,60,14,01:00.0,104007
85,1,00:00.0,00:00.0,25,25.1,60,60.1,14,01:00.0,104025
85,1,30:00.0,30:00.0,25,25.1,60,60.3,14,01:00.0,104026
85,1,30:00.0,30:00.0,25,25.1,60,59.7,12,03:59.0,104032
85,1,30:00.0,30:00.0,25,31,60,89.2,14,34:05.0,105083
85,1,00:00.0,00:00.0,25,25.1,60,60.7,12,03:59.0,104034
85,1,30:00.0,30:00.0,25,25.1,60,59.7,12,03:59.0,104035
85,1,00:00.0,00:00.0,25,25.1,60,60.4,12,03:59.0,104036
85,1,30:00.0,30:00.0,25,25.1,60,60.3,12,03:59.0,104037
85,1,00:00.0,00:00.0,25,25.1,60,59.7,12,03:59.0,104038
85,1,30:00.0,30:00.0,25,25.1,60,60.9,12,03:59.0,104039
85,1,00:00.0,00:00.0,25,25.1,60,60.1,12,03:59.0,104040
85,1,30:00.0,30:00.0,25,25.1,60,60.6,12,03:59.0,104041
85,1,00:00.0,00:00.0,25,25.1,60,60.6,12,03:59.0,104042
85,1,30:00.0,30:00.0,25,25.1,60,60.9,12,03:59.0,104043
85,1,00:00.0,00:00.0,25,25.1,60,59.2,12,03:59.0,104044
85,1,30:00.0,30:00.0,25,25.1,60,60.2,12,03:59.0,104045
85,1,00:00.0,00:00.0,25,25.1,60,60.7,12,03:59.0,104046
85,1,30:00.0,30:00.0,25,25.1,60,59.2,12,03:59.0,104047
85,1,00:00.0,00:00.0,25,25.1,60,59.3,12,03:59.0,104048
85,1,30:00.0,30:00.0,25,25.1,60,59.6,12,03:59.0,104049
85,1,00:00.0,00:00.0,25,25,60,60.2,12,03:59.0,104050
85,1,30:00.0,30:00.0,25,25,60,60.1,12,03:59.0,104051
85,1,00:00.0,00:00.0,25,25,60,60.2,12,03:59.0,104052
85,1,30:00.0,30:00.0,25,25.1,60,60.6,12,03:59.0,104053
85,1,00:00.0,00:00.0,25,25,60,60.2,12,03:59.0,104054
85,1,30:00.0,30:00.0,25,25,60,59.4,12,03:59.0,104055
85,1,00:00.0,00:00.0,25,25,60,60.6,12,03:59.0,104056
85,1,30:00.0,30:00.0,25,25,60,60.9,12,03:59.0,104057
85,1,00:00.0,00:00.0,25,25,60,60.2,12,03:59.0,104058
85,1,30:00.0,30:00.0,25,25,60,59.9,12,03:59.0,104059
85,1,00:00.0,00:00.0,25,25,60,60.7,12,03:59.0,104060
85,1,30:00.0,30:00.0,25,25,60,60.1,12,03:59.0,104061
85,1,00:00.0,00:00.0,25,27.8,60,57.2,14,34:05.0,105092
85,1,00:00.0,00:00.0,25,24.9,60,61,12,03:59.0,104063
85,1,30:00.0,30:00.0,25,25,60,60.2,12,03:59.0,104064
85,1,00:00.0,00:00.0,25,25,60,60.2,12,03:59.0,104065
85,1,30:00.0,30:00.0,25,25,60,58.6,12,03:59.0,104066
85,1,00:00.0,00:00.0,25,25,60,59.1,12,03:59.0,104067
85,1,30:00.0,30:00.0,25,24.9,60,59.4,12,03:59.0,104068
85,1,00:00.0,00:00.0,25,24.9,60,58.6,12,03:59.0,104069
85,1,30:00.0,30:00.0,25,25,60,60.8,12,03:59.0,104070
85,1,00:00.0,00:00.0,25,24.9,60,59.8,12,03:59.0,104071
85,1,30:00.0,30:00.0,25,24.9,60,59.6,12,03:59.0,104072
85,1,00:00.0,00:00.0,25,24.9,60,59.3,12,03:59.0,104073
85,1,30:00.0,30:00.0,25,24.9,60,59.7,12,03:59.0,104074
85,1,00:00.0,00:00.0,25,24.9,60,59.1,12,03:59.0,104075
85,1,30:00.0,30:00.0,25,24.9,60,60.8,12,03:59.0,104076
85,1,00:00.0,00:00.0,25,24.9,60,58.9,12,03:59.0,104077
85,1,30:00.0,30:00.0,25,24.9,60,59.9,12,03:59.0,104078
85,1,00:00.0,00:00.0,25,24.8,60,60.4,12,03:59.0,104079
85,1,30:00.0,30:00.0,25,24.9,60,60.7,12,03:59.0,104080
85,1,00:00.0,00:00.0,25,25,60,59.7,12,03:59.0,104081
85,1,30:00.0,30:00.0,25,24.9,60,59.8,12,03:59.0,104082
85,1,00:00.0,00:00.0,25,24.8,60,60.8,12,03:59.0,104083
85,1,30:00.0,30:00.0,25,24.9,60,60.7,12,03:59.0,104084
85,1,30:00.0,30:00.0,25,24.9,60,60.6,14,46:20.0,100284
85,1,30:00.0,30:00.0,25,24.9,60,61.1,14,46:20.0,100300
85,1,30:00.0,30:00.0,25,25,60,59.8,14,46:20.0,100316
85,1,00:00.0,00:00.0,25,24.9,60,59.6,14,46:20.0,100323
85,1,30:00.0,30:00.0,25,25,60,60.2,14,46:20.0,100333
85,1,00:00.0,00:00.0,25,25,60,60.2,14,46:20.0,100334
85,1,00:00.0,00:00.0,25,25,60,58.9,14,46:20.0,100338
85,1,30:00.0,30:00.0,25,25.1,60,61.9,14,46:20.0,100349
85,1,00:00.0,00:00.0,25,25.1,60,60.2,14,46:20.0,100350
85,1,30:00.0,30:00.0,25,25.1,60,60.1,14,46:20.0,100351
85,1,00:00.0,00:00.0,25,24.9,60,60.6,14,21:53.0,100627
85,1,30:00.0,30:00.0,25,25.1,60,61.4,14,46:20.0,100366
85,1,30:00.0,30:00.0,25,25.2,60,60.9,14,46:20.0,100368
85,1,00:00.0,00:00.0,25,25.1,60,59.4,14,46:20.0,100375
85,1,30:00.0,30:00.0,25,25.1,60,59.8,14,46:20.0,100380
85,1,30:00.0,30:00.0,25,25.1,60,59.8,14,46:20.0,100384
85,1,30:00.0,30:00.0,25,25.1,60,58.8,14,46:20.0,100390
85,1,00:00.0,00:00.0,25,25.1,60,59.4,14,46:20.0,100391
85,1,00:00.0,00:00.0,25,25,60,60.5,14,46:20.0,100401
85,1,00:00.0,00:00.0,25,25,60,60.2,14,46:20.0,100403
85,1,00:00.0,00:00.0,25,24.9,60,59.7,14,46:20.0,100405
85,1,00:00.0,00:00.0,25,24.9,60,59.1,14,46:20.0,100411
85,1,00:00.0,00:00.0,25,24.9,60,60.3,14,46:20.0,100415
85,1,30:00.0,30:00.0,25,24.9,60,61.9,14,46:20.0,100416
85,1,00:00.0,00:00.0,25,24.9,60,60.5,14,46:20.0,100421
85,2,00:00.0,00:00.0,40,39.9,75,74.9,14,51:49.0,100429
85,2,00:00.0,00:00.0,40,40.1,75,74.9,14,51:49.0,100431
85,2,30:00.0,30:00.0,40,40,75,75.2,14,51:49.0,100442
85,2,00:00.0,00:00.0,40,40.1,75,75.1,14,51:49.0,100452
85,2,30:00.0,30:00.0,40,40,75,75.3,14,51:49.0,100463
85,2,00:00.0,00:00.0,40,40.1,75,74.9,14,51:49.0,100476
85,2,30:00.0,30:00.0,40,40,75,74.8,14,51:49.0,100493
85,2,00:00.0,00:00.0,40,40.1,75,74.7,14,51:49.0,100510
85,2,30:00.0,30:00.0,40,40.1,75,75.1,14,51:49.0,100519
85,2,30:00.0,30:00.0,40,39,75,74.2,14,51:49.0,100527
85,2,30:00.0,30:00.0,40,40,75,75.3,14,51:49.0,100535
85,2,30:00.0,30:00.0,40,39.9,75,75,14,51:49.0,100543
85,1,00:00.0,00:00.0,25,25.1,60,59.5,12,00:41.0,103707
85,2,00:00.0,00:00.0,40,40,75,75.3,14,51:49.0,100562
85,2,00:00.0,00:00.0,40,40,75,75.3,14,51:49.0,100580
85,1,00:00.0,00:00.0,25,24.9,60,59.6,12,00:41.0,103723
85,1,00:00.0,00:00.0,25,24.9,60,60.4,12,00:41.0,103739
85,1,00:00.0,00:00.0,25,24.9,60,60,12,00:41.0,103747
85,1,00:00.0,00:00.0,25,24.9,60,60.1,12,00:41.0,103753
85,2,30:00.0,30:00.0,40,40,75,77.4,12,04:15.0,103762
85,2,30:00.0,30:00.0,40,40,75,77.2,12,04:15.0,103776
85,2,30:00.0,30:00.0,40,38.8,75,74.3,12,04:15.0,103788
85,1,30:00.0,30:00.0,25,24.9,60,59.2,14,01:00.0,103804
85,2,30:00.0,30:00.0,40,40,75,75,12,55:26.0,104456
85,1,00:00.0,00:00.0,25,25.1,60,59.8,14,01:00.0,104010
85,1,00:00.0,00:00.0,25,25.1,60,60.3,14,01:00.0,104027
85,1,30:00.0,30:00.0,25,25.1,60,60,14,01:00.0,104028
85,1,00:00.0,00:00.0,25,25.1,60,60.3,14,01:00.0,104029
85,1,30:00.0,30:00.0,25,25.1,60,60.1,14,01:00.0,104030
85,1,30:00.0,30:00.0,25,24.9,60,59.7,12,10:34.0,104190
85,1,00:00.0,00:00.0,25,24.9,60,60,12,10:34.0,104206
85,1,30:00.0,30:00.0,25,25,60,59.4,12,10:34.0,104222
85,1,30:00.0,30:00.0,25,25,60,60.3,12,10:34.0,104230
85,1,00:00.0,00:00.0,25,25.1,60,60.4,12,10:34.0,104238
85,1,00:00.0,00:00.0,25,25.1,60,60.1,12,10:34.0,104248
85,1,00:00.0,00:00.0,25,25.1,60,60,12,10:34.0,104258
85,1,00:00.0,00:00.0,25,25.1,60,59.9,12,10:34.0,104268
85,2,00:00.0,00:00.0,40,40,75,75.6,12,15:36.0,104275
85,2,30:00.0,30:00.0,40,40,75,75.9,12,15:36.0,104278
85,2,30:00.0,30:00.0,40,40.1,75,76.5,12,15:36.0,104292
85,2,00:00.0,00:00.0,40,39.2,75,74.5,12,15:36.0,104309
85,2,30:00.0,30:00.0,40,40,75,73.4,12,15:36.0,104330
85,2,30:00.0,30:00.0,40,40.1,75,74.9,12,15:36.0,104342
85,2,30:00.0,30:00.0,40,40,75,76.6,12,15:36.0,104350
85,2,30:00.0,30:00.0,40,40.3,75,76.5,12,15:36.0,104374
85,2,30:00.0,30:00.0,40,40.3,75,75.2,12,15:36.0,104386
85,2,00:00.0,00:00.0,40,38.8,75,75.2,12,15:36.0,104400
85,2,30:00.0,30:00.0,40,40,75,74.8,12,15:36.0,104411
85,2,30:00.0,30:00.0,40,38.1,75,75.8,12,15:36.0,104413
85,2,30:00.0,30:00.0,40,40.1,75,74.6,12,15:36.0,104420
85,2,00:00.0,00:00.0,40,40,75,74.8,12,15:36.0,104423
85,2,30:00.0,30:00.0,40,39.8,75,74.9,12,49:27.0,104427
85,2,30:00.0,30:00.0,40,40,75,75.3,12,55:26.0,104460
85,2,30:00.0,30:00.0,40,40,75,75,12,55:26.0,104465
85,2,30:00.0,30:00.0,40,40.2,75,75.1,12,55:26.0,104471
85,1,30:00.0,30:00.0,25,27.8,60,55.6,14,34:05.0,105093
85,1,30:00.0,30:00.0,25,28,60,68.9,14,34:05.0,105101
85,1,00:00.0,00:00.0,25,25.7,60,58.3,14,34:05.0,105107
85,1,30:00.0,30:00.0,25,26.6,60,61,14,34:05.0,105110
85,1,00:00.0,00:00.0,25,23.6,60,59.7,14,34:05.0,105132
85,1,00:00.0,00:00.0,25,27.3,60,54.7,14,34:05.0,105136
85,1,30:00.0,30:00.0,25,25.5,60,60.1,14,34:05.0,105150
85,1,00:00.0,00:00.0,25,25.2,60,59.5,14,34:05.0,105151
85,1,00:00.0,00:00.0,25,27.5,60,75.9,14,34:05.0,105169
85,1,00:00.0,00:00.0,25,25,60,68.7,14,34:05.0,105173
85,1,30:00.0,30:00.0,25,25.6,60,58,14,34:05.0,105179
85,1,30:00.0,30:00.0,25,27.6,60,58.6,14,34:05.0,105191
85,1,30:00.0,30:00.0,25,24.9,60,60.1,14,46:20.0,100282
85,1,30:00.0,30:00.0,25,24.9,60,60,14,46:20.0,100298
85,1,30:00.0,30:00.0,25,24.9,60,60.3,14,46:20.0,100314
85,2,00:00.0,00:00.0,40,39.8,75,75.4,14,51:49.0,100439
85,2,30:00.0,30:00.0,40,40,75,75.5,14,51:49.0,100455
85,2,30:00.0,30:00.0,40,40,75,75,14,51:49.0,100469
85,2,30:00.0,30:00.0,40,40.1,75,74.6,14,51:49.0,100479
85,2,30:00.0,30:00.0,40,40,75,75.2,14,51:49.0,100489
85,2,30:00.0,30:00.0,40,40,75,75.4,14,51:49.0,100503
85,2,30:00.0,30:00.0,40,39.9,75,74.7,14,51:49.0,100513
85,2,30:00.0,30:00.0,40,40.1,75,74.8,14,51:49.0,100525
85,2,00:00.0,00:00.0,40,40,75,75.1,14,51:49.0,100540
85,2,00:00.0,00:00.0,40,40,75,75.1,14,51:49.0,100556
85,2,30:00.0,30:00.0,40,40,75,75.4,14,51:49.0,100571
85,2,00:00.0,00:00.0,40,40,75,74.8,14,51:49.0,100584
85,1,30:00.0,30:00.0,25,24.9,60,60,14,21:53.0,100624
85,1,30:00.0,30:00.0,25,24.9,60,60.4,14,21:53.0,100640
85,2,30:00.0,30:00.0,40,40,75,76.5,12,27:01.0,103678
85,2,30:00.0,30:00.0,40,40.1,75,76.4,12,27:01.0,103698
85,1,30:00.0,30:00.0,25,25.1,60,59.8,12,00:41.0,103716
85,1,30:00.0,30:00.0,25,24.9,60,59.5,12,00:41.0,103732
85,1,00:00.0,00:00.0,25,24.9,60,59.9,12,00:41.0,103749
85,2,00:00.0,00:00.0,40,40.2,75,75.3,12,04:15.0,103767
85,2,00:00.0,00:00.0,40,38.2,75,75.2,12,04:15.0,103783
85,2,30:00.0,30:00.0,40,40,75,75.5,12,04:15.0,103798
85,1,30:00.0,30:00.0,25,24.9,60,59.8,12,10:34.0,104199
85,1,30:00.0,30:00.0,25,25.1,60,60,14,04:49.0,104776
85,1,00:00.0,00:00.0,25,25,60,59.9,12,10:34.0,104233
85,1,30:00.0,30:00.0,25,25,60,60.7,12,10:34.0,104247
85,1,30:00.0,30:00.0,25,25.1,60,60,12,10:34.0,104255
85,1,30:00.0,30:00.0,25,25.1,60,59.8,12,10:34.0,104267
85,2,30:00.0,30:00.0,40,40,75,77,12,15:36.0,104286
85,1,00:00.0,00:00.0,25,24.9,60,59.7,14,04:49.0,104793
85,2,00:00.0,00:00.0,40,40.3,75,76.5,12,15:36.0,104317
85,2,00:00.0,00:00.0,40,40.1,75,74.2,12,15:36.0,104331
85,2,00:00.0,00:00.0,40,40,75,74.4,12,15:36.0,104343
85,1,30:00.0,30:00.0,25,24.9,60,59.7,14,04:49.0,104802
85,1,30:00.0,30:00.0,25,24.9,60,59.7,14,04:49.0,104813
85,1,30:00.0,30:00.0,25,24.9,60,59.4,14,04:49.0,104823
85,1,30:00.0,30:00.0,25,24.9,60,59.9,14,04:49.0,104833
85,1,30:00.0,30:00.0,25,24.9,60,60,14,04:49.0,104841
85,1,30:00.0,30:00.0,25,25,60,60.1,14,04:49.0,104849
85,1,30:00.0,30:00.0,25,24.9,60,59.5,14,29:14.0,104911
85,1,00:00.0,00:00.0,25,24.9,60,60.1,14,29:14.0,104923
85,1,00:00.0,00:00.0,25,25,60,59.5,14,34:05.0,104946
85,1,30:00.0,30:00.0,25,25,60,59.9,14,34:05.0,104959
85,1,30:00.0,30:00.0,25,25.1,60,60.3,14,34:05.0,104982
85,1,30:00.0,30:00.0,25,29.5,60,63.2,14,34:05.0,105006
85,1,00:00.0,00:00.0,25,29,60,86,14,34:05.0,105024
85,1,00:00.0,00:00.0,25,28.2,60,73.1,14,34:05.0,105046
85,1,30:00.0,30:00.0,25,29.9,60,86.5,14,34:05.0,105069
85,1,30:00.0,30:00.0,25,29,60,57,14,34:05.0,105081
85,1,00:00.0,00:00.0,25,27.2,60,62.2,14,34:05.0,105096
85,1,00:00.0,00:00.0,25,27.1,60,62.1,14,34:05.0,105109
85,1,00:00.0,00:00.0,25,27.6,60,61.2,14,34:05.0,105126
85,1,30:00.0,30:00.0,25,27.2,60,54.9,14,34:05.0,105146
85,1,30:00.0,30:00.0,25,27.9,60,67.5,14,34:05.0,105156
85,1,30:00.0,30:00.0,25,27.7,60,79.3,14,34:05.0,105174
85,1,00:00.0,00:00.0,25,29.8,60,86.6,14,34:05.0,105194
85,1,30:00.0,30:00.0,25,24.9,60,74.8,14,34:05.0,105211
85,1,30:00.0,30:00.0,25,32.6,60,87.2,14,34:05.0,105223
85,2,30:00.0,30:00.0,40,40,75,73,14,45:58.0,105239
85,2,00:00.0,00:00.0,40,40,75,75.3,14,45:58.0,105255
85,2,00:00.0,00:00.0,40,40,75,75.4,14,45:58.0,105277
85,2,00:00.0,00:00.0,40,40,75,74.6,14,45:58.0,105296
85,2,30:00.0,30:00.0,40,40,75,80.1,14,21:37.0,105660
85,2,30:00.0,30:00.0,40,40.1,75,78.7,14,21:37.0,105664
85,2,30:00.0,30:00.0,40,40,75,77.4,14,21:37.0,105668
85,2,30:00.0,30:00.0,40,40,75,75.8,14,21:37.0,105672
85,2,30:00.0,30:00.0,40,40,75,74.5,14,21:37.0,105676
85,2,30:00.0,30:00.0,40,40,75,77.4,14,21:37.0,105681
85,2,30:00.0,30:00.0,40,40.1,75,76.7,14,21:37.0,105685
85,2,00:00.0,00:00.0,40,40,75,80.1,14,21:37.0,105688
85,2,00:00.0,00:00.0,40,40.1,75,78.7,14,21:37.0,105690
85,2,30:00.0,30:00.0,40,40,75,77.3,14,21:37.0,105693
85,2,30:00.0,30:00.0,40,40.1,75,77,14,21:37.0,105695
85,2,00:00.0,00:00.0,40,40.1,75,77.6,14,21:37.0,105700
85,2,30:00.0,30:00.0,40,40,75,75,14,21:37.0,105705
85,2,30:00.0,30:00.0,40,40,75,75.2,14,21:37.0,105709
85,2,30:00.0,30:00.0,40,39.9,75,73.9,14,21:37.0,105712
85,2,00:00.0,00:00.0,40,40,75,79,14,21:37.0,105715
2,2,30:00.0,30:00.0,59,-839.5,0,0,15,09:49.0,105718
2,2,35:00.0,35:00.0,59,-839.5,0,0,15,09:49.0,105719
2,2,40:00.0,40:00.0,59,-839.5,0,0,15,11:23.0,105720
2,2,42:00.0,42:00.0,40,-839.5,0,0,15,45:30.0,105828
2,2,50:00.0,50:00.0,59,-839.5,0,0,15,15:10.0,105723
2,2,54:00.0,54:00.0,0.2,0,0,0,15,15:10.0,105724
2,2,52:00.0,52:00.0,0.2,0,0,0,15,15:10.0,105726
2,2,53:00.0,53:00.0,0.1,0,0,0,15,15:10.0,105728
2,2,44:00.0,44:00.0,40,-839.5,0,0,15,45:30.0,105829
2,2,03:00.0,03:00.0,59,-839.5,0,0,15,15:10.0,105734
2,2,10:00.0,10:00.0,40,-839.5,0,0,15,15:10.0,105737
2,2,15:00.0,15:00.0,40,-839.5,0,0,15,15:10.0,105738
2,2,19:00.0,19:00.0,1.6,0,0,0,15,15:10.0,105740
2,2,20:00.0,20:00.0,40,-839.5,0,0,15,15:10.0,105741
2,2,30:00.0,30:00.0,40,-839.5,0,0,15,15:10.0,105743
2,2,40:00.0,40:00.0,40,-839.5,0,0,15,15:10.0,105745
2,2,43:00.0,43:00.0,0.2,0,0,0,15,15:10.0,105746
2,2,50:00.0,50:00.0,40,-839.5,0,0,15,15:10.0,105748
2,2,55:00.0,55:00.0,40,-839.5,0,0,15,15:10.0,105750
2,2,03:00.0,03:00.0,0.2,0,0,0,15,15:10.0,105752
2,2,04:00.0,04:00.0,40,-839.5,0,0,15,15:10.0,105755
2,2,10:00.0,10:00.0,40,-839.5,0,0,15,15:10.0,105757
2,2,20:00.0,20:00.0,40,-839.5,0,0,15,23:20.0,105759
2,2,25:00.0,25:00.0,40,-839.5,0,0,15,32:55.0,105760
2,2,46:00.0,46:00.0,40,-839.5,0,0,15,51:10.0,105830
2,2,30:00.0,30:00.0,1.6,0,0,0,15,32:55.0,105763
2,2,33:00.0,33:00.0,1.6,0,0,0,15,32:55.0,105765
2,2,35:00.0,35:00.0,40,-839.5,0,0,15,35:15.0,105767
2,2,45:00.0,45:00.0,40,-839.5,0,0,15,52:45.0,105769
2,2,50:00.0,50:00.0,40,-839.5,0,0,15,52:45.0,105770
2,2,54:00.0,54:00.0,3.2,0,0,0,15,54:33.0,105771
2,2,48:00.0,48:00.0,40,-839.5,0,0,15,51:10.0,105831
2,2,56:00.0,56:00.0,40,-839.5,0,0,15,55:59.0,105773
2,2,50:00.0,50:00.0,40,-839.5,0,0,15,51:10.0,105832
2,2,45:00.0,45:00.0,59,-839.5,0,0,15,15:10.0,105722
2,2,51:00.0,51:00.0,0.2,0,0,0,15,15:10.0,105725
2,2,52:00.0,52:00.0,40,-839.5,0,0,15,52:10.0,105833
2,2,55:00.0,55:00.0,59,-839.5,0,0,15,15:10.0,105729
2,2,59:00.0,59:00.0,0.1,0,0,0,15,15:10.0,105732
2,2,00:00.0,00:00.0,59,-839.5,0,0,15,15:10.0,105733
2,2,05:00.0,05:00.0,40,-839.5,0,0,15,15:10.0,105736
2,2,20:00.0,20:00.0,40,-839.5,0,0,15,15:10.0,105739
2,2,25:00.0,25:00.0,40,-839.5,0,0,15,15:10.0,105742
2,2,35:00.0,35:00.0,40,-839.5,0,0,15,15:10.0,105744
2,2,49:00.0,49:00.0,0.1,0,0,0,15,15:10.0,105747
2,2,53:00.0,53:00.0,40,-839.5,0,0,15,15:10.0,105749
2,2,00:00.0,00:00.0,40,-839.5,0,0,15,15:10.0,105751
2,2,00:00.0,00:00.0,0.1,0,0,0,15,15:10.0,105753
2,2,05:00.0,05:00.0,40,-839.5,0,0,15,15:10.0,105756
2,2,15:00.0,15:00.0,40,-839.5,0,0,15,15:10.0,105758
2,2,27:00.0,27:00.0,0.1,0,0,0,15,32:55.0,105762
2,2,18:00.0,18:00.0,40,-839.5,0,0,15,24:51.0,105846
2,2,34:00.0,34:00.0,40,-839.5,0,0,15,34:32.0,105766
2,2,40:00.0,40:00.0,40,-839.5,0,0,15,52:45.0,105768
2,2,02:00.0,02:00.0,40,-839.5,0,0,15,06:01.0,105776
2,2,04:00.0,04:00.0,40,-839.5,0,0,15,06:31.0,105778
2,2,06:00.0,06:00.0,40,-839.5,0,0,15,06:31.0,105779
2,2,10:00.0,10:00.0,40,-839.5,0,0,15,10:06.0,105781
2,2,14:00.0,14:00.0,40,-839.5,0,0,15,36:32.0,105783
2,2,20:00.0,20:00.0,40,-839.5,0,0,15,24:51.0,105847
2,2,20:00.0,20:00.0,40,-839.5,0,0,15,36:32.0,105787
2,2,24:00.0,24:00.0,40,-839.5,0,0,15,36:32.0,105789
2,2,28:00.0,28:00.0,40,-839.5,0,0,15,36:32.0,105791
2,2,36:00.0,36:00.0,40,-839.5,0,0,15,36:32.0,105795
2,2,40:00.0,40:00.0,40,-839.5,0,0,15,36:32.0,105797
2,2,44:00.0,44:00.0,40,-839.5,0,0,15,36:32.0,105799
2,2,46:00.0,46:00.0,40,-839.5,0,0,15,36:32.0,105800
2,2,50:00.0,50:00.0,40,-839.5,0,0,15,36:32.0,105802
2,2,54:00.0,54:00.0,40,-839.5,0,0,15,36:32.0,105804
2,2,58:00.0,58:00.0,40,-839.5,0,0,15,36:32.0,105806
2,2,00:00.0,00:00.0,40,-839.5,0,0,15,36:32.0,105807
2,2,04:00.0,04:00.0,40,-839.5,0,0,15,36:32.0,105809
2,2,08:00.0,08:00.0,40,-839.5,0,0,15,36:32.0,105811
2,2,12:00.0,12:00.0,40,-839.5,0,0,15,36:32.0,105813
2,2,18:00.0,18:00.0,40,-839.5,0,0,15,36:32.0,105816
2,2,22:00.0,22:00.0,40,-839.5,0,0,15,36:32.0,105818
2,2,26:00.0,26:00.0,40,-839.5,0,0,15,36:32.0,105820
2,2,30:00.0,30:00.0,40,-839.5,0,0,15,36:32.0,105822
2,2,32:00.0,32:00.0,40,-839.5,0,0,15,36:32.0,105823
2,2,36:00.0,36:00.0,40,-839.5,0,0,15,36:32.0,105825
2,2,40:00.0,40:00.0,40,-839.5,0,0,15,40:17.0,105827
2,2,26:00.0,26:00.0,40,-839.5,0,0,15,26:23.0,105850
2,2,34:00.0,34:00.0,40,-839.5,0,0,15,34:18.0,105854
2,2,36:00.0,36:00.0,40,-839.5,0,0,15,36:21.0,105855
2,2,40:00.0,40:00.0,40,-839.5,0,0,15,40:09.0,105857
2,2,44:00.0,44:00.0,40,-839.5,0,0,12,27:42.0,105859
2,2,46:00.0,46:00.0,40,-839.5,0,0,12,27:42.0,105860
2,2,48:00.0,48:00.0,40,-839.5,0,0,12,27:42.0,105861
2,2,08:00.0,08:00.0,40,-839.5,0,0,12,25:16.0,106846
2,2,10:00.0,10:00.0,40,-839.5,0,0,12,25:16.0,106847
2,2,12:00.0,12:00.0,40,-839.5,0,0,12,25:16.0,106848
2,2,14:00.0,14:00.0,40,-839.5,0,0,12,25:16.0,106849
2,2,16:00.0,16:00.0,40,-839.5,0,0,12,25:49.0,106851
2,2,18:00.0,18:00.0,40,-839.5,0,0,12,25:49.0,106852
2,2,22:00.0,22:00.0,40,-839.5,0,0,12,25:49.0,106854
2,2,26:00.0,26:00.0,40,-839.5,0,0,12,25:49.0,106856
2,2,48:00.0,48:00.0,40,-839.5,0,0,12,21:00.0,107846
2,2,57:00.0,57:00.0,59,-839.5,0,0,15,15:10.0,105730
2,2,24:00.0,24:00.0,40,-839.5,0,0,12,25:49.0,106855
2,2,30:00.0,30:00.0,40,-839.5,0,0,15,36:32.0,105792
2,2,14:00.0,14:00.0,40,-839.5,0,0,15,36:32.0,105814
2,2,58:00.0,58:00.0,40,-839.5,0,0,15,58:15.0,105774
2,2,00:00.0,00:00.0,40,-839.5,0,0,15,06:01.0,105775
2,2,54:00.0,54:00.0,40,-839.5,0,0,15,17:34.0,105834
2,2,12:00.0,12:00.0,40,-839.5,0,0,15,12:09.0,105782
2,2,16:00.0,16:00.0,40,-839.5,0,0,15,36:32.0,105784
2,2,42:00.0,42:00.0,40,-839.5,0,0,15,36:32.0,105798
2,2,56:00.0,56:00.0,40,-839.5,0,0,15,36:32.0,105805
2,2,28:00.0,28:00.0,40,-839.5,0,0,15,36:32.0,105821
2,2,56:00.0,56:00.0,40,-839.5,0,0,15,17:34.0,105835
2,2,58:00.0,58:00.0,40,-839.5,0,0,15,17:34.0,105836
2,2,00:00.0,00:00.0,40,-839.5,0,0,15,17:34.0,105837
2,2,02:00.0,02:00.0,40,-839.5,0,0,15,17:34.0,105838
2,2,04:00.0,04:00.0,40,-839.5,0,0,15,17:34.0,105839
2,2,06:00.0,06:00.0,40,-839.5,0,0,15,17:34.0,105840
2,2,08:00.0,08:00.0,40,-839.5,0,0,15,17:34.0,105841
2,2,10:00.0,10:00.0,40,-839.5,0,0,15,17:34.0,105842
2,2,12:00.0,12:00.0,40,-839.5,0,0,15,17:34.0,105843
2,2,14:00.0,14:00.0,40,-839.5,0,0,15,17:34.0,105844
2,2,16:00.0,16:00.0,40,-839.5,0,0,15,17:34.0,105845
2,2,22:00.0,22:00.0,40,-839.5,0,0,15,24:51.0,105848
2,2,32:00.0,32:00.0,40,-839.5,0,0,15,32:13.0,105853
2,2,42:00.0,42:00.0,40,-839.5,0,0,15,42:19.0,105858
2,2,20:00.0,20:00.0,40,-839.5,0,0,12,25:49.0,106853
2,2,50:00.0,50:00.0,40,-839.5,0,0,12,21:00.0,107847
2,2,08:00.0,08:00.0,40,-839.5,0,0,15,08:01.0,105780
2,2,18:00.0,18:00.0,40,-839.5,0,0,15,36:32.0,105786
2,2,22:00.0,22:00.0,40,-839.5,0,0,15,36:32.0,105788
2,2,26:00.0,26:00.0,40,-839.5,0,0,15,36:32.0,105790
2,2,34:00.0,34:00.0,40,-839.5,0,0,15,36:32.0,105794
2,2,38:00.0,38:00.0,40,-839.5,0,0,15,36:32.0,105796
2,2,48:00.0,48:00.0,40,-839.5,0,0,15,36:32.0,105801
2,2,52:00.0,52:00.0,40,-839.5,0,0,15,36:32.0,105803
2,2,02:00.0,02:00.0,40,-839.5,0,0,15,36:32.0,105808
2,2,06:00.0,06:00.0,40,-839.5,0,0,15,36:32.0,105810
2,2,10:00.0,10:00.0,40,-839.5,0,0,15,36:32.0,105812
2,2,20:00.0,20:00.0,40,-839.5,0,0,15,36:32.0,105817
2,2,24:00.0,24:00.0,40,-839.5,0,0,15,36:32.0,105819
2,2,34:00.0,34:00.0,40,-839.5,0,0,15,36:32.0,105824
2,2,38:00.0,38:00.0,40,-839.5,0,0,15,36:32.0,105826
2,2,24:00.0,24:00.0,40,-839.5,0,0,15,24:51.0,105849
2,2,28:00.0,28:00.0,40,-839.5,0,0,15,28:06.0,105851
2,2,30:00.0,30:00.0,40,-839.5,0,0,15,30:10.0,105852
2,2,38:00.0,38:00.0,40,-839.5,0,0,15,38:05.0,105856
2,2,32:00.0,32:00.0,40,-839.5,0,0,15,36:32.0,105793
2,2,16:00.0,16:00.0,40,-839.5,0,0,15,36:32.0,105815
